global_target_layer,current_layer,layer_status,skip_reason,layer_iter,loss_before_iter,loss_after_iter,heater_label,heater_role,heater_port,mzi_id,arm_index,voltage_before,voltage_after,gradient,accepted,line_search_trials,lr_used
7,2,optimized,,0,0.0033488408243023716,0.0033430783323464587,MZI5_arm0,current_layer,11,5,0,3.404,3.404684400199472,-0.0068440019947211585,True,1,0.1
7,2,optimized,,0,0.0033430783323464587,0.003331015118084129,MZI5_arm1,current_layer,7,5,1,3.658,3.6573440524976624,0.006559475023373465,True,1,0.1
7,2,optimized,,0,0.003331015118084129,0.003327229057832429,MZI6_arm0,current_layer,12,6,0,1.831,1.8302123456765624,0.007876543234374749,True,1,0.1
7,2,optimized,,0,0.003327229057832429,0.0032893506348489927,MZI6_arm1,current_layer,8,6,1,4.616,4.618025328316646,-0.02025328316646107,True,1,0.1
7,2,optimized,,0,0.0032893506348489927,0.003278008527177788,MZI7_arm0,current_layer,13,7,0,3.273,3.2729530410486816,0.0009391790263674022,True,2,0.05
7,2,optimized,,0,0.003278008527177788,0.0032720139926580593,MZI7_arm1,current_layer,9,7,1,3.503,3.5031539569694097,-0.0015395696940948052,True,1,0.1
7,2,optimized,,0,0.0032720139926580593,0.0032720139926580593,MZI1_arm0,previous_layer_compensation,65,1,0,4.694,4.694,-0.0032347534077083223,False,7,0.1
7,2,optimized,,0,0.0032720139926580593,0.003109107934764831,MZI2_arm0,previous_layer_compensation,67,2,0,4.427,4.431317635581094,-0.043176355810948745,True,1,0.1
7,2,optimized,,0,0.003109107934764831,0.003109107934764831,MZI3_arm0,previous_layer_compensation,66,3,0,4.294,4.294,-0.0046895382201381924,False,7,0.1
7,2,optimized,,0,0.003109107934764831,0.003109107934764831,MZI4_arm0,previous_layer_compensation,68,4,0,4.309,4.309,-0.0006676391615824494,False,7,0.1
7,2,optimized,,1,0.0031148872378433004,0.003089445909326605,MZI6_arm1,current_layer,8,6,1,4.618,4.619907003414209,-0.019070034142088035,True,1,0.1
7,2,optimized,,1,0.003089445909326605,0.0030854323323061573,MZI6_arm0,current_layer,12,6,0,1.83,1.8293349010427395,0.006650989572604414,True,1,0.1
7,2,optimized,,1,0.0030854323323061573,0.0030755965365070314,MZI5_arm0,current_layer,11,5,0,3.405,3.405641701837723,-0.006417018377235449,True,1,0.1
7,2,optimized,,1,0.0030755965365070314,0.0030750856164562285,MZI5_arm1,current_layer,7,5,1,3.657,3.656981135833817,0.006036533178498338,True,6,0.003125
7,2,optimized,,1,0.0030750856164562285,0.0030725618512467633,MZI7_arm1,current_layer,9,7,1,3.503,3.5030423361370397,-0.0016934454815929394,True,3,0.025
7,2,optimized,,1,0.0030725618512467633,0.0030671631357365404,MZI7_arm0,current_layer,13,7,0,3.273,3.2729895416462784,0.0008366682977334288,True,4,0.0125
7,2,optimized,,1,0.0030671631357365404,0.0029315130490633026,MZI2_arm0,previous_layer_compensation,67,2,0,4.431,4.434953269629041,-0.03953269629040944,True,1,0.1
7,2,optimized,,1,0.0029315130490633026,0.0029298508557301464,MZI3_arm0,previous_layer_compensation,66,3,0,4.294,4.29421344896803,-0.004268979360611657,True,2,0.05
7,2,optimized,,1,0.0029298508557301464,0.002921636232802116,MZI1_arm0,previous_layer_compensation,65,1,0,4.694,4.694320527859441,-0.003205278594406537,True,1,0.1
7,2,optimized,,1,0.002921636232802116,0.0029189733731654465,MZI4_arm0,previous_layer_compensation,68,4,0,4.309,4.3090204295208405,-0.00040859041681455245,True,2,0.05
7,2,optimized,,2,0.002922237558826029,0.002895820228683215,MZI6_arm1,current_layer,8,6,1,4.62,4.621799738044231,-0.01799738044230773,True,1,0.1
7,2,optimized,,2,0.002895820228683215,0.002885558680829442,MZI6_arm0,current_layer,12,6,0,1.829,1.8283576696776493,0.006423303223505432,True,1,0.1
7,2,optimized,,2,0.002885558680829442,0.0028653139826903583,MZI5_arm0,current_layer,11,5,0,3.406,3.406601041541395,-0.00601041541394781,True,1,0.1
7,2,optimized,,2,0.0028653139826903583,0.0028653139826903583,MZI5_arm1,current_layer,7,5,1,3.657,3.657,0.0057086581958962984,False,7,0.1
7,2,optimized,,2,0.0028653139826903583,0.0026639042068507526,MZI7_arm1,current_layer,9,7,1,3.503,3.503009584503764,-0.0015335206022312913,True,5,0.00625
7,2,optimized,,2,0.0026639042068507526,0.0026639042068507526,MZI7_arm0,current_layer,13,7,0,3.273,3.273,0.0009122969268422974,False,7,0.1
7,2,optimized,,2,0.0026639042068507526,0.0026639042068507526,MZI2_arm0,previous_layer_compensation,67,2,0,4.435,4.435,-0.03700908428882479,False,7,0.1
7,2,optimized,,2,0.0026639042068507526,0.0026639042068507526,MZI3_arm0,previous_layer_compensation,66,3,0,4.294,4.294,-0.004453316710113143,False,7,0.1
7,2,optimized,,2,0.0026639042068507526,0.0026639042068507526,MZI1_arm0,previous_layer_compensation,65,1,0,4.694,4.694,-0.003150368806477174,False,7,0.1
7,2,optimized,,2,0.0026639042068507526,0.0026639042068507526,MZI4_arm0,previous_layer_compensation,68,4,0,4.309,4.309,-0.00031944888772428846,False,7,0.1
7,2,optimized,,3,0.0028821472145700543,0.0028412027457690907,MZI6_arm1,current_layer,8,6,1,4.622,4.623677453342751,-0.016774533427508412,True,1,0.1
7,2,optimized,,3,0.0028412027457690907,0.0028300305081227274,MZI6_arm0,current_layer,12,6,0,1.828,1.8273835446545268,0.006164553454732956,True,1,0.1
7,2,optimized,,3,0.0028300305081227274,0.002828252470207518,MZI5_arm0,current_layer,11,5,0,3.407,3.4076040178116767,-0.006040178116765012,True,1,0.1
7,2,optimized,,3,0.002828252470207518,0.002825593938920758,MZI5_arm1,current_layer,7,5,1,3.657,3.656702672151903,0.005946556961941113,True,2,0.05
7,2,optimized,,3,0.002825593938920758,0.002823449030571196,MZI7_arm1,current_layer,9,7,1,3.503,3.5030082097137694,-0.0013135542030931902,True,5,0.00625
7,2,optimized,,3,0.002823449030571196,0.002822675784557808,MZI7_arm0,current_layer,13,7,0,3.273,3.2729561599902297,0.0008768001954051532,True,2,0.05
7,2,optimized,,3,0.002822675784557808,0.0026879448361138663,MZI2_arm0,previous_layer_compensation,67,2,0,4.435,4.438634681586363,-0.03634681586363497,True,1,0.1
7,2,optimized,,3,0.0026879448361138663,0.002684979776851075,MZI3_arm0,previous_layer_compensation,66,3,0,4.294,4.294450855218355,-0.0045085521835587575,True,1,0.1
7,2,optimized,,3,0.002684979776851075,0.0026814075704031486,MZI1_arm0,previous_layer_compensation,65,1,0,4.694,4.694325152137848,-0.0032515213784861056,True,1,0.1
7,2,optimized,,3,0.0026814075704031486,0.0026655071185165825,MZI4_arm0,previous_layer_compensation,68,4,0,4.309,4.309063380300569,-0.0006338030056879802,True,1,0.1
7,2,optimized,,4,0.0026802410624379423,0.002647694003261225,MZI6_arm1,current_layer,8,6,1,4.624,4.6255605468315295,-0.015605468315299452,True,1,0.1
7,2,optimized,,4,0.002647694003261225,0.0026322027322905855,MZI6_arm0,current_layer,12,6,0,1.827,1.826965827828398,0.005467547456304128,True,5,0.00625
7,2,optimized,,4,0.0026322027322905855,0.0026322027322905855,MZI5_arm0,current_layer,11,5,0,3.408,3.408,-0.005903836143621236,False,7,0.1
7,2,optimized,,4,0.0026322027322905855,0.002624794721931727,MZI5_arm1,current_layer,7,5,1,3.657,3.65686108522567,0.005556590973189517,True,3,0.025
7,2,optimized,,4,0.002624794721931727,0.002624794721931727,MZI7_arm1,current_layer,9,7,1,3.503,3.503,-0.001329444933273156,False,7,0.1
7,2,optimized,,4,0.002624794721931727,0.002624794721931727,MZI7_arm0,current_layer,13,7,0,3.273,3.273,0.0011774744616411474,False,7,0.1
7,2,optimized,,4,0.002624794721931727,0.0025570990255801267,MZI2_arm0,previous_layer_compensation,67,2,0,4.439,4.442326410424667,-0.0332641042466728,True,1,0.1
7,2,optimized,,4,0.0025570990255801267,0.002548701442661129,MZI3_arm0,previous_layer_compensation,66,3,0,4.294,4.2944381400218665,-0.004381400218670736,True,1,0.1
7,2,optimized,,4,0.002548701442661129,0.002546345216514696,MZI1_arm0,previous_layer_compensation,65,1,0,4.694,4.69404047124388,-0.0032376995103988375,True,4,0.0125
7,2,optimized,,4,0.002546345216514696,0.002546345216514696,MZI4_arm0,previous_layer_compensation,68,4,0,4.309,4.309,-0.0005162820865093202,False,7,0.1
7,2,optimized,,5,0.002555279403861896,0.0025491733332334084,MZI6_arm1,current_layer,8,6,1,4.626,4.62748287665071,-0.014828766507093333,True,1,0.1
7,2,optimized,,5,0.0025491733332334084,0.0025418940188423646,MZI5_arm0,current_layer,11,5,0,3.408,3.408574020877957,-0.005740208779571782,True,1,0.1
7,2,optimized,,5,0.0025418940188423646,0.0025288954461861694,MZI5_arm1,current_layer,7,5,1,3.657,3.6564368433118326,0.005631566881672334,True,1,0.1
7,2,optimized,,5,0.0025288954461861694,0.0025262054000279774,MZI6_arm0,current_layer,12,6,0,1.827,1.8267331415082444,0.0053371698351120786,True,2,0.05
7,2,optimized,,5,0.0025262054000279774,0.0025262054000279774,MZI7_arm1,current_layer,9,7,1,3.503,3.503,-0.0016203533591564589,False,7,0.1
7,2,optimized,,5,0.0025262054000279774,0.0025262054000279774,MZI7_arm0,current_layer,13,7,0,3.273,3.273,-0.003432203713408423,False,7,0.1
7,2,optimized,,5,0.0025262054000279774,0.0024406905836001974,MZI2_arm0,previous_layer_compensation,67,2,0,4.442,4.44520077085931,-0.032007708593105574,True,1,0.1
7,2,optimized,,5,0.0024406905836001974,0.0024333236418137222,MZI3_arm0,previous_layer_compensation,66,3,0,4.294,4.294216810230997,-0.0043362046199514675,True,2,0.05
7,2,optimized,,5,0.0024333236418137222,0.0024333236418137222,MZI1_arm0,previous_layer_compensation,65,1,0,4.694,4.694,-0.0033030386171078864,False,7,0.1
7,2,optimized,,5,0.0024333236418137222,0.0024333236418137222,MZI4_arm0,previous_layer_compensation,68,4,0,4.309,4.309,-0.0005533414560297073,False,7,0.1
7,2,optimized,,6,0.00245114541175555,0.0024318775712690094,MZI6_arm1,current_layer,8,6,1,4.627,4.6283947465459585,-0.013947465459584817,True,1,0.1
7,2,optimized,,6,0.0024318775712690094,0.002426960658590202,MZI5_arm0,current_layer,11,5,0,3.409,3.409581361397761,-0.00581361397761076,True,1,0.1
7,2,optimized,,6,0.002426960658590202,0.0024173565169284825,MZI5_arm1,current_layer,7,5,1,3.656,3.6554779337025165,0.005220662974836935,True,1,0.1
7,2,optimized,,6,0.0024173565169284825,0.0024128793310596907,MZI6_arm0,current_layer,12,6,0,1.827,1.8264105909977864,0.005894090022135774,True,1,0.1
7,2,optimized,,6,0.0024128793310596907,0.002405627034177169,MZI7_arm0,current_layer,13,7,0,3.273,3.2729701304087717,0.00119478364914424,True,3,0.025
7,2,optimized,,6,0.002405627034177169,0.002405627034177169,MZI7_arm1,current_layer,9,7,1,3.503,3.503,-0.0015982355412270234,False,7,0.1
7,2,optimized,,6,0.002405627034177169,0.002328950498261185,MZI2_arm0,previous_layer_compensation,67,2,0,4.445,4.4479725515806665,-0.029725515806658477,True,1,0.1
7,2,optimized,,6,0.002328950498261185,0.0023235291158991557,MZI3_arm0,previous_layer_compensation,66,3,0,4.294,4.2944451307821465,-0.004451307821466544,True,1,0.1
7,2,optimized,,6,0.0023235291158991557,0.002319352328778874,MZI1_arm0,previous_layer_compensation,65,1,0,4.694,4.69407271302637,-0.0029085210547893526,True,3,0.025
7,2,optimized,,6,0.002319352328778874,0.002318352704242925,MZI4_arm0,previous_layer_compensation,68,4,0,4.309,4.309003010679033,-0.0004817086453498927,True,5,0.00625
7,2,optimized,,7,0.002326671010169453,0.002315415186808451,MZI6_arm1,current_layer,8,6,1,4.628,4.629345464102429,-0.013454641024287535,True,1,0.1
7,2,optimized,,7,0.002315415186808451,0.0022978606838593846,MZI6_arm0,current_layer,12,6,0,1.826,1.8254814603005804,0.00518539699419656,True,1,0.1
7,2,optimized,,7,0.0022978606838593846,0.0022978606838593846,MZI5_arm0,current_layer,11,5,0,3.41,3.41,-0.005596413973661094,False,7,0.1
7,2,optimized,,7,0.0022978606838593846,0.0022978606838593846,MZI5_arm1,current_layer,7,5,1,3.655,3.655,0.005110288243379745,False,7,0.1
7,2,optimized,,7,0.0022978606838593846,0.0022978606838593846,MZI7_arm1,current_layer,9,7,1,3.503,3.503,-0.0014548786937229204,False,7,0.1
7,2,optimized,,7,0.0022978606838593846,0.0022978606838593846,MZI7_arm0,current_layer,13,7,0,3.273,3.273,0.0009599273955528827,False,7,0.1
7,2,optimized,,7,0.0022978606838593846,0.0022136701235331477,MZI2_arm0,previous_layer_compensation,67,2,0,4.448,4.450741273577205,-0.02741273577205164,True,1,0.1
7,2,optimized,,7,0.0022136701235331477,0.002208404238821199,MZI3_arm0,previous_layer_compensation,66,3,0,4.294,4.294452750716498,-0.004527507164982756,True,1,0.1
7,2,optimized,,7,0.002208404238821199,0.002208404238821199,MZI1_arm0,previous_layer_compensation,65,1,0,4.694,4.694,-0.003263964086765152,False,7,0.1
7,2,optimized,,7,0.002208404238821199,0.002208184778475642,MZI4_arm0,previous_layer_compensation,68,4,0,4.309,4.309001075663254,-0.0006884244825331999,True,7,0.0015625
7,2,optimized,,8,0.002219840071997908,0.002204700682275396,MZI6_arm1,current_layer,8,6,1,4.629,4.630316404923744,-0.013164049237443519,True,1,0.1
7,2,optimized,,8,0.002204700682275396,0.002196848136518069,MZI5_arm0,current_layer,11,5,0,3.41,3.4105804356570903,-0.005804356570900132,True,1,0.1
7,2,optimized,,8,0.002196848136518069,0.0019240063251536206,MZI6_arm0,current_layer,12,6,0,1.825,1.7249999999999999,2.835698467729772,True,1,0.1
7,2,optimized,,8,0.0019240063251536206,0.0019237017329751258,MZI5_arm1,current_layer,7,5,1,3.655,3.654985402868506,0.004671082078047365,True,6,0.003125
7,2,optimized,,8,0.0019237017329751258,0.0019106377630123982,MZI7_arm1,current_layer,9,7,1,3.503,3.5030045432296055,-0.0014538334736809522,True,6,0.003125
7,2,optimized,,8,0.0019106377630123982,0.0019106377630123982,MZI7_arm0,current_layer,13,7,0,3.273,3.273,0.0012049378373119913,False,7,0.1
7,2,optimized,,8,0.0019106377630123982,0.0018608418242671652,MZI2_arm0,previous_layer_compensation,67,2,0,4.451,4.453560382763152,-0.025603827631526778,True,1,0.1
7,2,optimized,,8,0.0018608418242671652,0.0018522657959625319,MZI3_arm0,previous_layer_compensation,66,3,0,4.294,4.294374762134322,-0.003747621343230669,True,1,0.1
7,2,optimized,,8,0.0018522657959625319,0.0018403641032092403,MZI1_arm0,previous_layer_compensation,65,1,0,4.694,4.694289093203952,-0.002890932039516759,True,1,0.1
7,2,optimized,,8,0.0018403641032092403,0.0018400567106702191,MZI4_arm0,previous_layer_compensation,68,4,0,4.309,4.309069741528708,-0.0006974152870772157,True,1,0.1
7,2,optimized,,9,0.0018595115922358932,0.0018581317522871304,MZI6_arm0,current_layer,12,6,0,1.725,1.7248949381926306,0.0010506180736935687,True,1,0.1
7,2,optimized,,9,0.0018581317522871304,0.0018559361826781483,MZI6_arm1,current_layer,8,6,1,4.63,4.6300405071982675,-0.00324057586140232,True,4,0.0125
7,2,optimized,,9,0.0018559361826781483,0.0018497300765666492,MZI5_arm0,current_layer,11,5,0,3.411,3.411558297719921,-0.005582977199210688,True,1,0.1
7,2,optimized,,9,0.0018497300765666492,0.001773195157407293,MZI5_arm1,current_layer,7,5,1,3.655,3.611451655277674,3.4838675777860515,True,4,0.0125
7,2,optimized,,9,0.001773195157407293,0.0017727675261597043,MZI7_arm1,current_layer,9,7,1,3.503,3.503038269919059,-0.0015307967623587574,True,3,0.025
7,2,optimized,,9,0.0017727675261597043,0.0017703556979571647,MZI7_arm0,current_layer,13,7,0,3.273,3.272890461953853,0.0010953804614745985,True,1,0.1
7,2,optimized,,9,0.0017703556979571647,0.0017249232643461495,MZI2_arm0,previous_layer_compensation,67,2,0,4.454,4.45635746091835,-0.023574609183508136,True,1,0.1
7,2,optimized,,9,0.0017249232643461495,0.0017241980681686538,MZI3_arm0,previous_layer_compensation,66,3,0,4.294,4.29402405675318,-0.003849080508900249,True,5,0.00625
7,2,optimized,,9,0.0017241980681686538,0.0017232871126588438,MZI1_arm0,previous_layer_compensation,65,1,0,4.694,4.6940708589633156,-0.002834358532614662,True,3,0.025
7,2,optimized,,9,0.0017232871126588438,0.0017218783474646701,MZI4_arm0,previous_layer_compensation,68,4,0,4.309,4.309017552761481,-0.0007021104592132806,True,3,0.025
7,2,optimized,,10,0.0017301613440084877,0.0017247964023233652,MZI5_arm1,current_layer,7,5,1,3.611,3.611046801575625,-0.00046801575624620044,True,1,0.1
7,2,optimized,,10,0.0017247964023233652,0.0017247964023233652,MZI5_arm0,current_layer,11,5,0,3.412,3.412,-0.0010171593558345594,False,7,0.1
7,2,optimized,,10,0.0017247964023233652,0.0017220498852488287,MZI6_arm1,current_layer,8,6,1,4.63,4.630010623671588,-0.003399574908108233,True,6,0.003125
7,2,optimized,,10,0.0017220498852488287,0.0017201293904385746,MZI7_arm1,current_layer,9,7,1,3.503,3.5030158977371526,-0.00127181897220872,True,4,0.0125
7,2,optimized,,10,0.0017201293904385746,0.0017201293904385746,MZI7_arm0,current_layer,13,7,0,3.273,3.273,0.0009034428820026134,False,7,0.1
7,2,optimized,,10,0.0017201293904385746,0.0017201293904385746,MZI6_arm0,current_layer,12,6,0,1.725,1.725,0.0009710779360936469,False,7,0.1
7,2,optimized,,10,0.0017201293904385746,0.0016695552283794903,MZI2_arm0,previous_layer_compensation,67,2,0,4.456,4.458264922171219,-0.022649221712183403,True,1,0.1
7,2,optimized,,10,0.0016695552283794903,0.001667908687812546,MZI3_arm0,previous_layer_compensation,66,3,0,4.294,4.294409128591832,-0.004091285918328929,True,1,0.1
7,2,optimized,,10,0.001667908687812546,0.001667908687812546,MZI1_arm0,previous_layer_compensation,65,1,0,4.694,4.694,-0.0027086865415173102,False,7,0.1
7,2,optimized,,10,0.001667908687812546,0.0016662183820084387,MZI4_arm0,previous_layer_compensation,68,4,0,4.309,4.309000795937553,-0.0005094000339177338,True,7,0.0015625
7,2,optimized,,11,0.001676548007509107,0.0016763920141172446,MZI6_arm1,current_layer,8,6,1,4.63,4.6303233231819965,-0.0032332318199618806,True,1,0.1
7,2,optimized,,11,0.0016763920141172446,0.001669538209808029,MZI7_arm1,current_layer,9,7,1,3.503,3.5030882396235756,-0.0017647924715101543,True,2,0.05
7,2,optimized,,11,0.001669538209808029,0.001669538209808029,MZI5_arm0,current_layer,11,5,0,3.412,3.412,-0.0008884904009603352,False,7,0.1
7,2,optimized,,11,0.001669538209808029,0.0016645202349709312,MZI6_arm0,current_layer,12,6,0,1.725,1.7248962311743676,0.001037688256325005,True,1,0.1
7,2,optimized,,11,0.0016645202349709312,0.0016645202349709312,MZI7_arm0,current_layer,13,7,0,3.273,3.273,0.0008940722746055683,False,7,0.1
7,2,optimized,,11,0.0016645202349709312,0.0016645202349709312,MZI5_arm1,current_layer,7,5,1,3.611,3.611,-0.0005843707213873075,False,7,0.1
7,2,optimized,,11,0.0016645202349709312,0.0016317129796871897,MZI2_arm0,previous_layer_compensation,67,2,0,4.458,4.460165965932094,-0.021659659320944987,True,1,0.1
7,2,optimized,,11,0.0016317129796871897,0.0016297484452683193,MZI3_arm0,previous_layer_compensation,66,3,0,4.294,4.294388559008969,-0.0038855900896949142,True,1,0.1
7,2,optimized,,11,0.0016297484452683193,0.0016297484452683193,MZI1_arm0,previous_layer_compensation,65,1,0,4.694,4.694,-0.0027852723999355557,False,7,0.1
7,2,optimized,,11,0.0016297484452683193,0.0016297484452683193,MZI4_arm0,previous_layer_compensation,68,4,0,4.309,4.309,-0.0006094099592979447,False,7,0.1
7,2,optimized,,12,0.001639844639434903,0.0016299351044275071,MZI6_arm1,current_layer,8,6,1,4.63,4.630291446582697,-0.0029144658269645895,True,1,0.1
7,2,optimized,,12,0.0016299351044275071,0.0016128497806910977,MZI7_arm1,current_layer,9,7,1,3.503,3.5031559631686333,-0.0015596316863327113,True,1,0.1
7,2,optimized,,12,0.0016128497806910977,0.0016128497806910977,MZI6_arm0,current_layer,12,6,0,1.725,1.725,0.0012154011514771174,False,7,0.1
7,2,optimized,,12,0.0016128497806910977,0.0016128497806910977,MZI7_arm0,current_layer,13,7,0,3.273,3.273,0.0010606344199850064,False,7,0.1
7,2,optimized,,12,0.0016128497806910977,0.0016128497806910977,MZI5_arm0,current_layer,11,5,0,3.412,3.412,-0.0008392350289836108,False,7,0.1
7,2,optimized,,12,0.0016128497806910977,0.0016128497806910977,MZI5_arm1,current_layer,7,5,1,3.611,3.611,-0.0007790272913575391,False,7,0.1
7,2,optimized,,12,0.0016128497806910977,0.0015943721627642495,MZI2_arm0,previous_layer_compensation,67,2,0,4.46,4.462070202271142,-0.02070202271141624,True,1,0.1
7,2,optimized,,12,0.0015943721627642495,0.00158753767151152,MZI3_arm0,previous_layer_compensation,66,3,0,4.294,4.294391186201182,-0.003911862011821167,True,1,0.1
7,2,optimized,,12,0.00158753767151152,0.0015822478725501842,MZI1_arm0,previous_layer_compensation,65,1,0,4.694,4.694294417958231,-0.0029441795823117564,True,1,0.1
7,2,optimized,,12,0.0015822478725501842,0.0015822478725501842,MZI4_arm0,previous_layer_compensation,68,4,0,4.309,4.309,-0.000782109086049332,False,7,0.1
7,3,optimized,,0,0.0037837355703442,0.0037837355703442,MZI9_arm0,current_layer,76,9,0,4.873,4.873,0.00295132941946106,False,7,0.1
7,3,optimized,,0,0.0037837355703442,0.0037837355703442,MZI9_arm1,current_layer,72,9,1,4.945,4.945,-0.0032505659661754356,False,7,0.1
7,3,optimized,,0,0.0037837355703442,0.0037700314546967664,MZI10_arm0,current_layer,75,10,0,4.789,4.787629593789281,0.01370406210719243,True,1,0.1
7,3,optimized,,0,0.0037700314546967664,0.0037700314546967664,MZI10_arm1,current_layer,71,10,1,5.412,5.412,-0.020485526348866342,False,7,0.1
7,3,optimized,,0,0.0037700314546967664,0.0037700314546967664,MZI11_arm0,current_layer,74,11,0,3.809,3.809,0.008641037645969872,False,7,0.1
7,3,optimized,,0,0.0037700314546967664,0.0037700314546967664,MZI11_arm1,current_layer,70,11,1,3.612,3.612,-0.007008082406452156,False,7,0.1
7,3,optimized,,0,0.0037700314546967664,0.00375092944089645,MZI12_arm0,current_layer,73,12,0,3.532,3.532022558323437,-0.003609331749900314,True,5,0.00625
7,3,optimized,,0,0.00375092944089645,0.0037214729743491343,MZI12_arm1,current_layer,69,12,1,3.646,3.645578371262254,0.004216287377459625,True,1,0.1
7,3,optimized,,0,0.0037214729743491343,0.003670054129255777,MZI5_arm0,previous_layer_compensation,11,5,0,3.412,3.4136906654266834,-0.016906654266837087,True,1,0.1
7,3,optimized,,0,0.003670054129255777,0.003669389072749687,MZI5_arm1,previous_layer_compensation,7,5,1,3.611,3.6103998107532487,0.01200378493502964,True,2,0.05
7,3,optimized,,0,0.003669389072749687,0.003669389072749687,MZI6_arm0,previous_layer_compensation,12,6,0,1.725,1.725,0.0003568337918471756,False,7,0.1
7,3,optimized,,0,0.003669389072749687,0.003653445923595453,MZI6_arm1,previous_layer_compensation,8,6,1,4.63,4.630000729261608,-5.834092864918271e-05,True,4,0.0125
7,3,optimized,,0,0.003653445923595453,0.003653445923595453,MZI7_arm0,previous_layer_compensation,13,7,0,3.273,3.273,0.0018419345268259374,False,7,0.1
7,3,optimized,,0,0.003653445923595453,0.003653445923595453,MZI7_arm1,previous_layer_compensation,9,7,1,3.503,3.503,-0.0028088787813061837,False,7,0.1
7,3,optimized,,1,0.0036558271604638544,0.00363173270142821,MZI10_arm1,current_layer,71,10,1,5.412,5.4138943544318,-0.018943544318005514,True,1,0.1
7,3,optimized,,1,0.00363173270142821,0.0036040098666124238,MZI10_arm0,current_layer,75,10,0,4.788,4.786992893620519,0.010071063794812568,True,1,0.1
7,3,optimized,,1,0.0036040098666124238,0.0036040098666124238,MZI11_arm0,current_layer,74,11,0,3.809,3.809,0.007756895778174824,False,7,0.1
7,3,optimized,,1,0.0036040098666124238,0.0036040098666124238,MZI11_arm1,current_layer,70,11,1,3.612,3.612,-0.006706909063258233,False,7,0.1
7,3,optimized,,1,0.0036040098666124238,0.003598191779327341,MZI12_arm1,current_layer,69,12,1,3.646,3.645812138170536,0.0037572365892733976,True,2,0.05
7,3,optimized,,1,0.003598191779327341,0.0035981283225228313,MZI12_arm0,current_layer,73,12,0,3.532,3.532097466913429,-0.00389867653716848,True,3,0.025
7,3,optimized,,1,0.0035981283225228313,0.0035981283225228313,MZI9_arm1,current_layer,72,9,1,4.945,4.945,-0.0032387758368575483,False,7,0.1
7,3,optimized,,1,0.0035981283225228313,0.0035970531751742933,MZI9_arm0,current_layer,76,9,0,4.873,4.8729582039125505,0.003343686995946604,True,4,0.0125
7,3,optimized,,1,0.0035970531751742933,0.0035574306271151305,MZI5_arm0,previous_layer_compensation,11,5,0,3.414,3.4157133525736363,-0.017133525736360813,True,1,0.1
7,3,optimized,,1,0.0035574306271151305,0.0035574306271151305,MZI5_arm1,previous_layer_compensation,7,5,1,3.61,3.61,0.01249288381175947,False,7,0.1
7,3,optimized,,1,0.0035574306271151305,0.0035574306271151305,MZI7_arm1,previous_layer_compensation,9,7,1,3.503,3.503,-0.0028018269083900198,False,7,0.1
7,3,optimized,,1,0.0035574306271151305,0.003554486327595219,MZI7_arm0,previous_layer_compensation,13,7,0,3.273,3.272911915720446,0.0017616855910867802,True,2,0.05
7,3,optimized,,1,0.003554486327595219,0.003550456153817086,MZI6_arm0,previous_layer_compensation,12,6,0,1.725,1.7249999602308617,2.5452248537591552e-05,True,7,0.0015625
7,3,optimized,,1,0.003550456153817086,0.003550456153817086,MZI6_arm1,previous_layer_compensation,8,6,1,4.63,4.63,0.00015110172367092096,False,7,0.1
7,3,optimized,,2,0.003544716851021314,0.003523803323504339,MZI10_arm1,current_layer,71,10,1,5.414,5.415633971221328,-0.01633971221327806,True,1,0.1
7,3,optimized,,2,0.003523803323504339,0.0035193350788282193,MZI10_arm0,current_layer,75,10,0,4.787,4.786196142803689,0.008038571963106976,True,1,0.1
7,3,optimized,,2,0.0035193350788282193,0.0035136339359921015,MZI11_arm0,current_layer,74,11,0,3.809,3.808180863605031,0.008191363949691593,True,1,0.1
7,3,optimized,,2,0.0035136339359921015,0.0034974037294812055,MZI11_arm1,current_layer,70,11,1,3.612,3.6126400046549674,-0.006400046549672751,True,1,0.1
7,3,optimized,,2,0.0034974037294812055,0.0034940921484750737,MZI12_arm0,current_layer,73,12,0,3.532,3.5320464589579283,-0.003716716634249525,True,4,0.0125
7,3,optimized,,2,0.0034940921484750737,0.0034799050983647557,MZI12_arm1,current_layer,69,12,1,3.646,3.6459804770219457,0.003123676488686153,True,5,0.00625
7,3,optimized,,2,0.0034799050983647557,0.0034762874746375083,MZI9_arm0,current_layer,76,9,0,4.873,4.872667183638435,0.00332816361565018,True,1,0.1
7,3,optimized,,2,0.0034762874746375083,0.0034762874746375083,MZI9_arm1,current_layer,72,9,1,4.945,4.945,-0.0022009011246520486,False,7,0.1
7,3,optimized,,2,0.0034762874746375083,0.003446735383885377,MZI5_arm0,previous_layer_compensation,11,5,0,3.416,3.4175934527583354,-0.015934527583352308,True,1,0.1
7,3,optimized,,2,0.003446735383885377,0.0034361723655896197,MZI5_arm1,previous_layer_compensation,7,5,1,3.61,3.609412850915487,0.01174298169026323,True,2,0.05
7,3,optimized,,2,0.0034361723655896197,0.003434252721641402,MZI7_arm1,previous_layer_compensation,9,7,1,3.503,3.5030353604258733,-0.0028288340698454026,True,4,0.0125
7,3,optimized,,2,0.003434252721641402,0.003431397379071983,MZI7_arm0,previous_layer_compensation,13,7,0,3.273,3.2729926172844306,0.0023624689823210226,True,6,0.003125
7,3,optimized,,2,0.003431397379071983,0.0034212776491375917,MZI6_arm1,previous_layer_compensation,8,6,1,4.63,4.630005445492359,-0.00010890984717685391,True,2,0.05
7,3,optimized,,2,0.0034212776491375917,0.003417777061360278,MZI6_arm0,previous_layer_compensation,12,6,0,1.725,1.725030751762839,-0.00030751762838746006,True,1,0.1
7,3,optimized,,3,0.0034215784982558847,0.0034215784982558847,MZI10_arm1,current_layer,71,10,1,5.416,5.416,-0.014440142744430347,False,7,0.1
7,3,optimized,,3,0.0034215784982558847,0.003408637823277558,MZI11_arm0,current_layer,74,11,0,3.808,3.807182136512717,0.008178634872825543,True,1,0.1
7,3,optimized,,3,0.003408637823277558,0.003408637823277558,MZI10_arm0,current_layer,75,10,0,4.786,4.786,0.00827293845207817,False,7,0.1
7,3,optimized,,3,0.003408637823277558,0.0034029853701322485,MZI11_arm1,current_layer,70,11,1,3.613,3.6136131625467813,-0.006131625467813178,True,1,0.1
7,3,optimized,,3,0.0034029853701322485,0.0034029853701322485,MZI12_arm0,current_layer,73,12,0,3.532,3.532,-0.002951860520710074,False,7,0.1
7,3,optimized,,3,0.0034029853701322485,0.0034029853701322485,MZI9_arm0,current_layer,76,9,0,4.873,4.873,-8.008177502104665,False,7,0.1
7,3,optimized,,3,0.0034029853701322485,0.0034029853701322485,MZI12_arm1,current_layer,69,12,1,3.646,3.646,0.0026932532775917886,False,7,0.1
7,3,optimized,,3,0.0034029853701322485,0.0034029853701322485,MZI9_arm1,current_layer,72,9,1,4.945,4.945,0.001588224231245944,False,7,0.1
7,3,optimized,,3,0.0034029853701322485,0.0034029853701322485,MZI5_arm0,previous_layer_compensation,11,5,0,3.418,3.418,-0.015506840911942295,False,7,0.1
7,3,optimized,,3,0.0034029853701322485,0.0034029853701322485,MZI5_arm1,previous_layer_compensation,7,5,1,3.609,3.609,0.01237590751657885,False,7,0.1
7,3,optimized,,3,0.0034029853701322485,0.0034029853701322485,MZI7_arm1,previous_layer_compensation,9,7,1,3.503,3.503,-0.0024620519228464284,False,7,0.1
7,3,optimized,,3,0.0034029853701322485,0.0034029853701322485,MZI7_arm0,previous_layer_compensation,13,7,0,3.273,3.273,0.0019339594256973093,False,7,0.1
7,3,optimized,,3,0.0034029853701322485,0.0034029853701322485,MZI6_arm0,previous_layer_compensation,12,6,0,1.725,1.725,-0.00031198560913623974,False,7,0.1
7,3,optimized,,3,0.0034029853701322485,0.0034029853701322485,MZI6_arm1,previous_layer_compensation,8,6,1,4.63,4.63,-0.0002975344730283775,False,7,0.1
7,3,optimized,,4,0.003521683532260795,0.003495624096649908,MZI9_arm0,current_layer,76,9,0,4.873,4.873254862818412,-0.002548628184117748,True,1,0.1
7,3,optimized,,4,0.003495624096649908,0.003484986312083261,MZI10_arm1,current_layer,71,10,1,5.416,5.417313919008794,-0.013139190087940938,True,1,0.1
7,3,optimized,,4,0.003484986312083261,0.0034765639131228636,MZI10_arm0,current_layer,75,10,0,4.786,4.78583721708003,0.006511316798772961,True,3,0.025
7,3,optimized,,4,0.0034765639131228636,0.003465316866319741,MZI11_arm0,current_layer,74,11,0,3.807,3.8066268942912957,0.0074621141740873935,True,2,0.05
7,3,optimized,,4,0.003465316866319741,0.003465316866319741,MZI11_arm1,current_layer,70,11,1,3.614,3.614,-0.006409969819451958,False,7,0.1
7,3,optimized,,4,0.003465316866319741,0.003465102559019014,MZI12_arm0,current_layer,73,12,0,3.532,3.532339784473719,-0.003397844737191644,True,1,0.1
7,3,optimized,,4,0.003465102559019014,0.0034584590371951494,MZI12_arm1,current_layer,69,12,1,3.646,3.645708105680071,0.002918943199292393,True,1,0.1
7,3,optimized,,4,0.0034584590371951494,0.0034583318222456724,MZI9_arm1,current_layer,72,9,1,4.945,4.944974599414447,0.002032046844254148,True,4,0.0125
7,3,optimized,,4,0.0034583318222456724,0.003448411117336099,MZI5_arm0,previous_layer_compensation,11,5,0,3.418,3.4195645505461187,-0.015645505461185677,True,1,0.1
7,3,optimized,,4,0.003448411117336099,0.003422963704342334,MZI5_arm1,previous_layer_compensation,7,5,1,3.609,3.6079132062729964,0.010867937270035505,True,1,0.1
7,3,optimized,,4,0.003422963704342334,0.0034190586087504745,MZI7_arm1,previous_layer_compensation,9,7,1,3.503,3.5030087034960866,-0.002785118747664894,True,6,0.003125
7,3,optimized,,4,0.0034190586087504745,0.0034180784657393804,MZI7_arm0,previous_layer_compensation,13,7,0,3.273,3.2729771230543667,0.0018301556506568433,True,4,0.0125
7,3,optimized,,4,0.0034180784657393804,0.0034145203530476166,MZI6_arm0,previous_layer_compensation,12,6,0,1.725,1.725000634760521,-0.000203123366691296,True,6,0.003125
7,3,optimized,,4,0.0034145203530476166,0.0032852348953438305,MZI6_arm1,previous_layer_compensation,8,6,1,4.63,4.629998694455073,0.0004177743767085184,True,6,0.003125
7,3,optimized,,5,0.003006274897822463,0.0030012517120948244,MZI10_arm1,current_layer,71,10,1,5.417,5.4179546175012545,-0.009546175012547595,True,1,0.1
7,3,optimized,,5,0.0030012517120948244,0.0029823836505657206,MZI11_arm0,current_layer,74,11,0,3.807,3.8063975955529643,0.006024044470357873,True,1,0.1
7,3,optimized,,5,0.0029823836505657206,0.00298201632619002,MZI10_arm0,current_layer,75,10,0,4.786,4.7854218709964425,0.005781290035574038,True,1,0.1
7,3,optimized,,5,0.00298201632619002,0.0029730465614645207,MZI11_arm1,current_layer,70,11,1,3.614,3.6143935003816394,-0.003935003816395889,True,1,0.1
7,3,optimized,,5,0.0029730465614645207,0.0029673767694511958,MZI12_arm0,current_layer,73,12,0,3.532,3.532136334863505,-0.002726697270097331,True,2,0.05
7,3,optimized,,5,0.0029673767694511958,0.0029603286786146024,MZI12_arm1,current_layer,69,12,1,3.646,3.6457770317694624,0.0022296823053768447,True,1,0.1
7,3,optimized,,5,0.0029603286786146024,0.0029515397971406356,MZI9_arm0,current_layer,76,9,0,4.873,4.87300968836045,-0.003100275344025716,True,6,0.003125
7,3,optimized,,5,0.0029515397971406356,0.0029515397971406356,MZI9_arm1,current_layer,72,9,1,4.945,4.945,0.003570759296909576,False,7,0.1
7,3,optimized,,5,0.0029515397971406356,0.0029515397971406356,MZI5_arm0,previous_layer_compensation,11,5,0,3.42,3.42,-0.014626847777943673,False,7,0.1
7,3,optimized,,5,0.0029515397971406356,0.0029515397971406356,MZI5_arm1,previous_layer_compensation,7,5,1,3.608,3.608,0.011063710437323274,False,7,0.1
7,3,optimized,,5,0.0029515397971406356,0.0029515397971406356,MZI7_arm1,previous_layer_compensation,9,7,1,3.503,3.503,-0.002044483020294142,False,7,0.1
7,3,optimized,,5,0.0029515397971406356,0.0029515397971406356,MZI7_arm0,previous_layer_compensation,13,7,0,3.273,3.273,0.0017802696159575206,False,7,0.1
7,3,optimized,,5,0.0029515397971406356,0.0029515397971406356,MZI6_arm1,previous_layer_compensation,8,6,1,4.63,4.63,0.0002760539592765691,False,7,0.1
7,3,optimized,,5,0.0029515397971406356,0.0029515397971406356,MZI6_arm0,previous_layer_compensation,12,6,0,1.725,1.725,-0.00018150906258651637,False,7,0.1
7,3,optimized,,6,0.003317432060308142,0.0033089994761430295,MZI10_arm1,current_layer,71,10,1,5.418,5.4186207081940685,-0.012414163881371587,True,2,0.05
7,3,optimized,,6,0.0033089994761430295,0.003300687767006277,MZI11_arm0,current_layer,74,11,0,3.806,3.805256665991179,0.007433340088211378,True,1,0.1
7,3,optimized,,6,0.003300687767006277,0.0032940636174272333,MZI10_arm0,current_layer,75,10,0,4.785,4.784990853582148,0.0058537074255739525,True,7,0.0015625
7,3,optimized,,6,0.0032940636174272333,0.0032914717892321642,MZI11_arm1,current_layer,70,11,1,3.614,3.6140786643944223,-0.006293151553797143,True,4,0.0125
7,3,optimized,,6,0.0032914717892321642,0.0032906107509953373,MZI9_arm1,current_layer,72,9,1,4.945,4.943808383301812,0.7626346868402979,True,7,0.0015625
7,3,optimized,,6,0.0032906107509953373,0.0032905284251545774,MZI9_arm0,current_layer,76,9,0,4.873,4.873054395725163,-0.0021758290064975735,True,3,0.025
7,3,optimized,,6,0.0032905284251545774,0.003287167691959183,MZI12_arm0,current_layer,73,12,0,3.532,3.530826965188396,0.7507422794266101,True,7,0.0015625
7,3,optimized,,6,0.003287167691959183,0.0032853854005457338,MZI12_arm1,current_layer,69,12,1,3.646,3.645996037367403,0.002536084861947381,True,7,0.0015625
7,3,optimized,,6,0.0032853854005457338,0.003275240716852751,MZI5_arm0,previous_layer_compensation,11,5,0,3.42,3.4207240117446407,-0.014480234892814641,True,2,0.05
7,3,optimized,,6,0.003275240716852751,0.0032604495504867763,MZI5_arm1,previous_layer_compensation,7,5,1,3.608,3.6069209583532396,0.010790416467605538,True,1,0.1
7,3,optimized,,6,0.0032604495504867763,0.0032604495504867763,MZI7_arm1,previous_layer_compensation,9,7,1,3.503,3.503,-0.0025299693494709448,False,7,0.1
7,3,optimized,,6,0.0032604495504867763,0.003254080800656348,MZI7_arm0,previous_layer_compensation,13,7,0,3.273,3.277758336404278,-0.7613338246844865,True,5,0.00625
7,3,optimized,,6,0.003254080800656348,0.003254080800656348,MZI6_arm1,previous_layer_compensation,8,6,1,4.63,4.63,0.0005771287069085649,False,7,0.1
7,3,optimized,,6,0.003254080800656348,0.0032534309259789544,MZI6_arm0,previous_layer_compensation,12,6,0,1.725,1.7250019913973362,-0.00031862357379369466,True,5,0.00625
7,3,optimized,,7,0.003262999136404074,0.0032538688677684626,MZI9_arm1,current_layer,72,9,1,4.944,4.94397668141454,0.001865486836777251,True,4,0.0125
7,3,optimized,,7,0.0032538688677684626,0.003253590461665694,MZI12_arm0,current_layer,73,12,0,3.531,3.531161706586016,-0.0032341317203170134,True,2,0.05
7,3,optimized,,7,0.003253590461665694,0.0032512443247686277,MZI10_arm1,current_layer,71,10,1,5.419,5.420183535974384,-0.011835359743845504,True,1,0.1
7,3,optimized,,7,0.0032512443247686277,0.003247481717837045,MZI11_arm0,current_layer,74,11,0,3.805,3.8043234179852865,0.006765820147136249,True,1,0.1
7,3,optimized,,7,0.003247481717837045,0.0031854415411867185,MZI11_arm1,current_layer,70,11,1,3.614,3.690040284995417,-0.7604028499541705,True,1,0.1
7,3,optimized,,7,0.0031854415411867185,0.003157285372019657,MZI10_arm0,current_layer,75,10,0,4.785,4.784434794285238,0.005652057147624948,True,1,0.1
7,3,optimized,,7,0.003157285372019657,0.0031551468935126846,MZI12_arm1,current_layer,69,12,1,3.646,3.6459774652110877,0.0036055662259526274,True,5,0.00625
7,3,optimized,,7,0.0031551468935126846,0.0031551468935126846,MZI9_arm0,current_layer,76,9,0,4.873,4.873,-0.0026223172829102632,False,7,0.1
7,3,optimized,,7,0.0031551468935126846,0.0031499856698679347,MZI7_arm0,previous_layer_compensation,13,7,0,3.278,3.2779537601888804,0.0018495924447913376,True,3,0.025
7,3,optimized,,7,0.0031499856698679347,0.0031499856698679347,MZI5_arm0,previous_layer_compensation,11,5,0,3.421,3.421,-0.013833488783122969,False,7,0.1
7,3,optimized,,7,0.0031499856698679347,0.002871881017759617,MZI5_arm1,previous_layer_compensation,7,5,1,3.607,3.5570000000000004,0.7584856297749365,True,1,0.1
7,3,optimized,,7,0.002871881017759617,0.0028529307269947236,MZI7_arm1,previous_layer_compensation,9,7,1,3.503,3.503245661801417,-0.0024566180141681994,True,1,0.1
7,3,optimized,,7,0.0028529307269947236,0.002844778718822347,MZI6_arm1,previous_layer_compensation,8,6,1,4.63,4.629947128978582,0.0010574204283502623,True,2,0.05
7,3,optimized,,7,0.002844778718822347,0.0028382621194824828,MZI6_arm0,previous_layer_compensation,12,6,0,1.725,1.725017189118702,-0.00017189118702008195,True,1,0.1
7,3,optimized,,8,0.0028550141581282994,0.002834191853098658,MZI11_arm1,current_layer,70,11,1,3.69,3.6896627179332704,0.003372820667294263,True,1,0.1
7,3,optimized,,8,0.002834191853098658,0.0028310103918970605,MZI10_arm1,current_layer,71,10,1,5.42,5.42053447296083,-0.010689459216592161,True,2,0.05
7,3,optimized,,8,0.0028310103918970605,0.002830603525170831,MZI11_arm0,current_layer,74,11,0,3.804,3.804124751288697,-0.0024950257739427364,True,2,0.05
7,3,optimized,,8,0.002830603525170831,0.0028303579906532018,MZI10_arm0,current_layer,75,10,0,4.784,4.783458412193733,0.005415878062673087,True,1,0.1
7,3,optimized,,8,0.0028303579906532018,0.0028224465072169014,MZI12_arm1,current_layer,69,12,1,3.646,3.645653747208919,0.0034625279108090926,True,1,0.1
7,3,optimized,,8,0.0028224465072169014,0.0028217711418093536,MZI12_arm0,current_layer,73,12,0,3.531,3.5312019254332494,-0.004038508664984437,True,2,0.05
7,3,optimized,,8,0.0028217711418093536,0.002816355596686889,MZI9_arm0,current_layer,76,9,0,4.873,4.873227107188624,-0.0022710718862365632,True,1,0.1
7,3,optimized,,8,0.002816355596686889,0.0028155774523835166,MZI9_arm1,current_layer,72,9,1,4.944,4.943987780340167,0.001955145573276198,True,5,0.00625
7,3,optimized,,8,0.0028155774523835166,0.002813789508443045,MZI5_arm1,previous_layer_compensation,7,5,1,3.557,3.5569910952970596,0.0028495049408481204,True,6,0.003125
7,3,optimized,,8,0.002813789508443045,0.0028070969710445987,MZI5_arm0,previous_layer_compensation,11,5,0,3.421,3.4216266708844034,-0.006266708844036715,True,1,0.1
7,3,optimized,,8,0.0028070969710445987,0.0028015939639408276,MZI7_arm1,previous_layer_compensation,9,7,1,3.503,3.503118457390221,-0.0023691478044153558,True,2,0.05
7,3,optimized,,8,0.0028015939639408276,0.0027973222111690906,MZI7_arm0,previous_layer_compensation,13,7,0,3.278,3.2779968635887387,0.002007303207416016,True,7,0.0015625
7,3,optimized,,8,0.0027973222111690906,0.0027973222111690906,MZI6_arm1,previous_layer_compensation,8,6,1,4.63,4.63,0.000813390417202433,False,7,0.1
7,3,optimized,,8,0.0027973222111690906,0.0027973222111690906,MZI6_arm0,previous_layer_compensation,12,6,0,1.725,1.725,-0.00036357612786428654,False,7,0.1
7,3,optimized,,9,0.0028038815291622603,0.002800877677938921,MZI10_arm1,current_layer,71,10,1,5.421,5.422061167661547,-0.01061167661547225,True,1,0.1
7,3,optimized,,9,0.002800877677938921,0.0027931641804925353,MZI10_arm0,current_layer,75,10,0,4.783,4.7829394247495705,0.004846020034424013,True,4,0.0125
7,3,optimized,,9,0.0027931641804925353,0.0027844099433179366,MZI12_arm0,current_layer,73,12,0,3.531,3.5310931318689227,-0.0037252747569060537,True,3,0.025
7,3,optimized,,9,0.0027844099433179366,0.0027747109713414557,MZI12_arm1,current_layer,69,12,1,3.646,3.645682647094109,0.003173529058909125,True,1,0.1
7,3,optimized,,9,0.0027747109713414557,0.0027747109713414557,MZI11_arm1,current_layer,70,11,1,3.69,3.69,0.0035408521122366594,False,7,0.1
7,3,optimized,,9,0.0027747109713414557,0.0027747109713414557,MZI11_arm0,current_layer,74,11,0,3.804,3.804,-0.00249104543255399,False,7,0.1
7,3,optimized,,9,0.0027747109713414557,0.0027747109713414557,MZI9_arm0,current_layer,76,9,0,4.873,4.873,-0.002416411466848824,False,7,0.1
7,3,optimized,,9,0.0027747109713414557,0.0027747109713414557,MZI9_arm1,current_layer,72,9,1,4.944,4.944,0.001566759890015563,False,7,0.1
7,3,optimized,,9,0.0027747109713414557,0.0027747109713414557,MZI5_arm0,previous_layer_compensation,11,5,0,3.422,3.422,-0.005859536811611278,False,7,0.1
7,3,optimized,,9,0.0027747109713414557,0.0027747109713414557,MZI5_arm1,previous_layer_compensation,7,5,1,3.557,3.557,0.0026803529545259015,False,7,0.1
7,3,optimized,,9,0.0027747109713414557,0.0027747109713414557,MZI7_arm1,previous_layer_compensation,9,7,1,3.503,3.503,-0.0024560185398176575,False,7,0.1
7,3,optimized,,9,0.0027747109713414557,0.0027747109713414557,MZI7_arm0,previous_layer_compensation,13,7,0,3.278,3.278,0.0022045965692364536,False,7,0.1
7,3,optimized,,9,0.0027747109713414557,0.0027738527752704774,MZI6_arm1,previous_layer_compensation,8,6,1,4.63,4.629981449517703,0.0007420192918654144,True,3,0.025
7,3,optimized,,9,0.0027738527752704774,0.002773823824221803,MZI6_arm0,previous_layer_compensation,12,6,0,1.725,1.724998996835325,0.00032101269602928805,True,6,0.003125
7,3,optimized,,10,0.0027953265840593294,0.0027674254522282718,MZI10_arm1,current_layer,71,10,1,5.422,5.423036761048543,-0.010367610485434468,True,1,0.1
7,3,optimized,,10,0.0027674254522282718,0.002763345350207605,MZI10_arm0,current_layer,75,10,0,4.783,4.782984558519111,0.004941273884538694,True,6,0.003125
7,3,optimized,,10,0.002763345350207605,0.002763345350207605,MZI12_arm0,current_layer,73,12,0,3.531,3.531,-0.003930156561146512,False,7,0.1
7,3,optimized,,10,0.002763345350207605,0.002763345350207605,MZI11_arm1,current_layer,70,11,1,3.69,3.69,0.0032381205580278736,False,7,0.1
7,3,optimized,,10,0.002763345350207605,0.002763345350207605,MZI12_arm1,current_layer,69,12,1,3.646,3.646,0.003235874326734989,False,7,0.1
7,3,optimized,,10,0.002763345350207605,0.002763345350207605,MZI11_arm0,current_layer,74,11,0,3.804,3.804,-0.002328692217792934,False,7,0.1
7,3,optimized,,10,0.002763345350207605,0.002763345350207605,MZI9_arm0,current_layer,76,9,0,4.873,4.873,-0.002008444259256,False,7,0.1
7,3,optimized,,10,0.002763345350207605,0.002763345350207605,MZI9_arm1,current_layer,72,9,1,4.944,4.944,0.002104733837853121,False,7,0.1
7,3,optimized,,10,0.002763345350207605,0.002763345350207605,MZI5_arm0,previous_layer_compensation,11,5,0,3.422,3.422,-0.005504834102707755,False,7,0.1
7,3,optimized,,10,0.002763345350207605,0.002763345350207605,MZI5_arm1,previous_layer_compensation,7,5,1,3.557,3.557,0.002802583902882002,False,7,0.1
7,3,optimized,,10,0.002763345350207605,0.002763345350207605,MZI7_arm1,previous_layer_compensation,9,7,1,3.503,3.503,-0.0021216344729698337,False,7,0.1
7,3,optimized,,10,0.002763345350207605,0.002763345350207605,MZI7_arm0,previous_layer_compensation,13,7,0,3.278,3.278,0.0024454130575047857,False,7,0.1
7,3,optimized,,10,0.002763345350207605,0.002763345350207605,MZI6_arm1,previous_layer_compensation,8,6,1,4.63,4.63,0.0006816353485662311,False,7,0.1
7,3,optimized,,10,0.002763345350207605,0.002763345350207605,MZI6_arm0,previous_layer_compensation,12,6,0,1.725,1.725,2.2299842988360883e-05,False,7,0.1
7,4,optimized,,0,0.020166558412087556,0.012586652313559054,MZI13_arm0,current_layer,19,13,0,3.732,3.7021273207470498,0.2987267925295037,True,1,0.1
7,4,optimized,,0,0.012586652313559054,0.007662650123781425,MZI13_arm1,current_layer,15,13,1,4.378,4.402486612779242,-0.24486612779242367,True,1,0.1
7,4,optimized,,0,0.007662650123781425,0.005750195107267339,MZI14_arm0,current_layer,20,14,0,4.149,4.1330039417604185,0.1599605823958164,True,1,0.1
7,4,optimized,,0,0.005750195107267339,0.004777436782743322,MZI14_arm1,current_layer,16,14,1,4.621,4.631906299128655,-0.10906299128654348,True,1,0.1
7,4,optimized,,0,0.004777436782743322,0.004758674188778429,MZI15_arm0,current_layer,21,15,0,3.678,3.6780309062016836,-0.0012362480673555121,True,3,0.025
7,4,optimized,,0,0.004758674188778429,0.004747857977728547,MZI15_arm1,current_layer,17,15,1,3.732,3.7320802938257294,-0.001605876514580716,True,2,0.05
7,4,optimized,,0,0.004747857977728547,0.004716728212657733,MZI9_arm0,previous_layer_compensation,76,9,0,4.873,4.871579686681926,0.014203133180742933,True,1,0.1
7,4,optimized,,0,0.004716728212657733,0.004716728212657733,MZI9_arm1,previous_layer_compensation,72,9,1,4.944,4.944,0.001340397316478466,False,7,0.1
7,4,optimized,,0,0.004716728212657733,0.0047126322428542745,MZI10_arm0,previous_layer_compensation,75,10,0,4.783,4.783206021388046,-0.008240855521812666,True,3,0.025
7,4,optimized,,0,0.0047126322428542745,0.0047126322428542745,MZI10_arm1,previous_layer_compensation,71,10,1,5.423,5.423,-0.018650372554532894,False,7,0.1
7,4,optimized,,0,0.0047126322428542745,0.0047126322428542745,MZI11_arm0,previous_layer_compensation,74,11,0,3.804,3.804,-0.0011330472706231503,False,7,0.1
7,4,optimized,,0,0.0047126322428542745,0.0047126322428542745,MZI11_arm1,previous_layer_compensation,70,11,1,3.69,3.69,0.0058150469310130504,False,7,0.1
7,4,optimized,,0,0.0047126322428542745,0.0047126322428542745,MZI12_arm0,previous_layer_compensation,73,12,0,3.531,3.531,-0.0024407534307135568,False,7,0.1
7,4,optimized,,0,0.0047126322428542745,0.0047126322428542745,MZI12_arm1,previous_layer_compensation,69,12,1,3.646,3.646,0.00038321706927312677,False,7,0.1
7,4,optimized,,1,0.004818344175132356,0.0034866662973521687,MZI13_arm0,current_layer,19,13,0,3.702,3.688906988506674,0.13093011493326087,True,1,0.1
7,4,optimized,,1,0.0034866662973521687,0.0024308308279645746,MZI13_arm1,current_layer,15,13,1,4.402,4.41294419701115,-0.10944197011149483,True,1,0.1
7,4,optimized,,1,0.0024308308279645746,0.002248382175950079,MZI14_arm0,current_layer,20,14,0,4.133,4.1275168702942,0.05483129705799542,True,1,0.1
7,4,optimized,,1,0.002248382175950079,0.0021603129216073336,MZI14_arm1,current_layer,16,14,1,4.632,4.635988610429411,-0.03988610429411157,True,1,0.1
7,4,optimized,,1,0.0021603129216073336,0.002105736009354007,MZI15_arm1,current_layer,17,15,1,3.732,3.7320234257162515,-0.0009370286500461123,True,3,0.025
7,4,optimized,,1,0.002105736009354007,0.002105736009354007,MZI15_arm0,current_layer,21,15,0,3.678,3.678,-4.573853690274187e-05,False,7,0.1
7,4,optimized,,1,0.002105736009354007,0.002105736009354007,MZI10_arm1,previous_layer_compensation,71,10,1,5.423,5.423,-0.013527406509539984,False,7,0.1
7,4,optimized,,1,0.002105736009354007,0.002105736009354007,MZI9_arm0,previous_layer_compensation,76,9,0,4.872,4.872,0.004668051668481432,False,7,0.1
7,4,optimized,,1,0.002105736009354007,0.002105736009354007,MZI10_arm0,previous_layer_compensation,75,10,0,4.783,4.783,-0.0018087538625087699,False,7,0.1
7,4,optimized,,1,0.002105736009354007,0.002105736009354007,MZI11_arm1,previous_layer_compensation,70,11,1,3.69,3.69,0.006461283025349125,False,7,0.1
7,4,optimized,,1,0.002105736009354007,0.002105736009354007,MZI12_arm0,previous_layer_compensation,73,12,0,3.531,3.531,0.0006361108432998444,False,7,0.1
7,4,optimized,,1,0.002105736009354007,0.002105736009354007,MZI9_arm1,previous_layer_compensation,72,9,1,4.944,4.944,-0.0005951545460536591,False,7,0.1
7,4,optimized,,1,0.002105736009354007,0.002105736009354007,MZI11_arm0,previous_layer_compensation,74,11,0,3.804,3.804,-0.0029538337886642536,False,7,0.1
7,4,optimized,,1,0.002105736009354007,0.002105736009354007,MZI12_arm1,previous_layer_compensation,69,12,1,3.646,3.646,-9.615612340093047e-05,False,7,0.1
7,4,optimized,,2,0.0023031299497164206,0.001971129891846045,MZI13_arm0,current_layer,19,13,0,3.689,3.6838294175623436,0.051705824376566165,True,1,0.1
7,4,optimized,,2,0.001971129891846045,0.0017884029703432267,MZI13_arm1,current_layer,15,13,1,4.413,4.417771128298732,-0.0477112829873146,True,1,0.1
7,4,optimized,,2,0.0017884029703432267,0.0017499204274399281,MZI14_arm0,current_layer,20,14,0,4.128,4.127119290113199,0.017614197736033465,True,2,0.05
7,4,optimized,,2,0.0017499204274399281,0.0017087445822056174,MZI14_arm1,current_layer,16,14,1,4.636,4.637591468328969,-0.015914683289686034,True,1,0.1
7,4,optimized,,2,0.0017087445822056174,0.0017087445822056174,MZI15_arm1,current_layer,17,15,1,3.732,3.732,-5.107711001447888e-05,False,7,0.1
7,4,optimized,,2,0.0017087445822056174,0.0017087445822056174,MZI15_arm0,current_layer,21,15,0,3.678,3.678,-0.00039333893006172026,False,7,0.1
7,4,optimized,,2,0.0017087445822056174,0.0017087445822056174,MZI10_arm1,previous_layer_compensation,71,10,1,5.423,5.423,-0.010762908024780846,False,7,0.1
7,4,optimized,,2,0.0017087445822056174,0.0017002153439447478,MZI11_arm1,previous_layer_compensation,70,11,1,3.69,3.6899674608710176,0.0052062606371856834,True,5,0.00625
7,4,optimized,,2,0.0017002153439447478,0.0017002153439447478,MZI9_arm0,previous_layer_compensation,76,9,0,4.872,4.872,0.0031536907629500636,False,7,0.1
7,4,optimized,,2,0.0017002153439447478,0.0017002153439447478,MZI11_arm0,previous_layer_compensation,74,11,0,3.804,3.804,-0.004513126383367385,False,7,0.1
7,4,optimized,,2,0.0017002153439447478,0.0017002153439447478,MZI10_arm0,previous_layer_compensation,75,10,0,4.783,4.783,-8.415811603932792e-05,False,7,0.1
7,4,optimized,,2,0.0017002153439447478,0.0016926078926816814,MZI12_arm0,previous_layer_compensation,73,12,0,3.531,3.531006467170514,-0.0020694945644207483,True,6,0.003125
7,4,optimized,,2,0.0016926078926816814,0.0016926078926816814,MZI9_arm1,previous_layer_compensation,72,9,1,4.944,4.944,-0.0020953100350530837,False,7,0.1
7,4,optimized,,2,0.0016926078926816814,0.0016926078926816814,MZI12_arm1,previous_layer_compensation,69,12,1,3.646,3.646,-0.0002982442799216893,False,7,0.1
7,4,optimized,,3,0.0017684753861809139,0.0017252856985971164,MZI13_arm0,current_layer,19,13,0,3.684,3.681838922530313,0.021610774696871275,True,1,0.1
7,4,optimized,,3,0.0017252856985971164,0.0017119137789147038,MZI13_arm1,current_layer,15,13,1,4.418,4.4199440105407355,-0.01944010540735552,True,1,0.1
7,4,optimized,,3,0.0017119137789147038,0.0016765857683899773,MZI14_arm0,current_layer,20,14,0,4.127,4.126275858165946,0.00724141834053875,True,1,0.1
7,4,optimized,,3,0.0016765857683899773,0.0016762746053057844,MZI14_arm1,current_layer,16,14,1,4.638,4.6380173371718065,-0.0027739474890534537,True,5,0.00625
7,4,optimized,,3,0.0016762746053057844,0.0016672775022196573,MZI15_arm0,current_layer,21,15,0,3.678,3.6780031015725037,-0.0004962516006280625,True,5,0.00625
7,4,optimized,,3,0.0016672775022196573,0.0016672775022196573,MZI15_arm1,current_layer,17,15,1,3.732,3.732,-0.0005353643978320631,False,7,0.1
7,4,optimized,,3,0.0016672775022196573,0.0016548896822466221,MZI10_arm1,previous_layer_compensation,71,10,1,5.423,5.423015177554392,-0.009713634810887831,True,7,0.0015625
7,4,optimized,,3,0.0016548896822466221,0.0016548896822466221,MZI11_arm1,previous_layer_compensation,70,11,1,3.69,3.69,0.00542951310087344,False,7,0.1
7,4,optimized,,3,0.0016548896822466221,0.0016541232788892973,MZI11_arm0,previous_layer_compensation,74,11,0,3.804,3.8040082879902597,-0.005304313766274131,True,7,0.0015625
7,4,optimized,,3,0.0016541232788892973,0.0016217868601345982,MZI9_arm0,previous_layer_compensation,76,9,0,4.872,4.871963406705493,0.0014637317802466258,True,3,0.025
7,4,optimized,,3,0.0016217868601345982,0.0016217868601345982,MZI9_arm1,previous_layer_compensation,72,9,1,4.944,4.944,-0.0003907936984416234,False,7,0.1
7,4,optimized,,3,0.0016217868601345982,0.0016217868601345982,MZI12_arm0,previous_layer_compensation,73,12,0,3.531,3.531,-0.0016226452704987079,False,7,0.1
7,4,optimized,,3,0.0016217868601345982,0.0016217868601345982,MZI12_arm1,previous_layer_compensation,69,12,1,3.646,3.646,-0.00013049017658773958,False,7,0.1
7,4,optimized,,3,0.0016217868601345982,0.0016217868601345982,MZI10_arm0,previous_layer_compensation,75,10,0,4.783,4.783,0.0034994918750667217,False,7,0.1
7,4,optimized,,4,0.0016533655035137792,0.0016461019963867408,MZI13_arm0,current_layer,19,13,0,3.682,3.681276750925011,0.007232490749887461,True,1,0.1
7,4,optimized,,4,0.0016461019963867408,0.0016461019963867408,MZI13_arm1,current_layer,15,13,1,4.42,4.42,-0.009806366095943491,False,7,0.1
7,4,optimized,,4,0.0016461019963867408,0.0016461019963867408,MZI14_arm0,current_layer,20,14,0,4.126,4.126,0.0038594439218894803,False,7,0.1
7,4,optimized,,4,0.0016461019963867408,0.0016450515041044134,MZI14_arm1,current_layer,16,14,1,4.638,4.638143422986837,-0.0028684597367469103,True,2,0.05
7,4,optimized,,4,0.0016450515041044134,0.001644998562177036,MZI15_arm1,current_layer,17,15,1,3.732,3.732002455749519,-0.00019645996151019504,True,4,0.0125
7,4,optimized,,4,0.001644998562177036,0.001644998562177036,MZI15_arm0,current_layer,21,15,0,3.678,3.678,-0.0006896801076908844,False,7,0.1
7,4,optimized,,4,0.001644998562177036,0.001644998562177036,MZI10_arm1,previous_layer_compensation,71,10,1,5.423,5.423,-0.010382071137138845,False,7,0.1
7,4,optimized,,4,0.001644998562177036,0.001644998562177036,MZI11_arm1,previous_layer_compensation,70,11,1,3.69,3.69,0.005942536168192583,False,7,0.1
7,4,optimized,,4,0.001644998562177036,0.001644998562177036,MZI11_arm0,previous_layer_compensation,74,11,0,3.804,3.804,-0.00436465421863722,False,7,0.1
7,4,optimized,,4,0.001644998562177036,0.001634745543765506,MZI10_arm0,previous_layer_compensation,75,10,0,4.783,4.782903708523155,0.00385165907381639,True,3,0.025
7,4,optimized,,4,0.001634745543765506,0.001634745543765506,MZI12_arm0,previous_layer_compensation,73,12,0,3.531,3.531,-0.0006541982058568511,False,7,0.1
7,4,optimized,,4,0.001634745543765506,0.0016300963737900327,MZI9_arm0,previous_layer_compensation,76,9,0,4.872,4.871969692364128,0.0024246108697872737,True,4,0.0125
7,4,optimized,,4,0.0016300963737900327,0.0016300963737900327,MZI9_arm1,previous_layer_compensation,72,9,1,4.944,4.944,-0.0002074481483155711,False,7,0.1
7,4,optimized,,4,0.0016300963737900327,0.0016300963737900327,MZI12_arm1,previous_layer_compensation,69,12,1,3.646,3.646,-1.0914129095401565e-05,False,7,0.1
7,4,optimized,,5,0.0016745043092931198,0.0014539558459886436,MZI13_arm1,current_layer,15,13,1,4.42,4.421007983144858,-0.010079831448583008,True,1,0.1
7,4,optimized,,5,0.0014539558459886436,0.0014514376227150153,MZI13_arm0,current_layer,19,13,0,3.681,3.6807133775420646,0.002866224579353767,True,1,0.1
7,4,optimized,,5,0.0014514376227150153,0.0014362978547608606,MZI14_arm0,current_layer,20,14,0,4.126,4.126574030426355,-0.005740304263547399,True,1,0.1
7,4,optimized,,5,0.0014362978547608606,0.0014362978547608606,MZI14_arm1,current_layer,16,14,1,4.638,4.638,0.0045757406841798855,False,7,0.1
7,4,optimized,,5,0.0014362978547608606,0.0014362978547608606,MZI15_arm0,current_layer,21,15,0,3.678,3.678,0.0006757173007694512,False,7,0.1
7,4,optimized,,5,0.0014362978547608606,0.0014362978547608606,MZI15_arm1,current_layer,17,15,1,3.732,3.732,-0.00127189781364111,False,7,0.1
7,4,optimized,,5,0.0014362978547608606,0.0014362978547608606,MZI10_arm1,previous_layer_compensation,71,10,1,5.423,5.423,-0.0076413084967372445,False,7,0.1
7,4,optimized,,5,0.0014362978547608606,0.0014362978547608606,MZI11_arm1,previous_layer_compensation,70,11,1,3.69,3.69,0.0029879714858271093,False,7,0.1
7,4,optimized,,5,0.0014362978547608606,0.0014362978547608606,MZI11_arm0,previous_layer_compensation,74,11,0,3.804,3.804,-0.005270526376487605,False,7,0.1
7,4,optimized,,5,0.0014362978547608606,0.0014362978547608606,MZI10_arm0,previous_layer_compensation,75,10,0,4.783,4.783,0.004384139727743462,False,7,0.1
7,4,optimized,,5,0.0014362978547608606,0.0014362978547608606,MZI9_arm0,previous_layer_compensation,76,9,0,4.872,4.872,0.0029546731724594665,False,7,0.1
7,4,optimized,,5,0.0014362978547608606,0.0014362978547608606,MZI12_arm0,previous_layer_compensation,73,12,0,3.531,3.531,-0.0007973890921222842,False,7,0.1
7,4,optimized,,5,0.0014362978547608606,0.0014362978547608606,MZI9_arm1,previous_layer_compensation,72,9,1,4.944,4.944,-0.000351824731991819,False,7,0.1
7,4,optimized,,5,0.0014362978547608606,0.0014362978547608606,MZI12_arm1,previous_layer_compensation,69,12,1,3.646,3.646,0.0016197053617883522,False,7,0.1
7,4,optimized,,6,0.0014430358173719811,0.0014430358173719811,MZI13_arm1,current_layer,15,13,1,4.421,4.421,-0.0053544310801418174,False,7,0.1
7,4,optimized,,6,0.0014430358173719811,0.0014430358173719811,MZI14_arm0,current_layer,20,14,0,4.127,4.127,-0.0031820929444829507,False,7,0.1
7,4,optimized,,6,0.0014430358173719811,0.0014430358173719811,MZI14_arm1,current_layer,16,14,1,4.638,4.638,0.00483940925882932,False,7,0.1
7,4,optimized,,6,0.0014430358173719811,0.0014430358173719811,MZI13_arm0,current_layer,19,13,0,3.681,3.681,0.0025680096438170726,False,7,0.1
7,4,optimized,,6,0.0014430358173719811,0.0014430358173719811,MZI15_arm1,current_layer,17,15,1,3.732,3.732,-0.0013637947911705921,False,7,0.1
7,4,optimized,,6,0.0014430358173719811,0.0014430358173719811,MZI15_arm0,current_layer,21,15,0,3.678,3.678,0.0006047729880247346,False,7,0.1
7,4,optimized,,6,0.0014430358173719811,0.0014430358173719811,MZI10_arm1,previous_layer_compensation,71,10,1,5.423,5.423,-0.007296425680640453,False,7,0.1
7,4,optimized,,6,0.0014430358173719811,0.0014430358173719811,MZI11_arm0,previous_layer_compensation,74,11,0,3.804,3.804,-0.00504139150008491,False,7,0.1
7,4,optimized,,6,0.0014430358173719811,0.0014430358173719811,MZI10_arm0,previous_layer_compensation,75,10,0,4.783,4.783,0.004898723656846433,False,7,0.1
7,4,optimized,,6,0.0014430358173719811,0.0014430358173719811,MZI11_arm1,previous_layer_compensation,70,11,1,3.69,3.69,0.004646978133305344,False,7,0.1
7,4,optimized,,6,0.0014430358173719811,0.0014430358173719811,MZI9_arm0,previous_layer_compensation,76,9,0,4.872,4.872,0.003044352122294437,False,7,0.1
7,4,optimized,,6,0.0014430358173719811,0.0014430358173719811,MZI12_arm1,previous_layer_compensation,69,12,1,3.646,3.646,0.0006607160523254947,False,7,0.1
7,4,optimized,,6,0.0014430358173719811,0.0014430358173719811,MZI12_arm0,previous_layer_compensation,73,12,0,3.531,3.531,-0.0009702529552477485,False,7,0.1
7,4,optimized,,6,0.0014430358173719811,0.0014430358173719811,MZI9_arm1,previous_layer_compensation,72,9,1,4.944,4.944,-0.0010866089067640052,False,7,0.1
7,4,optimized,,7,0.0014481942537755087,0.0014449410588859447,MZI13_arm1,current_layer,15,13,1,4.421,4.421121002294591,-0.0048400917836278695,True,3,0.025
7,4,optimized,,7,0.0014449410588859447,0.0014449410588859447,MZI14_arm1,current_layer,16,14,1,4.638,4.638,0.0029944891343393026,False,7,0.1
7,4,optimized,,7,0.0014449410588859447,0.0014449410588859447,MZI14_arm0,current_layer,20,14,0,4.127,4.127,-0.003067688536396985,False,7,0.1
7,4,optimized,,7,0.0014449410588859447,0.0014449410588859447,MZI13_arm0,current_layer,19,13,0,3.681,3.681,0.0030140682476191318,False,7,0.1
7,4,optimized,,7,0.0014449410588859447,0.0014449410588859447,MZI15_arm1,current_layer,17,15,1,3.732,3.732,-0.0010340665294360188,False,7,0.1
7,4,optimized,,7,0.0014449410588859447,0.0014449410588859447,MZI15_arm0,current_layer,21,15,0,3.678,3.678,0.00013858067627241848,False,7,0.1
7,4,optimized,,7,0.0014449410588859447,0.0014449410588859447,MZI10_arm1,previous_layer_compensation,71,10,1,5.423,5.423,-0.007527662628573163,False,7,0.1
7,4,optimized,,7,0.0014449410588859447,0.0014449410588859447,MZI11_arm0,previous_layer_compensation,74,11,0,3.804,3.804,-0.005232630461765473,False,7,0.1
7,4,optimized,,7,0.0014449410588859447,0.0014449410588859447,MZI10_arm0,previous_layer_compensation,75,10,0,4.783,4.783,0.0016250189405681741,False,7,0.1
7,4,optimized,,7,0.0014449410588859447,0.0014449410588859447,MZI11_arm1,previous_layer_compensation,70,11,1,3.69,3.69,0.005000825559582917,False,7,0.1
7,4,optimized,,7,0.0014449410588859447,0.0014449410588859447,MZI9_arm0,previous_layer_compensation,76,9,0,4.872,4.872,0.0021676633575170535,False,7,0.1
7,4,optimized,,7,0.0014449410588859447,0.0014449410588859447,MZI9_arm1,previous_layer_compensation,72,9,1,4.944,4.944,0.00023750269583059082,False,7,0.1
7,4,optimized,,7,0.0014449410588859447,0.0014449410588859447,MZI12_arm0,previous_layer_compensation,73,12,0,3.531,3.531,-0.0021724326059440967,False,7,0.1
7,4,optimized,,7,0.0014449410588859447,0.0014449410588859447,MZI12_arm1,previous_layer_compensation,69,12,1,3.646,3.646,5.7547541954314294e-05,False,7,0.1
7,4,optimized,,8,0.0016861819755878862,0.0016682787748991102,MZI13_arm1,current_layer,15,13,1,4.421,4.421132230368145,-0.005289214725805011,True,3,0.025
7,4,optimized,,8,0.0016682787748991102,0.0016682787748991102,MZI14_arm0,current_layer,20,14,0,4.127,4.127,0.006675885190465836,False,7,0.1
7,4,optimized,,8,0.0016682787748991102,0.0016682787748991102,MZI13_arm0,current_layer,19,13,0,3.681,3.681,0.001006970796877206,False,7,0.1
7,4,optimized,,8,0.0016682787748991102,0.0016682787748991102,MZI14_arm1,current_layer,16,14,1,4.638,4.638,-0.011998392907790326,False,7,0.1
7,4,optimized,,8,0.0016682787748991102,0.0016491882943144602,MZI15_arm1,current_layer,17,15,1,3.732,3.7318280056114452,0.0017199438855515304,True,1,0.1
7,4,optimized,,8,0.0016491882943144602,0.0016491882943144602,MZI15_arm0,current_layer,21,15,0,3.678,3.678,-0.0011875437264143398,False,7,0.1
7,4,optimized,,8,0.0016491882943144602,0.0016491882943144602,MZI10_arm1,previous_layer_compensation,71,10,1,5.423,5.423,-0.010424025143571682,False,7,0.1
7,4,optimized,,8,0.0016491882943144602,0.0016491882943144602,MZI11_arm0,previous_layer_compensation,74,11,0,3.804,3.804,-0.004059533252444467,False,7,0.1
7,4,optimized,,8,0.0016491882943144602,0.0016336435338034471,MZI11_arm1,previous_layer_compensation,70,11,1,3.69,3.689863759594786,0.005449616208557296,True,3,0.025
7,4,optimized,,8,0.0016336435338034471,0.001632098123105845,MZI12_arm0,previous_layer_compensation,73,12,0,3.531,3.5310053107261417,-0.0008497161826250035,True,5,0.00625
7,4,optimized,,8,0.001632098123105845,0.001632098123105845,MZI9_arm0,previous_layer_compensation,76,9,0,4.872,4.872,0.001539167209770791,False,7,0.1
7,4,optimized,,8,0.001632098123105845,0.001632098123105845,MZI10_arm0,previous_layer_compensation,75,10,0,4.783,4.783,0.0018384382236791526,False,7,0.1
7,4,optimized,,8,0.001632098123105845,0.0016305524630937666,MZI9_arm1,previous_layer_compensation,72,9,1,4.944,4.94412475581131,-0.0012475581130984006,True,1,0.1
7,4,optimized,,8,0.0016305524630937666,0.00160759851608079,MZI12_arm1,previous_layer_compensation,69,12,1,3.646,3.6465565461243337,-0.022261844973357245,True,3,0.025
7,4,optimized,,9,0.0016544575847247198,0.001622124076345647,MZI14_arm1,current_layer,16,14,1,4.638,4.638577443871977,-0.011548877439552062,True,2,0.05
7,4,optimized,,9,0.001622124076345647,0.0016093344213879183,MZI14_arm0,current_layer,20,14,0,4.127,4.126812068060439,0.0037586387912101724,True,2,0.05
7,4,optimized,,9,0.0016093344213879183,0.0016093344213879183,MZI13_arm1,current_layer,15,13,1,4.421,4.421,-0.005949491881090634,False,7,0.1
7,4,optimized,,9,0.0016093344213879183,0.0016093344213879183,MZI15_arm1,current_layer,17,15,1,3.732,3.732,-0.0007471527562595,False,7,0.1
7,4,optimized,,9,0.0016093344213879183,0.0016030381734228143,MZI15_arm0,current_layer,21,15,0,3.678,3.6780336312532427,-0.0013452501297111616,True,3,0.025
7,4,optimized,,9,0.0016030381734228143,0.0015955466849651252,MZI13_arm0,current_layer,19,13,0,3.681,3.6809823809754034,0.0007047609838693035,True,3,0.025
7,4,optimized,,9,0.0015955466849651252,0.0015955466849651252,MZI12_arm1,previous_layer_compensation,69,12,1,3.647,3.647,0.0008640574415555233,False,7,0.1
7,4,optimized,,9,0.0015955466849651252,0.0015806908069276062,MZI10_arm1,previous_layer_compensation,71,10,1,5.423,5.423112069537642,-0.008965563011356302,True,4,0.0125
7,4,optimized,,9,0.0015806908069276062,0.0015806908069276062,MZI11_arm1,previous_layer_compensation,70,11,1,3.69,3.69,0.0066426190415122,False,7,0.1
7,4,optimized,,9,0.0015806908069276062,0.0015806908069276062,MZI11_arm0,previous_layer_compensation,74,11,0,3.804,3.804,-0.006069325552945085,False,7,0.1
7,4,optimized,,9,0.0015806908069276062,0.0015806908069276062,MZI10_arm0,previous_layer_compensation,75,10,0,4.783,4.783,0.0025848330560852327,False,7,0.1
7,4,optimized,,9,0.0015806908069276062,0.0015806908069276062,MZI9_arm0,previous_layer_compensation,76,9,0,4.872,4.872,0.0012126898485797955,False,7,0.1
7,4,optimized,,9,0.0015806908069276062,0.0015806908069276062,MZI9_arm1,previous_layer_compensation,72,9,1,4.944,4.944,0.00011649997694149627,False,7,0.1
7,4,optimized,,9,0.0015806908069276062,0.0015793226478884135,MZI12_arm0,previous_layer_compensation,73,12,0,3.531,3.530999798131258,3.229899876743857e-05,True,5,0.00625
7,4,optimized,,10,0.0015990378691385792,0.0015865794595605787,MZI14_arm1,current_layer,16,14,1,4.639,4.639589317130676,-0.005893171306760559,True,1,0.1
7,4,optimized,,10,0.0015865794595605787,0.001577860105484892,MZI13_arm1,current_layer,15,13,1,4.421,4.421227769651285,-0.004555393025693565,True,2,0.05
7,4,optimized,,10,0.001577860105484892,0.0015557305671211425,MZI14_arm0,current_layer,20,14,0,4.127,4.127034874346077,-0.002789947686183009,True,4,0.0125
7,4,optimized,,10,0.0015557305671211425,0.0015557305671211425,MZI15_arm0,current_layer,21,15,0,3.678,3.678,-0.00027652071864519705,False,7,0.1
7,4,optimized,,10,0.0015557305671211425,0.001555460741675812,MZI15_arm1,current_layer,17,15,1,3.732,3.7320021436272706,-0.001371921452981207,True,7,0.0015625
7,4,optimized,,10,0.001555460741675812,0.001555460741675812,MZI13_arm0,current_layer,19,13,0,3.681,3.681,0.000736883294467872,False,7,0.1
7,4,optimized,,10,0.001555460741675812,0.001555460741675812,MZI10_arm1,previous_layer_compensation,71,10,1,5.423,5.423,-0.03061798375617767,False,7,0.1
7,4,optimized,,10,0.001555460741675812,0.001555460741675812,MZI11_arm1,previous_layer_compensation,70,11,1,3.69,3.69,0.004556565341810546,False,7,0.1
7,4,optimized,,10,0.001555460741675812,0.001555460741675812,MZI11_arm0,previous_layer_compensation,74,11,0,3.804,3.804,-0.004947874453347052,False,7,0.1
7,4,optimized,,10,0.001555460741675812,0.001555460741675812,MZI10_arm0,previous_layer_compensation,75,10,0,4.783,4.783,0.002423995672005012,False,7,0.1
7,4,optimized,,10,0.001555460741675812,0.001555460741675812,MZI9_arm0,previous_layer_compensation,76,9,0,4.872,4.872,0.0004537062924412997,False,7,0.1
7,4,optimized,,10,0.001555460741675812,0.001555460741675812,MZI12_arm1,previous_layer_compensation,69,12,1,3.647,3.647,0.0014341547481169779,False,7,0.1
7,4,optimized,,10,0.001555460741675812,0.001555460741675812,MZI9_arm1,previous_layer_compensation,72,9,1,4.944,4.944,-0.0016440009578674846,False,7,0.1
7,4,optimized,,10,0.001555460741675812,0.001555460741675812,MZI12_arm0,previous_layer_compensation,73,12,0,3.531,3.531,-0.00155345820233814,False,7,0.1
7,5,optimized,,0,0.005802768047207494,0.005802768047207494,MZI17_arm0,current_layer,84,17,0,4.988,4.988,0.0004953980584055281,False,7,0.1
7,5,optimized,,0,0.005802768047207494,0.005788900272772848,MZI17_arm1,current_layer,80,17,1,2.982,2.9819299368314343,0.0028025267426337007,True,3,0.025
7,5,optimized,,0,0.005788900272772848,0.005788900272772848,MZI18_arm0,current_layer,83,18,0,4.694,4.694,-0.001733251977629822,False,7,0.1
7,5,optimized,,0,0.005788900272772848,0.005788900272772848,MZI18_arm1,current_layer,79,18,1,3.574,3.574,0.0013915459372125373,False,7,0.1
7,5,optimized,,0,0.005788900272772848,0.005746864930636187,MZI19_arm0,current_layer,82,19,0,4.567,4.566987916075872,0.0038668557208293734,True,6,0.003125
7,5,optimized,,0,0.005746864930636187,0.005746864930636187,MZI19_arm1,current_layer,78,19,1,5.473,5.473,-0.006939163146831817,False,7,0.1
7,5,optimized,,0,0.005746864930636187,0.005746864930636187,MZI20_arm0,current_layer,81,20,0,1.517,1.517,0.0005950613174905169,False,7,0.1
7,5,optimized,,0,0.005746864930636187,0.005746864930636187,MZI20_arm1,current_layer,77,20,1,4.585,4.585,0.006952139340972654,False,7,0.1
7,5,optimized,,0,0.005746864930636187,0.005746864930636187,MZI13_arm0,previous_layer_compensation,19,13,0,3.681,3.681,0.024649910218187892,False,7,0.1
7,5,optimized,,0,0.005746864930636187,0.005746864930636187,MZI13_arm1,previous_layer_compensation,15,13,1,4.421,4.421,-0.02857456353142175,False,7,0.1
7,5,optimized,,0,0.005746864930636187,0.0038954934214592797,MZI14_arm0,previous_layer_compensation,20,14,0,4.127,4.142715274594188,-0.15715274594188144,True,1,0.1
7,5,optimized,,0,0.0038954934214592797,0.0028477128956873486,MZI14_arm1,previous_layer_compensation,16,14,1,4.64,4.628676904342185,0.11323095657815219,True,1,0.1
7,5,optimized,,0,0.0028477128956873486,0.0028135736152230164,MZI15_arm0,previous_layer_compensation,21,15,0,3.678,3.6782818740618244,-0.005637481236489241,True,2,0.05
7,5,optimized,,0,0.0028135736152230164,0.0027911883938627566,MZI15_arm1,previous_layer_compensation,17,15,1,3.732,3.7319930835526045,0.004426526333211089,True,7,0.0015625
7,5,optimized,,1,0.002829097687666228,0.002772720668430808,MZI20_arm1,current_layer,77,20,1,4.585,4.584938987430736,0.004881005541156758,True,4,0.0125
7,5,optimized,,1,0.002772720668430808,0.002772720668430808,MZI19_arm1,current_layer,78,19,1,5.473,5.473,-0.009053576677874571,False,7,0.1
7,5,optimized,,1,0.002772720668430808,0.002772720668430808,MZI19_arm0,current_layer,82,19,0,4.567,4.567,0.011526116827103994,False,7,0.1
7,5,optimized,,1,0.002772720668430808,0.002772720668430808,MZI17_arm1,current_layer,80,17,1,2.982,2.982,-0.0005304630700459548,False,7,0.1
7,5,optimized,,1,0.002772720668430808,0.002751633827517687,MZI18_arm0,current_layer,83,18,0,4.694,4.69403553949181,-0.0028431593448181814,True,4,0.0125
7,5,optimized,,1,0.002751633827517687,0.002751633827517687,MZI18_arm1,current_layer,79,18,1,3.574,3.574,0.0029856910112265344,False,7,0.1
7,5,optimized,,1,0.002751633827517687,0.002751633827517687,MZI20_arm0,current_layer,81,20,0,1.517,1.517,0.001710777679994557,False,7,0.1
7,5,optimized,,1,0.002751633827517687,0.002751633827517687,MZI17_arm0,current_layer,84,17,0,4.988,4.988,0.0003842105206519246,False,7,0.1
7,5,optimized,,1,0.002751633827517687,0.0025448175002650898,MZI14_arm0,previous_layer_compensation,20,14,0,4.143,4.148155709441138,-0.05155709441137876,True,1,0.1
7,5,optimized,,1,0.0025448175002650898,0.002427046086815598,MZI14_arm1,previous_layer_compensation,16,14,1,4.629,4.624745100218889,0.04254899781110419,True,1,0.1
7,5,optimized,,1,0.002427046086815598,0.00235909574144143,MZI13_arm1,previous_layer_compensation,15,13,1,4.421,4.423477320859539,-0.024773208595388393,True,1,0.1
7,5,optimized,,1,0.00235909574144143,0.002314984275110193,MZI13_arm0,previous_layer_compensation,19,13,0,3.681,3.6792385277899955,0.017614722100043684,True,1,0.1
7,5,optimized,,1,0.002314984275110193,0.002314984275110193,MZI15_arm0,previous_layer_compensation,21,15,0,3.678,3.678,-0.004718724993292584,False,7,0.1
7,5,optimized,,1,0.002314984275110193,0.002314984275110193,MZI15_arm1,previous_layer_compensation,17,15,1,3.732,3.732,0.0042337027338212535,False,7,0.1
7,5,optimized,,2,0.0023600276168852332,0.002313222208044969,MZI19_arm0,current_layer,82,19,0,4.567,4.565991924676065,0.010080753239350183,True,1,0.1
7,5,optimized,,2,0.002313222208044969,0.002313222208044969,MZI19_arm1,current_layer,78,19,1,5.473,5.473,-0.01032828560466351,False,7,0.1
7,5,optimized,,2,0.002313222208044969,0.002313222208044969,MZI20_arm1,current_layer,77,20,1,4.585,4.585,0.003706508579670438,False,7,0.1
7,5,optimized,,2,0.002313222208044969,0.002313222208044969,MZI18_arm1,current_layer,79,18,1,3.574,3.574,0.0031797829360567897,False,7,0.1
7,5,optimized,,2,0.002313222208044969,0.002313222208044969,MZI18_arm0,current_layer,83,18,0,4.694,4.694,-0.0007169707728968585,False,7,0.1
7,5,optimized,,2,0.002313222208044969,0.002311923540015956,MZI20_arm0,current_layer,81,20,0,1.517,1.5168942556926897,0.001057443073103076,True,1,0.1
7,5,optimized,,2,0.002311923540015956,0.002311923540015956,MZI17_arm1,current_layer,80,17,1,2.982,2.982,0.0012303726257660737,False,7,0.1
7,5,optimized,,2,0.002311923540015956,0.0023108756262959955,MZI17_arm0,current_layer,84,17,0,4.988,5.001825145459867,-0.5530058183946317,True,3,0.025
7,5,optimized,,2,0.0023108756262959955,0.0023108756262959955,MZI14_arm0,previous_layer_compensation,20,14,0,4.148,4.148,-0.016982331036393288,False,7,0.1
7,5,optimized,,2,0.0023108756262959955,0.0023108756262959955,MZI14_arm1,previous_layer_compensation,16,14,1,4.625,4.625,0.022769536240925196,False,7,0.1
7,5,optimized,,2,0.0023108756262959955,0.0023068368838996597,MZI13_arm1,previous_layer_compensation,15,13,1,4.423,4.423033194532115,-0.005311125138339354,True,5,0.00625
7,5,optimized,,2,0.0023068368838996597,0.0023016357993613833,MZI13_arm0,previous_layer_compensation,19,13,0,3.679,3.6782464998685254,0.007535001314743952,True,1,0.1
7,5,optimized,,2,0.0023016357993613833,0.0023016357993613833,MZI15_arm0,previous_layer_compensation,21,15,0,3.678,3.678,-0.00202102142498327,False,7,0.1
7,5,optimized,,2,0.0023016357993613833,0.0023010416186943993,MZI15_arm1,previous_layer_compensation,17,15,1,3.732,3.73188980924507,0.0022038150986082496,True,2,0.05
7,5,optimized,,3,0.002312743203869414,0.002312743203869414,MZI17_arm0,current_layer,84,17,0,5.002,5.002,0.0015830771738953777,False,7,0.1
7,5,optimized,,3,0.002312743203869414,0.002304206047415035,MZI19_arm1,current_layer,78,19,1,5.473,5.473625371459985,-0.012507429199698718,True,2,0.05
7,5,optimized,,3,0.002304206047415035,0.002278659429347691,MZI19_arm0,current_layer,82,19,0,4.566,4.565084789765543,0.009152102344563899,True,1,0.1
7,5,optimized,,3,0.002278659429347691,0.002264181455605558,MZI20_arm1,current_layer,77,20,1,4.585,4.584609313584062,0.00390686415938124,True,1,0.1
7,5,optimized,,3,0.002264181455605558,0.002264181455605558,MZI18_arm1,current_layer,79,18,1,3.574,3.574,0.0038338808082291976,False,7,0.1
7,5,optimized,,3,0.002264181455605558,0.002264181455605558,MZI17_arm1,current_layer,80,17,1,2.982,2.982,4.441115627794655e-05,False,7,0.1
7,5,optimized,,3,0.002264181455605558,0.002264181455605558,MZI20_arm0,current_layer,81,20,0,1.517,1.517,-0.000953447383592747,False,7,0.1
7,5,optimized,,3,0.002264181455605558,0.002264181455605558,MZI18_arm0,current_layer,83,18,0,4.694,4.694,0.0001469869399434565,False,7,0.1
7,5,optimized,,3,0.002264181455605558,0.0022615298900430813,MZI14_arm1,previous_layer_compensation,16,14,1,4.625,4.622960587817044,0.020394121829561622,True,1,0.1
7,5,optimized,,3,0.0022615298900430813,0.0022615298900430813,MZI14_arm0,previous_layer_compensation,20,14,0,4.148,4.148,-0.00654496744521717,False,7,0.1
7,5,optimized,,3,0.0022615298900430813,0.0022615298900430813,MZI13_arm0,previous_layer_compensation,19,13,0,3.678,3.678,0.007159823484239902,False,7,0.1
7,5,optimized,,3,0.0022615298900430813,0.0022615298900430813,MZI13_arm1,previous_layer_compensation,15,13,1,4.423,4.423,-0.004307424600216274,False,7,0.1
7,5,optimized,,3,0.0022615298900430813,0.0022615298900430813,MZI15_arm1,previous_layer_compensation,17,15,1,3.732,3.732,0.0020737701757747654,False,7,0.1
7,5,optimized,,3,0.0022615298900430813,0.0022615298900430813,MZI15_arm0,previous_layer_compensation,21,15,0,3.678,3.678,-0.0034312855095718587,False,7,0.1
7,5,optimized,,4,0.0023238599713802043,0.0023020394042544126,MZI19_arm1,current_layer,78,19,1,5.474,5.474600489178961,-0.012009783579216601,True,2,0.05
7,5,optimized,,4,0.0023020394042544126,0.0022718768018036395,MZI19_arm0,current_layer,82,19,0,4.565,4.564053266208936,0.009467337910642706,True,1,0.1
7,5,optimized,,4,0.0022718768018036395,0.002267865543978022,MZI20_arm1,current_layer,77,20,1,4.585,4.584707409935962,0.0029259006403717495,True,1,0.1
7,5,optimized,,4,0.002267865543978022,0.0022455420215778134,MZI18_arm1,current_layer,79,18,1,3.574,3.573973558619307,0.0042306209108743395,True,5,0.00625
7,5,optimized,,4,0.0022455420215778134,0.002239905461635798,MZI17_arm0,current_layer,84,17,0,5.002,5.0018814868649555,0.0011851313504454319,True,1,0.1
7,5,optimized,,4,0.002239905461635798,0.002239905461635798,MZI20_arm0,current_layer,81,20,0,1.517,1.517,-0.00022437988604764373,False,7,0.1
7,5,optimized,,4,0.002239905461635798,0.002239905461635798,MZI18_arm0,current_layer,83,18,0,4.694,4.694,-0.002043096708142546,False,7,0.1
7,5,optimized,,4,0.002239905461635798,0.002239905461635798,MZI17_arm1,current_layer,80,17,1,2.982,2.982,0.0007779737544813487,False,7,0.1
7,5,optimized,,4,0.002239905461635798,0.002239905461635798,MZI14_arm1,previous_layer_compensation,16,14,1,4.623,4.623,0.012920722963465931,False,7,0.1
7,5,optimized,,4,0.002239905461635798,0.002239905461635798,MZI13_arm0,previous_layer_compensation,19,13,0,3.678,3.678,0.004956502550466756,False,7,0.1
7,5,optimized,,4,0.002239905461635798,0.002239905461635798,MZI14_arm0,previous_layer_compensation,20,14,0,4.148,4.148,-0.00559285286911938,False,7,0.1
7,5,optimized,,4,0.002239905461635798,0.002239905461635798,MZI13_arm1,previous_layer_compensation,15,13,1,4.423,4.423,-0.006411617469468155,False,7,0.1
7,5,optimized,,4,0.002239905461635798,0.002239905461635798,MZI15_arm0,previous_layer_compensation,21,15,0,3.678,3.678,-0.004034143858630683,False,7,0.1
7,5,optimized,,4,0.002239905461635798,0.002239905461635798,MZI15_arm1,previous_layer_compensation,17,15,1,3.732,3.732,0.001646873411641332,False,7,0.1
7,6,optimized,,0,0.02870597514303477,0.02870597514303477,MZI21_arm0,current_layer,27,21,0,4.273,4.273,0.0010042788478483277,False,7,0.1
7,6,optimized,,0,0.02870597514303477,0.02870597514303477,MZI21_arm1,current_layer,23,21,1,4.57,4.57,0.00389580642232885,False,7,0.1
7,6,optimized,,0,0.02870597514303477,0.014218754712640808,MZI22_arm0,current_layer,28,22,0,4.193,4.148855717748621,0.4414428225137872,True,1,0.1
7,6,optimized,,0,0.014218754712640808,0.007540437697448238,MZI22_arm1,current_layer,24,22,1,5.038,5.068630283519837,-0.306302835198367,True,1,0.1
7,6,optimized,,0,0.007540437697448238,0.005994348015804298,MZI23_arm0,current_layer,29,23,0,4.433,4.417740734455334,0.15259265544665312,True,1,0.1
7,6,optimized,,0,0.005994348015804298,0.005569431450698657,MZI23_arm1,current_layer,25,23,1,5.038,5.045582548288697,-0.07582548288696567,True,1,0.1
7,6,optimized,,0,0.005569431450698657,0.005555551076269025,MZI17_arm0,previous_layer_compensation,84,17,0,5.002,5.002581634482356,-0.0058163448235606955,True,1,0.1
7,6,optimized,,0,0.005555551076269025,0.005517093032806009,MZI17_arm1,previous_layer_compensation,80,17,1,2.982,2.9818862249984077,0.0022755000318515762,True,2,0.05
7,6,optimized,,0,0.005517093032806009,0.005503349614794659,MZI18_arm0,previous_layer_compensation,83,18,0,4.694,4.69397860993206,0.0004278013588005082,True,2,0.05
7,6,optimized,,0,0.005503349614794659,0.00546809657115425,MZI18_arm1,previous_layer_compensation,79,18,1,3.574,3.5739114813702524,0.007081490379808773,True,4,0.0125
7,6,optimized,,0,0.00546809657115425,0.00546809657115425,MZI19_arm0,previous_layer_compensation,82,19,0,4.564,4.564,-0.005087683387015635,False,7,0.1
7,6,optimized,,0,0.00546809657115425,0.00546809657115425,MZI19_arm1,previous_layer_compensation,78,19,1,5.475,5.475,-0.015210734611012456,False,7,0.1
7,6,optimized,,0,0.00546809657115425,0.00546809657115425,MZI20_arm0,previous_layer_compensation,81,20,0,1.517,1.517,0.001581847684462618,False,7,0.1
7,6,optimized,,0,0.00546809657115425,0.00546809657115425,MZI20_arm1,previous_layer_compensation,77,20,1,4.585,4.585,0.0011043239268008498,False,7,0.1
7,6,optimized,,1,0.005647853621008407,0.00483090746842779,MZI22_arm0,current_layer,28,22,0,4.149,4.139230452353505,0.09769547646494547,True,1,0.1
7,6,optimized,,1,0.00483090746842779,0.004510508657543842,MZI22_arm1,current_layer,24,22,1,5.069,5.076323404938463,-0.07323404938462809,True,1,0.1
7,6,optimized,,1,0.004510508657543842,0.004506986547074141,MZI23_arm0,current_layer,29,23,0,4.418,4.415518443260079,0.024815567399211255,True,1,0.1
7,6,optimized,,1,0.004506986547074141,0.004468408554856865,MZI23_arm1,current_layer,25,23,1,5.046,5.047456205477272,-0.014562054772719999,True,1,0.1
7,6,optimized,,1,0.004468408554856865,0.00445630836089169,MZI21_arm1,current_layer,23,21,1,4.57,4.570112643933662,-0.0011264393366202244,True,1,0.1
7,6,optimized,,1,0.00445630836089169,0.004448412912224517,MZI21_arm0,current_layer,27,21,0,4.273,4.272995638874444,0.0027911203558703946,True,7,0.0015625
7,6,optimized,,1,0.004448412912224517,0.004426567658171661,MZI19_arm1,previous_layer_compensation,78,19,1,5.475,5.475017555864507,-0.005617876642255709,True,6,0.003125
7,6,optimized,,1,0.004426567658171661,0.004426567658171661,MZI18_arm1,previous_layer_compensation,79,18,1,3.574,3.574,-0.00022593052497728373,False,7,0.1
7,6,optimized,,1,0.004426567658171661,0.004426567658171661,MZI17_arm0,previous_layer_compensation,84,17,0,5.003,5.003,-0.005510269392930366,False,7,0.1
7,6,optimized,,1,0.004426567658171661,0.004426567658171661,MZI19_arm0,previous_layer_compensation,82,19,0,4.564,4.564,0.001430922560063104,False,7,0.1
7,6,optimized,,1,0.004426567658171661,0.004426567658171661,MZI17_arm1,previous_layer_compensation,80,17,1,2.982,2.982,0.002290395038342765,False,7,0.1
7,6,optimized,,1,0.004426567658171661,0.004426567658171661,MZI20_arm0,previous_layer_compensation,81,20,0,1.517,1.517,-0.001400343596368404,False,7,0.1
7,6,optimized,,1,0.004426567658171661,0.004426567658171661,MZI20_arm1,previous_layer_compensation,77,20,1,4.585,4.585,0.003922097690962149,False,7,0.1
7,6,optimized,,1,0.004426567658171661,0.004426567658171661,MZI18_arm0,previous_layer_compensation,83,18,0,4.694,4.694,-0.003334259309170884,False,7,0.1
7,6,optimized,,2,0.004522318432488392,0.004430528783339758,MZI22_arm0,current_layer,28,22,0,4.139,4.136932010038329,0.02067989961670814,True,1,0.1
7,6,optimized,,2,0.004430528783339758,0.004425619138939579,MZI22_arm1,current_layer,24,22,1,5.076,5.077359207162407,-0.013592071624068305,True,1,0.1
7,6,optimized,,2,0.004425619138939579,0.0043517414695739476,MZI23_arm0,current_layer,29,23,0,4.416,4.414973667073114,0.010263329268868644,True,1,0.1
7,6,optimized,,2,0.0043517414695739476,0.0043517414695739476,MZI23_arm1,current_layer,25,23,1,5.047,5.047,-0.004178380899355825,False,7,0.1
7,6,optimized,,2,0.0043517414695739476,0.0043517414695739476,MZI21_arm0,current_layer,27,21,0,4.273,4.273,0.0009663243615575868,False,7,0.1
7,6,optimized,,2,0.0043517414695739476,0.0043517414695739476,MZI21_arm1,current_layer,23,21,1,4.57,4.57,-0.016110393338527627,False,7,0.1
7,6,optimized,,2,0.0043517414695739476,0.0043517414695739476,MZI19_arm1,previous_layer_compensation,78,19,1,5.475,5.475,-0.0031593013647623317,False,7,0.1
7,6,optimized,,2,0.0043517414695739476,0.0043517414695739476,MZI17_arm0,previous_layer_compensation,84,17,0,5.003,5.003,-0.0035678300514469896,False,7,0.1
7,6,optimized,,2,0.0043517414695739476,0.0043517414695739476,MZI20_arm1,previous_layer_compensation,77,20,1,4.585,4.585,0.0003869913593450851,False,7,0.1
7,6,optimized,,2,0.0043517414695739476,0.0043517414695739476,MZI18_arm0,previous_layer_compensation,83,18,0,4.694,4.694,-0.0017398166839594444,False,7,0.1
7,6,optimized,,2,0.0043517414695739476,0.0043517414695739476,MZI17_arm1,previous_layer_compensation,80,17,1,2.982,2.982,0.001737368014649835,False,7,0.1
7,6,optimized,,2,0.0043517414695739476,0.0043517414695739476,MZI19_arm0,previous_layer_compensation,82,19,0,4.564,4.564,0.0018980358322001204,False,7,0.1
7,6,optimized,,2,0.0043517414695739476,0.0043517414695739476,MZI20_arm0,previous_layer_compensation,81,20,0,1.517,1.517,-0.0007954383065366866,False,7,0.1
7,6,optimized,,2,0.0043517414695739476,0.0043517414695739476,MZI18_arm1,previous_layer_compensation,79,18,1,3.574,3.574,-0.00019929125155912218,False,7,0.1
7,6,optimized,,3,0.0044261056785726005,0.004414657553180101,MZI22_arm0,current_layer,28,22,0,4.137,4.136932832725153,0.005373381987742451,True,4,0.0125
7,6,optimized,,3,0.004414657553180101,0.004413247223888504,MZI21_arm1,current_layer,23,21,1,4.57,4.570085343833178,-0.00341375332708252,True,3,0.025
7,6,optimized,,3,0.004413247223888504,0.004391028083759166,MZI22_arm1,current_layer,24,22,1,5.077,5.078410621614052,-0.014106216140519188,True,1,0.1
7,6,optimized,,3,0.004391028083759166,0.004391028083759166,MZI23_arm0,current_layer,29,23,0,4.415,4.415,0.005872584310311736,False,7,0.1
7,6,optimized,,3,0.004391028083759166,0.004391028083759166,MZI23_arm1,current_layer,25,23,1,5.047,5.047,-0.004030895194505529,False,7,0.1
7,6,optimized,,3,0.004391028083759166,0.004384945986133829,MZI21_arm0,current_layer,27,21,0,4.273,4.273149473962254,-0.001494739622551362,True,1,0.1
7,6,optimized,,3,0.004384945986133829,0.0043613697985318755,MZI17_arm0,previous_layer_compensation,84,17,0,5.003,5.00368431543285,-0.006843154328499146,True,1,0.1
7,6,optimized,,3,0.0043613697985318755,0.0043613697985318755,MZI19_arm1,previous_layer_compensation,78,19,1,5.475,5.475,-0.0052587822481075675,False,7,0.1
7,6,optimized,,3,0.0043613697985318755,0.0043613697985318755,MZI19_arm0,previous_layer_compensation,82,19,0,4.564,4.564,0.0011037154662158514,False,7,0.1
7,6,optimized,,3,0.0043613697985318755,0.0043613697985318755,MZI18_arm0,previous_layer_compensation,83,18,0,4.694,4.694,-0.0019743682951474458,False,7,0.1
7,6,optimized,,3,0.0043613697985318755,0.0043613697985318755,MZI17_arm1,previous_layer_compensation,80,17,1,2.982,2.982,0.0005028682790472615,False,7,0.1
7,6,optimized,,3,0.0043613697985318755,0.0043613697985318755,MZI20_arm0,previous_layer_compensation,81,20,0,1.517,1.517,-0.00012377414865655755,False,7,0.1
7,6,optimized,,3,0.0043613697985318755,0.0043613697985318755,MZI20_arm1,previous_layer_compensation,77,20,1,4.585,4.585,0.002075408822705978,False,7,0.1
7,6,optimized,,3,0.0043613697985318755,0.0043613697985318755,MZI18_arm1,previous_layer_compensation,79,18,1,3.574,3.574,-0.0005524863288273351,False,7,0.1
7,6,optimized,,4,0.004452914379136656,0.0043871991666681745,MZI22_arm1,current_layer,24,22,1,5.078,5.078105711558336,-0.008456924666810858,True,4,0.0125
7,6,optimized,,4,0.0043871991666681745,0.0043871991666681745,MZI23_arm0,current_layer,29,23,0,4.415,4.415,0.005172072532418018,False,7,0.1
7,6,optimized,,4,0.0043871991666681745,0.0043871991666681745,MZI22_arm0,current_layer,28,22,0,4.137,4.137,0.004193664803370746,False,7,0.1
7,6,optimized,,4,0.0043871991666681745,0.0043871991666681745,MZI23_arm1,current_layer,25,23,1,5.047,5.047,-0.0059453974429238545,False,7,0.1
7,6,optimized,,4,0.0043871991666681745,0.004385072926512339,MZI21_arm1,current_layer,23,21,1,4.57,4.570016390532138,-0.00524497028405642,True,6,0.003125
7,6,optimized,,4,0.004385072926512339,0.004385072926512339,MZI21_arm0,current_layer,27,21,0,4.273,4.273,-0.00019140967062185904,False,7,0.1
7,6,optimized,,4,0.004385072926512339,0.004385072926512339,MZI17_arm0,previous_layer_compensation,84,17,0,5.004,5.004,-0.004176472983124572,False,7,0.1
7,6,optimized,,4,0.004385072926512339,0.004385072926512339,MZI19_arm1,previous_layer_compensation,78,19,1,5.475,5.475,-0.0056571776177775,False,7,0.1
7,6,optimized,,4,0.004385072926512339,0.004385072926512339,MZI20_arm1,previous_layer_compensation,77,20,1,4.585,4.585,0.0010282893008573687,False,7,0.1
7,6,optimized,,4,0.004385072926512339,0.004385072926512339,MZI18_arm0,previous_layer_compensation,83,18,0,4.694,4.694,-0.019183737421870486,False,7,0.1
7,6,optimized,,4,0.004385072926512339,0.004385072926512339,MZI19_arm0,previous_layer_compensation,82,19,0,4.564,4.564,0.0022209200708034247,False,7,0.1
7,6,optimized,,4,0.004385072926512339,0.004385072926512339,MZI18_arm1,previous_layer_compensation,79,18,1,3.574,3.574,0.0005153275389985263,False,7,0.1
7,6,optimized,,4,0.004385072926512339,0.004385072926512339,MZI17_arm1,previous_layer_compensation,80,17,1,2.982,2.982,0.0018462144137576545,False,7,0.1
7,6,optimized,,4,0.004385072926512339,0.004385072926512339,MZI20_arm0,previous_layer_compensation,81,20,0,1.517,1.517,-0.001906633037629584,False,7,0.1
7,7,optimized,,0,0.011305868367085354,0.011118715447462721,MZI25_arm0,current_layer,100,25,0,3.344,3.3437330138211645,0.0026698617883535894,True,1,0.1
7,7,optimized,,0,0.011118715447462721,0.011077990788177316,MZI25_arm1,current_layer,104,25,1,3.624,3.6239077552071035,0.007379583431713677,True,4,0.0125
7,7,optimized,,0,0.011077990788177316,0.011077990788177316,MZI26_arm0,current_layer,99,26,0,4.669,4.669,0.008592569406939986,False,7,0.1
7,7,optimized,,0,0.011077990788177316,0.011077990788177316,MZI26_arm1,current_layer,103,26,1,4.701,4.701,0.007963489335995442,False,7,0.1
7,7,optimized,,0,0.011077990788177316,0.0108923217452339,MZI27_arm0,current_layer,102,27,0,2.413,2.4129740417690297,0.004153316955245739,True,5,0.00625
7,7,optimized,,0,0.0108923217452339,0.0108923217452339,MZI27_arm1,current_layer,98,27,1,4.083,4.083,0.003490236879102609,False,7,0.1
7,7,optimized,,0,0.0108923217452339,0.010808042097464615,MZI28_arm0,current_layer,101,28,0,2.478,2.4780274545972887,-0.0021963677830734944,True,4,0.0125
7,7,optimized,,0,0.010808042097464615,0.010808042097464615,MZI28_arm1,current_layer,97,28,1,4.936,4.936,0.016236134758574508,False,7,0.1
7,7,optimized,,0,0.010808042097464615,0.010808042097464615,MZI21_arm0,previous_layer_compensation,27,21,0,4.273,4.273,-2.1918417274745717e-05,False,7,0.1
7,7,optimized,,0,0.010808042097464615,0.010808042097464615,MZI21_arm1,previous_layer_compensation,23,21,1,4.57,4.57,0.0024638999694053328,False,7,0.1
7,7,optimized,,0,0.010808042097464615,0.00840075727692978,MZI22_arm0,previous_layer_compensation,28,22,0,4.137,4.155556663653128,-0.1855666365312781,True,1,0.1
7,7,optimized,,0,0.00840075727692978,0.007038807797493783,MZI22_arm1,previous_layer_compensation,24,22,1,5.078,5.06425808616336,0.13741913836640532,True,1,0.1
7,7,optimized,,0,0.007038807797493783,0.005408981084341091,MZI23_arm0,previous_layer_compensation,29,23,0,4.415,4.428771542087696,-0.1377154208769557,True,1,0.1
7,7,optimized,,0,0.005408981084341091,0.005149589255074734,MZI23_arm1,previous_layer_compensation,25,23,1,5.047,5.039975796993722,0.07024203006277588,True,1,0.1
7,7,optimized,,1,0.0052688349912494836,0.005146503413554698,MZI28_arm1,current_layer,97,28,1,4.936,4.935233967233993,0.007660327660075713,True,1,0.1
7,7,optimized,,1,0.005146503413554698,0.005125474215947556,MZI26_arm0,current_layer,99,26,0,4.669,4.669073729772072,-0.002949190882914883,True,3,0.025
7,7,optimized,,1,0.005125474215947556,0.005125474215947556,MZI26_arm1,current_layer,103,26,1,4.701,4.701,0.006551893552313917,False,7,0.1
7,7,optimized,,1,0.005125474215947556,0.005104877396429433,MZI25_arm1,current_layer,104,25,1,3.624,3.623994640886479,0.0034298326533839098,True,7,0.0015625
7,7,optimized,,1,0.005104877396429433,0.005104877396429433,MZI27_arm0,current_layer,102,27,0,2.413,2.413,-0.004138607401423614,False,7,0.1
7,7,optimized,,1,0.005104877396429433,0.005104877396429433,MZI27_arm1,current_layer,98,27,1,4.083,4.083,0.0012038395677754512,False,7,0.1
7,7,optimized,,1,0.005104877396429433,0.005104877396429433,MZI25_arm0,current_layer,100,25,0,3.344,3.344,-0.0028079930895853946,False,7,0.1
7,7,optimized,,1,0.005104877396429433,0.005104877396429433,MZI28_arm0,current_layer,101,28,0,2.478,2.478,-0.008263480578481168,False,7,0.1
7,7,optimized,,1,0.005104877396429433,0.005084281694921828,MZI22_arm0,previous_layer_compensation,28,22,0,4.156,4.157031679025727,-0.041267161029101086,True,3,0.025
7,7,optimized,,1,0.005084281694921828,0.005048899140397283,MZI23_arm0,previous_layer_compensation,29,23,0,4.429,4.429538141277431,-0.021525651097222077,True,3,0.025
7,7,optimized,,1,0.005048899140397283,0.005004610505282459,MZI22_arm1,previous_layer_compensation,24,22,1,5.064,5.061770988269819,0.04458023460362373,True,2,0.05
7,7,optimized,,1,0.005004610505282459,0.004988838592751317,MZI23_arm1,previous_layer_compensation,25,23,1,5.04,5.03979554065364,0.016356747708844762,True,4,0.0125
7,7,optimized,,1,0.004988838592751317,0.004988838592751317,MZI21_arm1,previous_layer_compensation,23,21,1,4.57,4.57,0.0047781246143028845,False,7,0.1
7,7,optimized,,1,0.004988838592751317,0.004988838592751317,MZI21_arm0,previous_layer_compensation,27,21,0,4.273,4.273,0.0016182269201516243,False,7,0.1
7,7,optimized,,2,0.005003993601584485,0.005003993601584485,MZI28_arm0,current_layer,101,28,0,2.478,2.478,-0.0010840486746755982,False,7,0.1
7,7,optimized,,2,0.005003993601584485,0.004996078511205135,MZI28_arm1,current_layer,97,28,1,4.935,4.934931023849744,0.011036184040903748,True,5,0.00625
7,7,optimized,,2,0.004996078511205135,0.004953499497570339,MZI26_arm1,current_layer,103,26,1,4.701,4.700888894893899,0.004444204244008387,True,3,0.025
7,7,optimized,,2,0.004953499497570339,0.004953499497570339,MZI27_arm0,current_layer,102,27,0,2.413,2.413,0.0007815972173013735,False,7,0.1
7,7,optimized,,2,0.004953499497570339,0.004953499497570339,MZI25_arm1,current_layer,104,25,1,3.624,3.624,0.0008093767698214269,False,7,0.1
7,7,optimized,,2,0.004953499497570339,0.004953499497570339,MZI26_arm0,current_layer,99,26,0,4.669,4.669,-0.001963239593715772,False,7,0.1
7,7,optimized,,2,0.004953499497570339,0.004953499497570339,MZI25_arm0,current_layer,100,25,0,3.344,3.344,-0.0007235284025167495,False,7,0.1
7,7,optimized,,2,0.004953499497570339,0.004953499497570339,MZI27_arm1,current_layer,98,27,1,4.083,4.083,-0.0018233366616249127,False,7,0.1
7,7,optimized,,2,0.004953499497570339,0.004953499497570339,MZI22_arm1,previous_layer_compensation,24,22,1,5.062,5.062,0.03060584376201629,False,7,0.1
7,7,optimized,,2,0.004953499497570339,0.004867757268759553,MZI22_arm0,previous_layer_compensation,28,22,0,4.157,4.1597022484628035,-0.027022484628035765,True,1,0.1
7,7,optimized,,2,0.004867757268759553,0.004867757268759553,MZI23_arm0,previous_layer_compensation,29,23,0,4.43,4.43,-0.018181972288489813,False,7,0.1
7,7,optimized,,2,0.004867757268759553,0.004867757268759553,MZI23_arm1,previous_layer_compensation,25,23,1,5.04,5.04,0.01850839494052972,False,7,0.1
7,7,optimized,,2,0.004867757268759553,0.004867757268759553,MZI21_arm1,previous_layer_compensation,23,21,1,4.57,4.57,0.000245504236692464,False,7,0.1
7,7,optimized,,2,0.004867757268759553,0.004867757268759553,MZI21_arm0,previous_layer_compensation,27,21,0,4.273,4.273,-0.0008526718507842184,False,7,0.1
7,7,optimized,,3,0.005046347245952287,0.00499877837355613,MZI28_arm1,current_layer,97,28,1,4.935,4.934187730286824,0.008122697131764696,True,1,0.1
7,7,optimized,,3,0.00499877837355613,0.004989113502127036,MZI26_arm1,current_layer,103,26,1,4.701,4.70093044856446,0.005564114843163248,True,4,0.0125
7,7,optimized,,3,0.004989113502127036,0.004888300995368003,MZI26_arm0,current_layer,99,26,0,4.669,4.669204242487273,-0.0040848497454659075,True,2,0.05
7,7,optimized,,3,0.004888300995368003,0.004888300995368003,MZI27_arm1,current_layer,98,27,1,4.083,4.083,-0.0003055109262716199,False,7,0.1
7,7,optimized,,3,0.004888300995368003,0.004888300995368003,MZI28_arm0,current_layer,101,28,0,2.478,2.478,-0.004356107289850893,False,7,0.1
7,7,optimized,,3,0.004888300995368003,0.004888300995368003,MZI25_arm1,current_layer,104,25,1,3.624,3.624,0.00309076492903935,False,7,0.1
7,7,optimized,,3,0.004888300995368003,0.004888300995368003,MZI27_arm0,current_layer,102,27,0,2.413,2.413,0.0031379245101251767,False,7,0.1
7,7,optimized,,3,0.004888300995368003,0.004885231480590751,MZI25_arm0,current_layer,100,25,0,3.344,3.3440026574895523,-0.0017007933135404307,True,7,0.0015625
7,7,optimized,,3,0.004885231480590751,0.004885231480590751,MZI22_arm1,previous_layer_compensation,24,22,1,5.062,5.062,0.016074232046168292,False,7,0.1
7,7,optimized,,3,0.004885231480590751,0.004885231480590751,MZI22_arm0,previous_layer_compensation,28,22,0,4.16,4.16,-0.012602676808080434,False,7,0.1
7,7,optimized,,3,0.004885231480590751,0.004885231480590751,MZI23_arm1,previous_layer_compensation,25,23,1,5.04,5.04,0.017235233370552952,False,7,0.1
7,7,optimized,,3,0.004885231480590751,0.004884491616226642,MZI23_arm0,previous_layer_compensation,29,23,0,4.43,4.431200496203574,-0.012004962035739421,True,1,0.1
7,7,optimized,,3,0.004884491616226642,0.004884491616226642,MZI21_arm0,previous_layer_compensation,27,21,0,4.273,4.273,0.0001512281907190937,False,7,0.1
7,7,optimized,,3,0.004884491616226642,0.004884491616226642,MZI21_arm1,previous_layer_compensation,23,21,1,4.57,4.57,0.003150921170786663,False,7,0.1
7,7,optimized,,4,0.004964229448485802,0.004887064789941935,MZI28_arm1,current_layer,97,28,1,4.934,4.933037947454499,0.009620525455007408,True,1,0.1
7,7,optimized,,4,0.004887064789941935,0.004887064789941935,MZI26_arm1,current_layer,103,26,1,4.701,4.701,0.0044697267693122105,False,7,0.1
7,7,optimized,,4,0.004887064789941935,0.004887064789941935,MZI28_arm0,current_layer,101,28,0,2.478,2.478,-0.004234843148567311,False,7,0.1
7,7,optimized,,4,0.004887064789941935,0.004882513315019712,MZI26_arm0,current_layer,99,26,0,4.669,4.669013708611673,-0.004386755735390654,True,6,0.003125
7,7,optimized,,4,0.004882513315019712,0.004882513315019712,MZI27_arm0,current_layer,102,27,0,2.413,2.413,0.00012950679056844452,False,7,0.1
7,7,optimized,,4,0.004882513315019712,0.004845767326516453,MZI25_arm1,current_layer,104,25,1,3.624,3.6239151941367673,0.001696117264656523,True,2,0.05
7,7,optimized,,4,0.004845767326516453,0.004845767326516453,MZI25_arm0,current_layer,100,25,0,3.344,3.344,-0.0006662806475924826,False,7,0.1
7,7,optimized,,4,0.004845767326516453,0.004845767326516453,MZI27_arm1,current_layer,98,27,1,4.083,4.083,-0.0026925820935106617,False,7,0.1
7,7,optimized,,4,0.004845767326516453,0.004845767326516453,MZI23_arm1,previous_layer_compensation,25,23,1,5.04,5.04,0.008696421624277915,False,7,0.1
7,7,optimized,,4,0.004845767326516453,0.004845767326516453,MZI22_arm1,previous_layer_compensation,24,22,1,5.062,5.062,0.013673384312469146,False,7,0.1
7,7,optimized,,4,0.004845767326516453,0.004845767326516453,MZI22_arm0,previous_layer_compensation,28,22,0,4.16,4.16,-0.012480946112752146,False,7,0.1
7,7,optimized,,4,0.004845767326516453,0.004845767326516453,MZI23_arm0,previous_layer_compensation,29,23,0,4.431,4.431,-0.006672287462720278,False,7,0.1
7,7,optimized,,4,0.004845767326516453,0.004845767326516453,MZI21_arm1,previous_layer_compensation,23,21,1,4.57,4.57,0.00032821971250360504,False,7,0.1
7,7,optimized,,4,0.004845767326516453,0.004845767326516453,MZI21_arm0,previous_layer_compensation,27,21,0,4.273,4.273,-0.000880531000648071,False,7,0.1
7,7,optimized,,5,0.0049310109422871,0.004928909169259663,MZI28_arm1,current_layer,97,28,1,4.933,4.932942763082525,0.009157906795956251,True,5,0.00625
7,7,optimized,,5,0.004928909169259663,0.0048854687052853445,MZI26_arm1,current_layer,103,26,1,4.701,4.700928699348743,0.0007130065125700714,True,1,0.1
7,7,optimized,,5,0.0048854687052853445,0.0048854687052853445,MZI26_arm0,current_layer,99,26,0,4.669,4.669,-0.001046187565492902,False,7,0.1
7,7,optimized,,5,0.0048854687052853445,0.0048854687052853445,MZI28_arm0,current_layer,101,28,0,2.478,2.478,-0.00618619375889104,False,7,0.1
7,7,optimized,,5,0.0048854687052853445,0.0048854687052853445,MZI27_arm1,current_layer,98,27,1,4.083,4.083,-0.0046965774750331235,False,7,0.1
7,7,optimized,,5,0.0048854687052853445,0.0048854687052853445,MZI25_arm1,current_layer,104,25,1,3.624,3.624,0.0012010936858912284,False,7,0.1
7,7,optimized,,5,0.0048854687052853445,0.0048854687052853445,MZI25_arm0,current_layer,100,25,0,3.344,3.344,-0.0005469298835998827,False,7,0.1
7,7,optimized,,5,0.0048854687052853445,0.0048854687052853445,MZI27_arm0,current_layer,102,27,0,2.413,2.413,0.003372460919746583,False,7,0.1
7,7,optimized,,5,0.0048854687052853445,0.0048854687052853445,MZI22_arm1,previous_layer_compensation,24,22,1,5.062,5.062,0.022356445701424078,False,7,0.1
7,7,optimized,,5,0.0048854687052853445,0.0048854687052853445,MZI22_arm0,previous_layer_compensation,28,22,0,4.16,4.16,-0.017119687634166846,False,7,0.1
7,7,optimized,,5,0.0048854687052853445,0.0048854687052853445,MZI23_arm1,previous_layer_compensation,25,23,1,5.04,5.04,0.005573187188973678,False,7,0.1
7,7,optimized,,5,0.0048854687052853445,0.0048854687052853445,MZI23_arm0,previous_layer_compensation,29,23,0,4.431,4.431,-0.006473354852827668,False,7,0.1
7,7,optimized,,5,0.0048854687052853445,0.0048854687052853445,MZI21_arm0,previous_layer_compensation,27,21,0,4.273,4.273,-0.0010269248288604556,False,7,0.1
7,7,optimized,,5,0.0048854687052853445,0.0048854687052853445,MZI21_arm1,previous_layer_compensation,23,21,1,4.57,4.57,0.0010011183007660111,False,7,0.1
