timestamp,scan_type,mzi_id,point_index,scan_axis,scan_value,input_channel,output_channel,target_power_w,voltage_v,p_primary,p_secondary,v_primary,v_secondary,bmzi,opm_channel,is_target_output,opm_median_uW,opm_mean_uW,opm_std_uW,opm_relative_std,opm_raw_uW
2026-06-09T19:38:32,delta_current_probe,5,1,probe_axis_power_w,-0.001000000000,2,2,0.022069321411,3.361681870726,,,,,,1,False,31.998060000000,32.006426666667,0.085724241742,0.002678344654,"[32.11535, 31.99806, 31.90587]"
2026-06-09T19:38:32,delta_current_probe,5,1,probe_axis_power_w,-0.001000000000,2,2,0.022069321411,3.361681870726,,,,,,2,True,72.035680000000,72.085720000000,0.155927934850,0.002163090482,"[71.92475, 72.03568, 72.29673]"
2026-06-09T19:38:32,delta_current_probe,5,1,probe_axis_power_w,-0.001000000000,2,2,0.022069321411,3.361681870726,,,,,,3,False,43.918470000000,43.909656666667,0.032599716086,0.000742427032,"[43.86606, 43.91847, 43.94444]"
2026-06-09T19:38:32,delta_current_probe,5,1,probe_axis_power_w,-0.001000000000,2,2,0.022069321411,3.361681870726,,,,,,4,False,17.804800000000,17.819560000000,0.033572206759,0.001884008739,"[17.86602, 17.8048, 17.78786]"
2026-06-09T19:38:32,delta_current_probe,5,1,probe_axis_power_w,-0.001000000000,2,2,0.022069321411,3.361681870726,,,,,,5,False,2.218457000000,2.222607000000,0.012629829769,0.005682439482,"[2.2397270000000002, 2.218457, 2.209637]"
2026-06-09T19:38:32,delta_current_probe,5,1,probe_axis_power_w,-0.001000000000,2,2,0.022069321411,3.361681870726,,,,,,6,False,0.620661500000,0.621967766667,0.007009995807,0.011270673791,"[0.6311315, 0.6206615000000001, 0.6141103]"
2026-06-09T19:38:32,delta_current_probe,5,1,probe_axis_power_w,-0.001000000000,2,2,0.022069321411,3.361681870726,,,,,,7,False,0.076128180000,0.076063340000,0.000302277945,0.003974029343,"[0.07566499, 0.07612817999999999, 0.07639685]"
2026-06-09T19:38:32,delta_current_probe,5,1,probe_axis_power_w,-0.001000000000,2,2,0.022069321411,3.361681870726,,,,,,8,False,0.041636610000,0.041658980000,0.000038452293,0.000923025321,"[0.04171309, 0.04163661, 0.04162724]"
2026-06-09T19:38:45,delta_current_probe,5,2,probe_axis_power_w,-0.000500000000,2,2,0.022569321411,3.399549528979,,,,,,1,False,33.176280000000,33.184193333333,0.013710690071,0.000413169304,"[33.20348, 33.17282, 33.17628]"
2026-06-09T19:38:45,delta_current_probe,5,2,probe_axis_power_w,-0.000500000000,2,2,0.022569321411,3.399549528979,,,,,,2,True,75.650650000000,75.661913333333,0.069448071887,0.000917873588,"[75.75204000000001, 75.58305, 75.65065]"
2026-06-09T19:38:45,delta_current_probe,5,2,probe_axis_power_w,-0.000500000000,2,2,0.022569321411,3.399549528979,,,,,,3,False,40.306300000000,40.297000000000,0.020848027884,0.000517359304,"[40.3063, 40.26812, 40.316579999999995]"
2026-06-09T19:38:45,delta_current_probe,5,2,probe_axis_power_w,-0.000500000000,2,2,0.022569321411,3.399549528979,,,,,,4,False,16.800460000000,16.803026666667,0.007339615491,0.000436803181,"[16.80046, 16.7956, 16.81302]"
2026-06-09T19:38:45,delta_current_probe,5,2,probe_axis_power_w,-0.000500000000,2,2,0.022569321411,3.399549528979,,,,,,5,False,2.178933000000,2.180069000000,0.002337889789,0.001072392566,"[2.1779479999999998, 2.183326, 2.178933]"
2026-06-09T19:38:45,delta_current_probe,5,2,probe_axis_power_w,-0.000500000000,2,2,0.022569321411,3.399549528979,,,,,,6,False,0.584522000000,0.584462266667,0.000397435155,0.000680001392,"[0.5845220000000001, 0.5849164, 0.5839483999999999]"
2026-06-09T19:38:45,delta_current_probe,5,2,probe_axis_power_w,-0.000500000000,2,2,0.022569321411,3.399549528979,,,,,,7,False,0.075008610000,0.075101383333,0.000221796045,0.002953288416,"[0.07488828, 0.07500860999999999, 0.07540726]"
2026-06-09T19:38:45,delta_current_probe,5,2,probe_axis_power_w,-0.000500000000,2,2,0.022569321411,3.399549528979,,,,,,8,False,0.042455380000,0.042471223333,0.000083753597,0.001972008106,"[0.04237749, 0.04245538, 0.042580799999999995]"
2026-06-09T19:39:00,delta_current_probe,5,3,probe_axis_power_w,0.000000000000,2,2,0.023069321411,3.437000000000,,,,,,1,False,34.530520000000,34.534700000000,0.013218993910,0.000382774251,"[34.55257, 34.52101, 34.530519999999996]"
2026-06-09T19:39:00,delta_current_probe,5,3,probe_axis_power_w,0.000000000000,2,2,0.023069321411,3.437000000000,,,,,,2,True,78.875490000000,78.883616666667,0.057532275772,0.000729331111,"[78.95779, 78.87549, 78.81757]"
2026-06-09T19:39:00,delta_current_probe,5,3,probe_axis_power_w,0.000000000000,2,2,0.023069321411,3.437000000000,,,,,,3,False,36.764000000000,36.738606666667,0.040199656162,0.001094207424,"[36.76996, 36.764, 36.68186]"
2026-06-09T19:39:00,delta_current_probe,5,3,probe_axis_power_w,0.000000000000,2,2,0.023069321411,3.437000000000,,,,,,4,False,15.804770000000,15.800033333333,0.020552440785,0.001300784647,"[15.8225, 15.77283, 15.80477]"
2026-06-09T19:39:00,delta_current_probe,5,3,probe_axis_power_w,0.000000000000,2,2,0.023069321411,3.437000000000,,,,,,5,False,2.152185000000,2.152558666667,0.001274879428,0.000592262338,"[2.1521850000000002, 2.1542730000000003, 2.151218]"
2026-06-09T19:39:00,delta_current_probe,5,3,probe_axis_power_w,0.000000000000,2,2,0.023069321411,3.437000000000,,,,,,6,False,0.554692200000,0.555110900000,0.000771804798,0.001390361454,"[0.5544473, 0.5546922000000001, 0.5561931999999999]"
2026-06-09T19:39:00,delta_current_probe,5,3,probe_axis_power_w,0.000000000000,2,2,0.023069321411,3.437000000000,,,,,,7,False,0.073352660000,0.073366960000,0.000093855513,0.001279261301,"[0.07335266, 0.07325983, 0.07348839]"
2026-06-09T19:39:00,delta_current_probe,5,3,probe_axis_power_w,0.000000000000,2,2,0.023069321411,3.437000000000,,,,,,8,False,0.043349380000,0.043340206667,0.000029176910,0.000673206531,"[0.04337046, 0.043300780000000004, 0.04334938]"
2026-06-09T19:39:13,delta_current_probe,5,4,probe_axis_power_w,0.000500000000,2,2,0.023569321411,3.474046775738,,,,,,1,False,36.072940000000,36.070603333333,0.015353567085,0.000425653182,"[36.07294, 36.05074, 36.08813]"
2026-06-09T19:39:13,delta_current_probe,5,4,probe_axis_power_w,0.000500000000,2,2,0.023569321411,3.474046775738,,,,,,2,True,81.881260000000,81.917790000000,0.070807653541,0.000864374558,"[81.85531, 81.88126, 82.0168]"
2026-06-09T19:39:13,delta_current_probe,5,4,probe_axis_power_w,0.000500000000,2,2,0.023569321411,3.474046775738,,,,,,3,False,33.229290000000,33.222960000000,0.034093965253,0.001026216967,"[33.1784, 33.229290000000006, 33.26119]"
2026-06-09T19:39:13,delta_current_probe,5,4,probe_axis_power_w,0.000500000000,2,2,0.023569321411,3.474046775738,,,,,,4,False,14.815620000000,14.813013333333,0.004884508391,0.000329744413,"[14.815620000000001, 14.81725, 14.80617]"
2026-06-09T19:39:13,delta_current_probe,5,4,probe_axis_power_w,0.000500000000,2,2,0.023569321411,3.474046775738,,,,,,5,False,2.118454000000,2.117812666667,0.001044217517,0.000493064157,"[2.1184540000000003, 2.1186439999999997, 2.1163399999999997]"
2026-06-09T19:39:13,delta_current_probe,5,4,probe_axis_power_w,0.000500000000,2,2,0.023569321411,3.474046775738,,,,,,6,False,0.527562000000,0.527198633333,0.000757734696,0.001437285015,"[0.52789, 0.5275620000000001, 0.5261439]"
2026-06-09T19:39:13,delta_current_probe,5,4,probe_axis_power_w,0.000500000000,2,2,0.023569321411,3.474046775738,,,,,,7,False,0.071462720000,0.071423753333,0.000093204804,0.001304955285,"[0.07129521999999999, 0.07146272, 0.07151331999999999]"
2026-06-09T19:39:13,delta_current_probe,5,4,probe_axis_power_w,0.000500000000,2,2,0.023569321411,3.474046775738,,,,,,8,False,0.044130090000,0.044125713333,0.000079721581,0.001806692167,"[0.04402596, 0.044130090000000004, 0.04422109]"
2026-06-09T19:39:26,delta_current_probe,5,5,probe_axis_power_w,0.001000000000,2,2,0.024069321411,3.510702636230,,,,,,1,False,37.662190000000,37.678160000000,0.025722282169,0.000682684138,"[37.65784, 37.66219, 37.71445]"
2026-06-09T19:39:26,delta_current_probe,5,5,probe_axis_power_w,0.001000000000,2,2,0.024069321411,3.510702636230,,,,,,2,True,84.764680000000,84.766876666667,0.061718113135,0.000728092335,"[84.76468, 84.69241, 84.84354]"
2026-06-09T19:39:26,delta_current_probe,5,5,probe_axis_power_w,0.001000000000,2,2,0.024069321411,3.510702636230,,,,,,3,False,29.734010000000,29.725030000000,0.025897783689,0.000871244998,"[29.689790000000002, 29.75129, 29.73401]"
2026-06-09T19:39:26,delta_current_probe,5,5,probe_axis_power_w,0.001000000000,2,2,0.024069321411,3.510702636230,,,,,,4,False,13.813530000000,13.809990000000,0.005801540025,0.000420097337,"[13.80181, 13.81353, 13.814630000000001]"
2026-06-09T19:39:26,delta_current_probe,5,5,probe_axis_power_w,0.001000000000,2,2,0.024069321411,3.510702636230,,,,,,5,False,2.076323000000,2.075666666667,0.001439979244,0.000693743011,"[2.077008, 2.076323, 2.0736689999999998]"
2026-06-09T19:39:26,delta_current_probe,5,5,probe_axis_power_w,0.001000000000,2,2,0.024069321411,3.510702636230,,,,,,6,False,0.499323600000,0.498787866667,0.001272713443,0.002551612676,"[0.49703189999999997, 0.4993236, 0.5000081000000001]"
2026-06-09T19:39:26,delta_current_probe,5,5,probe_axis_power_w,0.001000000000,2,2,0.024069321411,3.510702636230,,,,,,7,False,0.069418840000,0.069423663333,0.000092861572,0.001337606918,"[0.06941884, 0.06953973, 0.06931242]"
2026-06-09T19:39:26,delta_current_probe,5,5,probe_axis_power_w,0.001000000000,2,2,0.024069321411,3.510702636230,,,,,,8,False,0.044955780000,0.044943713333,0.000021170990,0.000471055650,"[0.04491395, 0.04495578, 0.04496141]"
2026-06-09T19:39:39,delta_current_probe,6,1,probe_axis_power_w,-0.001000000000,4,4,0.049114689644,5.025100974304,,,,,,1,False,2.193156000000,2.192770333333,0.000608701532,0.000277594750,"[2.193244, 2.193156, 2.1919109999999997]"
2026-06-09T19:39:39,delta_current_probe,6,1,probe_axis_power_w,-0.001000000000,4,4,0.049114689644,5.025100974304,,,,,,2,False,12.237120000000,12.237120000000,0.000530722778,0.000043369909,"[12.23647, 12.23777, 12.237119999999999]"
2026-06-09T19:39:39,delta_current_probe,6,1,probe_axis_power_w,-0.001000000000,4,4,0.049114689644,5.025100974304,,,,,,3,False,0.414648200000,0.415315766667,0.001798711947,0.004330950307,"[0.4177753, 0.4135238, 0.4146482]"
2026-06-09T19:39:39,delta_current_probe,6,1,probe_axis_power_w,-0.001000000000,4,4,0.049114689644,5.025100974304,,,,,,4,True,57.765590000000,57.779520000000,0.023769990885,0.000411391283,"[57.76559, 57.75999, 57.81298]"
2026-06-09T19:39:39,delta_current_probe,6,1,probe_axis_power_w,-0.001000000000,4,4,0.049114689644,5.025100974304,,,,,,5,False,54.228390000000,54.256530000000,0.052710170429,0.000971499107,"[54.22839, 54.21082, 54.330380000000005]"
2026-06-09T19:39:39,delta_current_probe,6,1,probe_axis_power_w,-0.001000000000,4,4,0.049114689644,5.025100974304,,,,,,6,False,14.912060000000,14.914050000000,0.007742768669,0.000519159361,"[14.92437, 14.91206, 14.90572]"
2026-06-09T19:39:39,delta_current_probe,6,1,probe_axis_power_w,-0.001000000000,4,4,0.049114689644,5.025100974304,,,,,,7,False,1.269686000000,1.270005333333,0.003347096287,0.002635497820,"[1.266075, 1.2696859999999999, 1.2742550000000001]"
2026-06-09T19:39:39,delta_current_probe,6,1,probe_axis_power_w,-0.001000000000,4,4,0.049114689644,5.025100974304,,,,,,8,False,0.722797000000,0.723085633333,0.001138713632,0.001574797755,"[0.722797, 0.7218578999999999, 0.724602]"
2026-06-09T19:39:51,delta_current_probe,6,2,probe_axis_power_w,-0.000500000000,4,4,0.049614689644,5.050614606261,,,,,,1,False,2.246114000000,2.245441333333,0.001389523020,0.000618819561,"[2.246114, 2.243506, 2.2467040000000003]"
2026-06-09T19:39:51,delta_current_probe,6,2,probe_axis_power_w,-0.000500000000,4,4,0.049614689644,5.050614606261,,,,,,2,False,11.580020000000,11.577140000000,0.005275250389,0.000455660931,"[11.56974, 11.58166, 11.580020000000001]"
2026-06-09T19:39:51,delta_current_probe,6,2,probe_axis_power_w,-0.000500000000,4,4,0.049614689644,5.050614606261,,,,,,3,False,0.469929400000,0.468957400000,0.001511976270,0.003224122851,"[0.4701208, 0.466822, 0.4699294]"
2026-06-09T19:39:51,delta_current_probe,6,2,probe_axis_power_w,-0.000500000000,4,4,0.049614689644,5.050614606261,,,,,,4,True,57.418710000000,57.407386666667,0.042031334608,0.000732158996,"[57.35119, 57.41871, 57.45226]"
2026-06-09T19:39:51,delta_current_probe,6,2,probe_axis_power_w,-0.000500000000,4,4,0.049614689644,5.050614606261,,,,,,5,False,53.916340000000,53.917046666667,0.021349069196,0.000395961398,"[53.91634, 53.94354, 53.89126]"
2026-06-09T19:39:51,delta_current_probe,6,2,probe_axis_power_w,-0.000500000000,4,4,0.049614689644,5.050614606261,,,,,,6,False,16.080960000000,16.085780000000,0.010158172408,0.000631500145,"[16.08096, 16.07647, 16.099909999999998]"
2026-06-09T19:39:51,delta_current_probe,6,2,probe_axis_power_w,-0.000500000000,4,4,0.049614689644,5.050614606261,,,,,,7,False,1.276706000000,1.276659666667,0.001676995793,0.001313580930,"[1.274583, 1.27869, 1.276706]"
2026-06-09T19:39:51,delta_current_probe,6,2,probe_axis_power_w,-0.000500000000,4,4,0.049614689644,5.050614606261,,,,,,8,False,0.723703400000,0.723946633333,0.000513707416,0.000709592934,"[0.7234754, 0.7237034, 0.7246611000000001]"
2026-06-09T19:40:04,delta_current_probe,6,3,probe_axis_power_w,0.000000000000,4,4,0.050114689644,5.076000000000,,,,,,1,False,2.295692000000,2.295573333333,0.001094061952,0.000476596385,"[2.29685, 2.2941779999999996, 2.2956920000000003]"
2026-06-09T19:40:04,delta_current_probe,6,3,probe_axis_power_w,0.000000000000,4,4,0.050114689644,5.076000000000,,,,,,2,False,10.962790000000,10.964746666667,0.003960507824,0.000361203769,"[10.970270000000001, 10.961179999999999, 10.96279]"
2026-06-09T19:40:04,delta_current_probe,6,3,probe_axis_power_w,0.000000000000,4,4,0.050114689644,5.076000000000,,,,,,3,False,0.547131500000,0.546275933333,0.002297266318,0.004205322215,"[0.5485624, 0.5431339, 0.5471315]"
2026-06-09T19:40:04,delta_current_probe,6,3,probe_axis_power_w,0.000000000000,4,4,0.050114689644,5.076000000000,,,,,,4,True,57.118460000000,57.122780000000,0.010544078907,0.000184586235,"[57.11258, 57.118460000000006, 57.137299999999996]"
2026-06-09T19:40:04,delta_current_probe,6,3,probe_axis_power_w,0.000000000000,4,4,0.050114689644,5.076000000000,,,,,,5,False,53.541790000000,53.530643333333,0.035067635918,0.000655094610,"[53.54179, 53.566919999999996, 53.483219999999996]"
2026-06-09T19:40:04,delta_current_probe,6,3,probe_axis_power_w,0.000000000000,4,4,0.050114689644,5.076000000000,,,,,,6,False,17.172090000000,17.174346666667,0.008035149172,0.000467857633,"[17.18512, 17.17209, 17.16583]"
2026-06-09T19:40:04,delta_current_probe,6,3,probe_axis_power_w,0.000000000000,4,4,0.050114689644,5.076000000000,,,,,,7,False,1.275016000000,1.275073000000,0.001703280560,0.001335829839,"[1.2750160000000001, 1.273016, 1.277187]"
2026-06-09T19:40:04,delta_current_probe,6,3,probe_axis_power_w,0.000000000000,4,4,0.050114689644,5.076000000000,,,,,,8,False,0.720929200000,0.720869566667,0.000381396699,0.000529078653,"[0.7203755, 0.721304, 0.7209292]"
2026-06-09T19:40:17,delta_current_probe,6,4,probe_axis_power_w,0.000500000000,4,4,0.050614689644,5.101259069977,,,,,,1,False,2.294287000000,2.293038000000,0.002300406196,0.001003213290,"[2.295015, 2.294287, 2.289812]"
2026-06-09T19:40:17,delta_current_probe,6,4,probe_axis_power_w,0.000500000000,4,4,0.050614689644,5.101259069977,,,,,,2,False,10.976620000000,10.976510000000,0.005785401167,0.000527071097,"[10.98354, 10.96937, 10.97662]"
2026-06-09T19:40:17,delta_current_probe,6,4,probe_axis_power_w,0.000500000000,4,4,0.050614689644,5.101259069977,,,,,,3,False,0.541593500000,0.543088966667,0.002231232112,0.004108409945,"[0.5462429999999999, 0.5414304, 0.5415935]"
2026-06-09T19:40:17,delta_current_probe,6,4,probe_axis_power_w,0.000500000000,4,4,0.050614689644,5.101259069977,,,,,,4,True,57.076890000000,57.082503333333,0.009262635814,0.000162267512,"[57.07689, 57.07506, 57.09556]"
2026-06-09T19:40:17,delta_current_probe,6,4,probe_axis_power_w,0.000500000000,4,4,0.050614689644,5.101259069977,,,,,,5,False,53.529600000000,53.506426666667,0.035377135114,0.000661175439,"[53.53324, 53.45644, 53.5296]"
2026-06-09T19:40:17,delta_current_probe,6,4,probe_axis_power_w,0.000500000000,4,4,0.050614689644,5.101259069977,,,,,,6,False,17.178190000000,17.180733333333,0.007133883156,0.000415225766,"[17.19046, 17.17819, 17.173550000000002]"
2026-06-09T19:40:17,delta_current_probe,6,4,probe_axis_power_w,0.000500000000,4,4,0.050614689644,5.101259069977,,,,,,7,False,1.275400000000,1.274294333333,0.002034563726,0.001596619927,"[1.271441, 1.2754, 1.2760420000000001]"
2026-06-09T19:40:17,delta_current_probe,6,4,probe_axis_power_w,0.000500000000,4,4,0.050614689644,5.101259069977,,,,,,8,False,0.721086100000,0.721056833333,0.000825002793,0.001144157791,"[0.7210861000000001, 0.7200321, 0.7220523]"
2026-06-09T19:40:30,delta_current_probe,6,5,probe_axis_power_w,0.001000000000,4,4,0.051114689644,5.126393683483,,,,,,1,False,2.404728000000,2.404957666667,0.000909898285,0.000378342745,"[2.403976, 2.4061690000000002, 2.404728]"
2026-06-09T19:40:30,delta_current_probe,6,5,probe_axis_power_w,0.001000000000,4,4,0.051114689644,5.126393683483,,,,,,2,False,9.815725000000,9.811180666667,0.007829623419,0.000798030704,"[9.800163999999999, 9.817653, 9.815725]"
2026-06-09T19:40:30,delta_current_probe,6,5,probe_axis_power_w,0.001000000000,4,4,0.051114689644,5.126393683483,,,,,,3,False,0.768146700000,0.767316600000,0.001741698257,0.002269856090,"[0.7648931999999999, 0.7681467, 0.7689098999999999]"
2026-06-09T19:40:30,delta_current_probe,6,5,probe_axis_power_w,0.001000000000,4,4,0.051114689644,5.126393683483,,,,,,4,True,56.777330000000,56.785563333333,0.033303317486,0.000586475074,"[56.74952, 56.82984, 56.77733]"
2026-06-09T19:40:30,delta_current_probe,6,5,probe_axis_power_w,0.001000000000,4,4,0.051114689644,5.126393683483,,,,,,5,False,52.605250000000,52.592393333333,0.036721937434,0.000698236667,"[52.60525, 52.54239, 52.62954]"
2026-06-09T19:40:30,delta_current_probe,6,5,probe_axis_power_w,0.001000000000,4,4,0.051114689644,5.126393683483,,,,,,6,False,19.277130000000,19.266976666667,0.015179416619,0.000787846318,"[19.27713, 19.27828, 19.24552]"
2026-06-09T19:40:30,delta_current_probe,6,5,probe_axis_power_w,0.001000000000,4,4,0.051114689644,5.126393683483,,,,,,7,False,1.263430000000,1.261653000000,0.003227880522,0.002558453491,"[1.257123, 1.26343, 1.2644060000000001]"
2026-06-09T19:40:30,delta_current_probe,6,5,probe_axis_power_w,0.001000000000,4,4,0.051114689644,5.126393683483,,,,,,8,False,0.708115600000,0.708167433333,0.000416111799,0.000587589571,"[0.7081156, 0.708701, 0.7076857]"
2026-06-09T19:40:43,delta_current_probe,7,1,probe_axis_power_w,-0.001000000000,6,6,0.040162832681,4.531927466320,,,,,,1,False,0.252251200000,0.252219066667,0.000232751804,0.000922816054,"[0.2522512, 0.2519193, 0.2524867]"
2026-06-09T19:40:43,delta_current_probe,7,1,probe_axis_power_w,-0.001000000000,6,6,0.040162832681,4.531927466320,,,,,,2,False,0.032784970000,0.032769073333,0.000024553184,0.000749279154,"[0.03273439, 0.032787859999999995, 0.032784970000000004]"
2026-06-09T19:40:43,delta_current_probe,7,1,probe_axis_power_w,-0.001000000000,6,6,0.040162832681,4.531927466320,,,,,,3,False,1.293385000000,1.293129000000,0.000798104421,0.000617188557,"[1.292049, 1.293385, 1.293953]"
2026-06-09T19:40:43,delta_current_probe,7,1,probe_axis_power_w,-0.001000000000,6,6,0.040162832681,4.531927466320,,,,,,4,False,16.571160000000,16.563876666667,0.015569312409,0.000939955828,"[16.578229999999998, 16.57116, 16.54224]"
2026-06-09T19:40:43,delta_current_probe,7,1,probe_axis_power_w,-0.001000000000,6,6,0.040162832681,4.531927466320,,,,,,5,False,27.693410000000,27.688263333333,0.014736942997,0.000532245118,"[27.6682, 27.70318, 27.69341]"
2026-06-09T19:40:43,delta_current_probe,7,1,probe_axis_power_w,-0.001000000000,6,6,0.040162832681,4.531927466320,,,,,,6,True,62.534640000000,62.529106666667,0.011358607113,0.000181653117,"[62.513279999999995, 62.53940000000001, 62.534639999999996]"
2026-06-09T19:40:43,delta_current_probe,7,1,probe_axis_power_w,-0.001000000000,6,6,0.040162832681,4.531927466320,,,,,,7,False,15.923460000000,15.917936666667,0.009820102964,0.000616920595,"[15.904139999999998, 15.923460000000002, 15.926210000000001]"
2026-06-09T19:40:43,delta_current_probe,7,1,probe_axis_power_w,-0.001000000000,6,6,0.040162832681,4.531927466320,,,,,,8,False,2.885605000000,2.886424000000,0.001935192152,0.000670446252,"[2.889095, 2.884572, 2.885605]"
2026-06-09T19:40:56,delta_current_probe,7,2,probe_axis_power_w,-0.000500000000,6,6,0.040662832681,4.560049920779,,,,,,1,False,0.252317100000,0.252245233333,0.000161074420,0.000638562792,"[0.2523965, 0.25231709999999996, 0.25202209999999997]"
2026-06-09T19:40:56,delta_current_probe,7,2,probe_axis_power_w,-0.000500000000,6,6,0.040662832681,4.560049920779,,,,,,2,False,0.032773220000,0.032785860000,0.000106406287,0.003245493233,"[0.032773220000000006, 0.03266232, 0.03292204]"
2026-06-09T19:40:56,delta_current_probe,7,2,probe_axis_power_w,-0.000500000000,6,6,0.040662832681,4.560049920779,,,,,,3,False,1.293831000000,1.292973333333,0.001244879200,0.000962803461,"[1.291213, 1.293831, 1.293876]"
2026-06-09T19:40:56,delta_current_probe,7,2,probe_axis_power_w,-0.000500000000,6,6,0.040662832681,4.560049920779,,,,,,4,False,16.574270000000,16.571356666667,0.012137768420,0.000732454721,"[16.57427, 16.55525, 16.58455]"
2026-06-09T19:40:56,delta_current_probe,7,2,probe_axis_power_w,-0.000500000000,6,6,0.040662832681,4.560049920779,,,,,,5,False,27.706310000000,27.707470000000,0.029780763366,0.001074827957,"[27.671590000000002, 27.70631, 27.74451]"
2026-06-09T19:40:56,delta_current_probe,7,2,probe_axis_power_w,-0.000500000000,6,6,0.040662832681,4.560049920779,,,,,,6,True,62.481860000000,62.488053333333,0.068269083453,0.001092514166,"[62.57459, 62.481860000000005, 62.407709999999994]"
2026-06-09T19:40:56,delta_current_probe,7,2,probe_axis_power_w,-0.000500000000,6,6,0.040662832681,4.560049920779,,,,,,7,False,15.912180000000,15.916736666667,0.007031900328,0.000441792842,"[15.92667, 15.91218, 15.911359999999998]"
2026-06-09T19:40:56,delta_current_probe,7,2,probe_axis_power_w,-0.000500000000,6,6,0.040662832681,4.560049920779,,,,,,8,False,2.882454000000,2.883245666667,0.001462286414,0.000507166778,"[2.882454, 2.881987, 2.885296]"
2026-06-09T19:41:09,delta_current_probe,7,3,probe_axis_power_w,0.000000000000,6,6,0.041162832681,4.588000000000,,,,,,1,False,0.254388200000,0.254457600000,0.000209384431,0.000822865700,"[0.2547416, 0.254243, 0.2543882]"
2026-06-09T19:41:09,delta_current_probe,7,3,probe_axis_power_w,0.000000000000,6,6,0.041162832681,4.588000000000,,,,,,2,False,0.032020420000,0.032006466667,0.000120958792,0.003779198545,"[0.032147140000000005, 0.03185184, 0.03202042]"
2026-06-09T19:41:09,delta_current_probe,7,3,probe_axis_power_w,0.000000000000,6,6,0.041162832681,4.588000000000,,,,,,3,False,1.194339000000,1.193573333333,0.002522563555,0.002113455022,"[1.194339, 1.1962080000000002, 1.190173]"
2026-06-09T19:41:09,delta_current_probe,7,3,probe_axis_power_w,0.000000000000,6,6,0.041162832681,4.588000000000,,,,,,4,False,15.566990000000,15.562570000000,0.011575111231,0.000743778902,"[15.54671, 15.56699, 15.574010000000001]"
2026-06-09T19:41:09,delta_current_probe,7,3,probe_axis_power_w,0.000000000000,6,6,0.041162832681,4.588000000000,,,,,,5,False,27.355180000000,27.351240000000,0.007116323957,0.000260182864,"[27.35518, 27.34125, 27.35729]"
2026-06-09T19:41:09,delta_current_probe,7,3,probe_axis_power_w,0.000000000000,6,6,0.041162832681,4.588000000000,,,,,,6,True,57.307720000000,57.308096666667,0.042601541704,0.000743377362,"[57.25611, 57.30772, 57.360459999999996]"
2026-06-09T19:41:09,delta_current_probe,7,3,probe_axis_power_w,0.000000000000,6,6,0.041162832681,4.588000000000,,,,,,7,False,21.114410000000,21.115640000000,0.015036464567,0.000712100820,"[21.11441, 21.134639999999997, 21.09787]"
2026-06-09T19:41:09,delta_current_probe,7,3,probe_axis_power_w,0.000000000000,6,6,0.041162832681,4.588000000000,,,,,,8,False,4.092534000000,4.093404333333,0.003694418523,0.000902529587,"[4.098300999999999, 4.089378, 4.092534]"
2026-06-09T19:41:23,delta_current_probe,7,4,probe_axis_power_w,0.000500000000,6,6,0.041662832681,4.615780835353,,,,,,1,False,0.255008600000,0.255043400000,0.000143220390,0.000561553013,"[0.2552336, 0.254888, 0.25500860000000003]"
2026-06-09T19:41:23,delta_current_probe,7,4,probe_axis_power_w,0.000500000000,6,6,0.041662832681,4.615780835353,,,,,,2,False,0.031571740000,0.031627323333,0.000106125933,0.003355514209,"[0.03153438, 0.03157174, 0.03177585]"
2026-06-09T19:41:23,delta_current_probe,7,4,probe_axis_power_w,0.000500000000,6,6,0.041662832681,4.615780835353,,,,,,3,False,1.137578000000,1.137113000000,0.002068763076,0.001819311780,"[1.139382, 1.137578, 1.134379]"
2026-06-09T19:41:23,delta_current_probe,7,4,probe_axis_power_w,0.000500000000,6,6,0.041662832681,4.615780835353,,,,,,4,False,14.993870000000,14.997536666667,0.012686671046,0.000845916988,"[15.01458, 14.984160000000001, 14.99387]"
2026-06-09T19:41:23,delta_current_probe,7,4,probe_axis_power_w,0.000500000000,6,6,0.041662832681,4.615780835353,,,,,,5,False,27.063740000000,27.059600000000,0.010390341669,0.000383979869,"[27.06374, 27.06974, 27.04532]"
2026-06-09T19:41:23,delta_current_probe,7,4,probe_axis_power_w,0.000500000000,6,6,0.041662832681,4.615780835353,,,,,,6,True,54.546440000000,54.556500000000,0.024426858169,0.000447735067,"[54.54644, 54.53291, 54.59015]"
2026-06-09T19:41:23,delta_current_probe,7,4,probe_axis_power_w,0.000500000000,6,6,0.041662832681,4.615780835353,,,,,,7,False,24.012000000000,24.008913333333,0.017074215128,0.000711161513,"[24.028109999999998, 23.98663, 24.012]"
2026-06-09T19:41:23,delta_current_probe,7,4,probe_axis_power_w,0.000500000000,6,6,0.041662832681,4.615780835353,,,,,,8,False,4.812581000000,4.815234333333,0.006156129430,0.001278469334,"[4.80938, 4.812581, 4.823742]"
2026-06-09T19:41:36,delta_current_probe,7,5,probe_axis_power_w,0.001000000000,6,6,0.042162832681,4.643395464530,,,,,,1,False,0.255388700000,0.255380300000,0.000024808198,0.000097142174,"[0.25534660000000003, 0.2554056, 0.2553887]"
2026-06-09T19:41:36,delta_current_probe,7,5,probe_axis_power_w,0.001000000000,6,6,0.042162832681,4.643395464530,,,,,,2,False,0.031247340000,0.031169916667,0.000148629886,0.004768376119,"[0.03096197, 0.03124734, 0.03130044]"
2026-06-09T19:41:36,delta_current_probe,7,5,probe_axis_power_w,0.001000000000,6,6,0.042162832681,4.643395464530,,,,,,3,False,1.082116000000,1.081681333333,0.000749342082,0.000692756784,"[1.082116, 1.082301, 1.080627]"
2026-06-09T19:41:36,delta_current_probe,7,5,probe_axis_power_w,0.001000000000,6,6,0.042162832681,4.643395464530,,,,,,4,False,14.411880000000,14.417280000000,0.008630967501,0.000598654358,"[14.41188, 14.4105, 14.42946]"
2026-06-09T19:41:36,delta_current_probe,7,5,probe_axis_power_w,0.001000000000,6,6,0.042162832681,4.643395464530,,,,,,5,False,26.719560000000,26.717190000000,0.030970182434,0.001159185619,"[26.71956, 26.75388, 26.67813]"
2026-06-09T19:41:36,delta_current_probe,7,5,probe_axis_power_w,0.001000000000,6,6,0.042162832681,4.643395464530,,,,,,6,True,51.695150000000,51.665626666667,0.076137270914,0.001473654262,"[51.56119, 51.695150000000005, 51.74054]"
2026-06-09T19:41:36,delta_current_probe,7,5,probe_axis_power_w,0.001000000000,6,6,0.042162832681,4.643395464530,,,,,,7,False,26.965180000000,26.957950000000,0.025354511762,0.000940520765,"[26.98475, 26.92392, 26.96518]"
2026-06-09T19:41:36,delta_current_probe,7,5,probe_axis_power_w,0.001000000000,6,6,0.042162832681,4.643395464530,,,,,,8,False,5.584288000000,5.584612666667,0.005647475975,0.001011256521,"[5.591686, 5.577864, 5.584288]"
2026-06-09T19:41:49,delta_current_probe,8,1,probe_axis_power_w,-0.001000000000,8,8,0.054007540021,5.269439460554,,,,,,1,False,0.126596700000,0.126537566667,0.000148487515,0.001173465867,"[0.1266825, 0.1265967, 0.12633350000000002]"
2026-06-09T19:41:49,delta_current_probe,8,1,probe_axis_power_w,-0.001000000000,8,8,0.054007540021,5.269439460554,,,,,,2,False,0.074802600000,0.074810250000,0.000106327152,0.001421291228,"[0.07494413, 0.0748026, 0.07468402]"
2026-06-09T19:41:49,delta_current_probe,8,1,probe_axis_power_w,-0.001000000000,8,8,0.054007540021,5.269439460554,,,,,,3,False,0.156613500000,0.156615100000,0.000130072826,0.000830525446,"[0.1567752, 0.1566135, 0.1564566]"
2026-06-09T19:41:49,delta_current_probe,8,1,probe_axis_power_w,-0.001000000000,8,8,0.054007540021,5.269439460554,,,,,,4,False,0.218876600000,0.218840633333,0.000452442087,0.002067450090,"[0.2188766, 0.2182694, 0.2193759]"
2026-06-09T19:41:49,delta_current_probe,8,1,probe_axis_power_w,-0.001000000000,8,8,0.054007540021,5.269439460554,,,,,,5,False,0.122418700000,0.122377666667,0.000138409690,0.001131004484,"[0.1224187, 0.1225229, 0.1221914]"
2026-06-09T19:41:49,delta_current_probe,8,1,probe_axis_power_w,-0.001000000000,8,8,0.054007540021,5.269439460554,,,,,,6,False,0.698599800000,0.698021800000,0.001034630952,0.001482233008,"[0.6988968999999999, 0.6965687, 0.6985998]"
2026-06-09T19:41:49,delta_current_probe,8,1,probe_axis_power_w,-0.001000000000,8,8,0.054007540021,5.269439460554,,,,,,7,False,34.113200000000,34.120926666667,0.037590588657,0.001101687215,"[34.17034, 34.07924, 34.1132]"
2026-06-09T19:41:49,delta_current_probe,8,1,probe_axis_power_w,-0.001000000000,8,8,0.054007540021,5.269439460554,,,,,,8,True,50.862990000000,50.869130000000,0.017703391389,0.000348018364,"[50.85118, 50.862989999999996, 50.89322]"
2026-06-09T19:42:02,delta_current_probe,8,2,probe_axis_power_w,-0.000500000000,8,8,0.054507540021,5.293775412144,,,,,,1,False,0.126350500000,0.126319366667,0.000186080007,0.001473091669,"[0.1260775, 0.1265301, 0.1263505]"
2026-06-09T19:42:02,delta_current_probe,8,2,probe_axis_power_w,-0.000500000000,8,8,0.054507540021,5.293775412144,,,,,,2,False,0.075248830000,0.075143036667,0.000151222339,0.002012459777,"[0.07492918, 0.07524883, 0.0752511]"
2026-06-09T19:42:02,delta_current_probe,8,2,probe_axis_power_w,-0.000500000000,8,8,0.054507540021,5.293775412144,,,,,,3,False,0.156184600000,0.156244566667,0.000158896200,0.001016971040,"[0.1561846, 0.15608699999999998, 0.15646210000000002]"
2026-06-09T19:42:02,delta_current_probe,8,2,probe_axis_power_w,-0.000500000000,8,8,0.054507540021,5.293775412144,,,,,,4,False,0.219547000000,0.219493800000,0.000116546672,0.000530979333,"[0.219547, 0.2196023, 0.21933209999999997]"
2026-06-09T19:42:02,delta_current_probe,8,2,probe_axis_power_w,-0.000500000000,8,8,0.054507540021,5.293775412144,,,,,,5,False,0.118103600000,0.118077633333,0.000056506067,0.000478550128,"[0.1181301, 0.1179992, 0.1181036]"
2026-06-09T19:42:02,delta_current_probe,8,2,probe_axis_power_w,-0.000500000000,8,8,0.054507540021,5.293775412144,,,,,,6,False,0.682573300000,0.682254633333,0.000879255042,0.001288749096,"[0.6825732999999999, 0.6810544, 0.6831362]"
2026-06-09T19:42:02,delta_current_probe,8,2,probe_axis_power_w,-0.000500000000,8,8,0.054507540021,5.293775412144,,,,,,7,False,32.629550000000,32.629593333333,0.006723919161,0.000206068126,"[32.63785, 32.62955, 32.621379999999995]"
2026-06-09T19:42:02,delta_current_probe,8,2,probe_axis_power_w,-0.000500000000,8,8,0.054507540021,5.293775412144,,,,,,8,True,47.244740000000,47.253846666667,0.032135879567,0.000680069070,"[47.21984, 47.24474, 47.29696]"
2026-06-09T19:42:15,delta_current_probe,8,3,probe_axis_power_w,0.000000000000,8,8,0.055007540021,5.318000000000,,,,,,1,False,0.126766600000,0.126713366667,0.000108437519,0.000855770168,"[0.1265622, 0.12681130000000002, 0.12676659999999998]"
2026-06-09T19:42:15,delta_current_probe,8,3,probe_axis_power_w,0.000000000000,8,8,0.055007540021,5.318000000000,,,,,,2,False,0.075402080000,0.075433033333,0.000089732484,0.001189564837,"[0.07534193, 0.07540208, 0.07555509]"
2026-06-09T19:42:15,delta_current_probe,8,3,probe_axis_power_w,0.000000000000,8,8,0.055007540021,5.318000000000,,,,,,3,False,0.156226200000,0.156269166667,0.000061543499,0.000393830081,"[0.1562251, 0.1562262, 0.1563562]"
2026-06-09T19:42:15,delta_current_probe,8,3,probe_axis_power_w,0.000000000000,8,8,0.055007540021,5.318000000000,,,,,,4,False,0.220245400000,0.220276933333,0.000227672299,0.001033573035,"[0.22024539999999998, 0.2205702, 0.22001520000000002]"
2026-06-09T19:42:15,delta_current_probe,8,3,probe_axis_power_w,0.000000000000,8,8,0.055007540021,5.318000000000,,,,,,5,False,0.113678700000,0.113645766667,0.000082474494,0.000725715500,"[0.1137262, 0.11353239999999999, 0.11367870000000001]"
2026-06-09T19:42:15,delta_current_probe,8,3,probe_axis_power_w,0.000000000000,8,8,0.055007540021,5.318000000000,,,,,,6,False,0.663779400000,0.663616366667,0.000731697298,0.001102590796,"[0.6637794, 0.6644198, 0.6626499]"
2026-06-09T19:42:15,delta_current_probe,8,3,probe_axis_power_w,0.000000000000,8,8,0.055007540021,5.318000000000,,,,,,7,False,31.102120000000,31.102940000000,0.005176504612,0.000166431360,"[31.109650000000002, 31.102120000000003, 31.09705]"
2026-06-09T19:42:15,delta_current_probe,8,3,probe_axis_power_w,0.000000000000,8,8,0.055007540021,5.318000000000,,,,,,8,True,43.621860000000,43.637203333333,0.030129100366,0.000690445264,"[43.6793, 43.62186, 43.61045]"
2026-06-09T19:42:27,delta_current_probe,8,4,probe_axis_power_w,0.000500000000,8,8,0.055507540021,5.342114739106,,,,,,1,False,0.126593600000,0.126617766667,0.000061417062,0.000485058804,"[0.1265576, 0.1265936, 0.1267021]"
2026-06-09T19:42:27,delta_current_probe,8,4,probe_axis_power_w,0.000500000000,8,8,0.055507540021,5.342114739106,,,,,,2,False,0.075700620000,0.075694730000,0.000121219250,0.001601422577,"[0.07570062, 0.07584015999999999, 0.07554340999999999]"
2026-06-09T19:42:27,delta_current_probe,8,4,probe_axis_power_w,0.000500000000,8,8,0.055507540021,5.342114739106,,,,,,3,False,0.155714300000,0.155781200000,0.000166526294,0.001068975552,"[0.1560102, 0.1557143, 0.1556191]"
2026-06-09T19:42:27,delta_current_probe,8,4,probe_axis_power_w,0.000500000000,8,8,0.055507540021,5.342114739106,,,,,,4,False,0.220584300000,0.220612666667,0.000274627267,0.001244839069,"[0.2209623, 0.2202914, 0.22058429999999998]"
2026-06-09T19:42:27,delta_current_probe,8,4,probe_axis_power_w,0.000500000000,8,8,0.055507540021,5.342114739106,,,,,,5,False,0.109411000000,0.109398900000,0.000061629917,0.000563350427,"[0.1094676, 0.109411, 0.1093181]"
2026-06-09T19:42:27,delta_current_probe,8,4,probe_axis_power_w,0.000500000000,8,8,0.055507540021,5.342114739106,,,,,,6,False,0.643327100000,0.643486500000,0.000486558225,0.000756128101,"[0.6441458999999999, 0.6433271, 0.6429865]"
2026-06-09T19:42:27,delta_current_probe,8,4,probe_axis_power_w,0.000500000000,8,8,0.055507540021,5.342114739106,,,,,,7,False,29.482620000000,29.483303333333,0.016137125587,0.000547330990,"[29.46389, 29.48262, 29.5034]"
2026-06-09T19:42:27,delta_current_probe,8,4,probe_axis_power_w,0.000500000000,8,8,0.055507540021,5.342114739106,,,,,,8,True,40.039250000000,40.048806666667,0.025004834644,0.000624359044,"[40.039249999999996, 40.024100000000004, 40.08307]"
2026-06-09T19:42:40,delta_current_probe,8,5,probe_axis_power_w,0.001000000000,8,8,0.056007540021,5.366121110407,,,,,,1,False,0.126662300000,0.126688433333,0.000038381014,0.000302955943,"[0.1266623, 0.1267427, 0.1266603]"
2026-06-09T19:42:40,delta_current_probe,8,5,probe_axis_power_w,0.001000000000,8,8,0.056007540021,5.366121110407,,,,,,2,False,0.075729230000,0.075746070000,0.000059821564,0.000789764585,"[0.07572923000000001, 0.07568269000000001, 0.07582629]"
2026-06-09T19:42:40,delta_current_probe,8,5,probe_axis_power_w,0.001000000000,8,8,0.056007540021,5.366121110407,,,,,,3,False,0.155932200000,0.155947866667,0.000126064860,0.000808378226,"[0.1558019, 0.1561095, 0.15593220000000002]"
2026-06-09T19:42:40,delta_current_probe,8,5,probe_axis_power_w,0.001000000000,8,8,0.056007540021,5.366121110407,,,,,,4,False,0.220684200000,0.220700233333,0.000088462057,0.000400824484,"[0.22060079999999999, 0.2208157, 0.2206842]"
2026-06-09T19:42:40,delta_current_probe,8,5,probe_axis_power_w,0.001000000000,8,8,0.056007540021,5.366121110407,,,,,,5,False,0.104899600000,0.104808833333,0.000130703847,0.001247068998,"[0.104624, 0.10490290000000001, 0.1048996]"
2026-06-09T19:42:40,delta_current_probe,8,5,probe_axis_power_w,0.001000000000,8,8,0.056007540021,5.366121110407,,,,,,6,False,0.623392700000,0.623334166667,0.001009140764,0.001618940238,"[0.62207, 0.6233927, 0.6245398]"
2026-06-09T19:42:40,delta_current_probe,8,5,probe_axis_power_w,0.001000000000,8,8,0.056007540021,5.366121110407,,,,,,7,False,27.827670000000,27.823596666667,0.027593189176,0.000991718990,"[27.78795, 27.855169999999998, 27.827669999999998]"
2026-06-09T19:42:40,delta_current_probe,8,5,probe_axis_power_w,0.001000000000,8,8,0.056007540021,5.366121110407,,,,,,8,True,36.464310000000,36.471326666667,0.025652885911,0.000703371340,"[36.44401, 36.464310000000005, 36.50566]"
2026-06-09T19:42:53,sigma_current_sync,5,1,dp,0.000000000000,1,1,,,0.031246094236,0.040999495928,4.000000000000,4.572000000000,0,1,True,107.009400000000,107.029433333333,0.036087147604,0.000337170314,"[107.0801, 107.0094, 106.9988]"
2026-06-09T19:42:53,sigma_current_sync,5,1,dp,0.000000000000,1,1,,,0.031246094236,0.040999495928,4.000000000000,4.572000000000,0,2,False,5.494980000000,5.496801333333,0.004377466340,0.000796366118,"[5.49498, 5.4925880000000005, 5.502836]"
2026-06-09T19:42:53,sigma_current_sync,5,1,dp,0.000000000000,1,1,,,0.031246094236,0.040999495928,4.000000000000,4.572000000000,0,3,False,51.327280000000,51.322630000000,0.015446943603,0.000300977241,"[51.33879, 51.327279999999995, 51.30182]"
2026-06-09T19:42:53,sigma_current_sync,5,1,dp,0.000000000000,1,1,,,0.031246094236,0.040999495928,4.000000000000,4.572000000000,0,4,False,13.290920000000,13.284820000000,0.009706698718,0.000730660914,"[13.29092, 13.29242, 13.27112]"
2026-06-09T19:42:53,sigma_current_sync,5,1,dp,0.000000000000,1,1,,,0.031246094236,0.040999495928,4.000000000000,4.572000000000,0,5,False,0.252050300000,0.251972133333,0.000804883604,0.003194335791,"[0.2520503, 0.2509496, 0.2529165]"
2026-06-09T19:42:53,sigma_current_sync,5,1,dp,0.000000000000,1,1,,,0.031246094236,0.040999495928,4.000000000000,4.572000000000,0,6,False,0.290921700000,0.291098766667,0.000314917622,0.001081823966,"[0.2908334, 0.2909217, 0.2915412]"
2026-06-09T19:42:53,sigma_current_sync,5,1,dp,0.000000000000,1,1,,,0.031246094236,0.040999495928,4.000000000000,4.572000000000,0,7,False,0.071479130000,0.071569103333,0.000135051127,0.001887003206,"[0.07175999000000001, 0.07147913, 0.07146819]"
2026-06-09T19:42:53,sigma_current_sync,5,1,dp,0.000000000000,1,1,,,0.031246094236,0.040999495928,4.000000000000,4.572000000000,0,8,False,0.017016860000,0.017009410000,0.000023385407,0.001374851164,"[0.01697778, 0.01701686, 0.01703359]"
2026-06-09T19:43:06,sigma_current_sync,5,2,dp,1.570796327000,1,1,,,0.039979697056,0.049708652981,4.524617508100,5.034228922441,0,1,True,120.771300000000,120.724600000000,0.083440557684,0.000691164499,"[120.7951, 120.7713, 120.60740000000001]"
2026-06-09T19:43:06,sigma_current_sync,5,2,dp,1.570796327000,1,1,,,0.039979697056,0.049708652981,4.524617508100,5.034228922441,0,2,False,48.260710000000,48.255340000000,0.039013721518,0.000808485061,"[48.205099999999995, 48.260709999999996, 48.30021]"
2026-06-09T19:43:06,sigma_current_sync,5,2,dp,1.570796327000,1,1,,,0.039979697056,0.049708652981,4.524617508100,5.034228922441,0,3,False,3.617584000000,3.622969666667,0.009363443324,0.002584466387,"[3.636139, 3.615186, 3.617584]"
2026-06-09T19:43:06,sigma_current_sync,5,2,dp,1.570796327000,1,1,,,0.039979697056,0.049708652981,4.524617508100,5.034228922441,0,4,False,0.367810300000,0.368306800000,0.001639546744,0.004451578804,"[0.3705165, 0.3678103, 0.36659359999999996]"
2026-06-09T19:43:06,sigma_current_sync,5,2,dp,1.570796327000,1,1,,,0.039979697056,0.049708652981,4.524617508100,5.034228922441,0,5,False,0.090320190000,0.090435170000,0.000413935396,0.004577150640,"[0.08999557, 0.09032019000000001, 0.09098975000000001]"
2026-06-09T19:43:06,sigma_current_sync,5,2,dp,1.570796327000,1,1,,,0.039979697056,0.049708652981,4.524617508100,5.034228922441,0,6,False,0.287390000000,0.287279933333,0.000165007562,0.000574379004,"[0.2874031, 0.2870467, 0.28739]"
2026-06-09T19:43:06,sigma_current_sync,5,2,dp,1.570796327000,1,1,,,0.039979697056,0.049708652981,4.524617508100,5.034228922441,0,7,False,0.069674310000,0.069661513333,0.000225448985,0.003236349225,"[0.06937922, 0.06967431, 0.06993101]"
2026-06-09T19:43:06,sigma_current_sync,5,2,dp,1.570796327000,1,1,,,0.039979697056,0.049708652981,4.524617508100,5.034228922441,0,8,False,0.024697180000,0.024720420000,0.000033078682,0.001338111648,"[0.0247672, 0.02469688, 0.02469718]"
2026-06-09T19:43:19,sigma_current_sync,5,3,dp,3.141592654000,1,1,,,0.048713299876,0.023581181826,4.994429616003,3.467366481243,0,1,True,48.342860000000,48.341363333333,0.009047652857,0.000187161723,"[48.342859999999995, 48.32961, 48.351620000000004]"
2026-06-09T19:43:19,sigma_current_sync,5,3,dp,3.141592654000,1,1,,,0.048713299876,0.023581181826,4.994429616003,3.467366481243,0,2,False,74.271760000000,74.249313333333,0.067212547109,0.000905227861,"[74.27176, 74.31808, 74.15809999999999]"
2026-06-09T19:43:19,sigma_current_sync,5,3,dp,3.141592654000,1,1,,,0.048713299876,0.023581181826,4.994429616003,3.467366481243,0,3,False,36.187180000000,36.184013333333,0.013528154181,0.000373871026,"[36.16609, 36.19877, 36.18718]"
2026-06-09T19:43:19,sigma_current_sync,5,3,dp,3.141592654000,1,1,,,0.048713299876,0.023581181826,4.994429616003,3.467366481243,0,4,False,8.278219000000,8.278473000000,0.001309785733,0.000158215861,"[8.278219, 8.277011, 8.280189]"
2026-06-09T19:43:19,sigma_current_sync,5,3,dp,3.141592654000,1,1,,,0.048713299876,0.023581181826,4.994429616003,3.467366481243,0,5,False,0.175951000000,0.176003566667,0.000173253193,0.000984373194,"[0.1762371, 0.17595100000000002, 0.1758226]"
2026-06-09T19:43:19,sigma_current_sync,5,3,dp,3.141592654000,1,1,,,0.048713299876,0.023581181826,4.994429616003,3.467366481243,0,6,False,0.134491500000,0.134510333333,0.000555744680,0.004131613281,"[0.1352002, 0.13449149999999999, 0.1338393]"
2026-06-09T19:43:19,sigma_current_sync,5,3,dp,3.141592654000,1,1,,,0.048713299876,0.023581181826,4.994429616003,3.467366481243,0,7,False,0.051511750000,0.051503696667,0.000096025698,0.001864442839,"[0.05138227, 0.05161707, 0.051511749999999995]"
2026-06-09T19:43:19,sigma_current_sync,5,3,dp,3.141592654000,1,1,,,0.048713299876,0.023581181826,4.994429616003,3.467366481243,0,8,False,0.025096370000,0.025088916667,0.000018806315,0.000749586576,"[0.0251073, 0.02509637, 0.02506308]"
2026-06-09T19:43:35,sigma_current_sync,5,4,dp,4.712388980000,1,1,,,0.022512491415,0.032290338874,3.395266764907,4.057450819906,0,1,True,33.476820000000,33.470903333333,0.017986769829,0.000537385252,"[33.47682, 33.48937, 33.44652]"
2026-06-09T19:43:35,sigma_current_sync,5,4,dp,4.712388980000,1,1,,,0.022512491415,0.032290338874,3.395266764907,4.057450819906,0,2,False,23.550030000000,23.553993333333,0.016661217109,0.000707362733,"[23.55003, 23.53586, 23.576089999999997]"
2026-06-09T19:43:35,sigma_current_sync,5,4,dp,4.712388980000,1,1,,,0.022512491415,0.032290338874,3.395266764907,4.057450819906,0,3,False,86.340750000000,86.288126666667,0.082970243796,0.000961548790,"[86.17099, 86.35264000000001, 86.34075]"
2026-06-09T19:43:35,sigma_current_sync,5,4,dp,4.712388980000,1,1,,,0.022512491415,0.032290338874,3.395266764907,4.057450819906,0,4,False,21.737930000000,21.736733333333,0.005378291757,0.000247428704,"[21.74264, 21.72963, 21.73793]"
2026-06-09T19:43:35,sigma_current_sync,5,4,dp,4.712388980000,1,1,,,0.022512491415,0.032290338874,3.395266764907,4.057450819906,0,5,False,0.338371000000,0.338359900000,0.000183349084,0.000541875926,"[0.33813000000000004, 0.33837100000000003, 0.3385787]"
2026-06-09T19:43:35,sigma_current_sync,5,4,dp,4.712388980000,1,1,,,0.022512491415,0.032290338874,3.395266764907,4.057450819906,0,6,False,0.105361600000,0.105362700000,0.000192980534,0.001831583041,"[0.1051269, 0.1053616, 0.1055996]"
2026-06-09T19:43:35,sigma_current_sync,5,4,dp,4.712388980000,1,1,,,0.022512491415,0.032290338874,3.395266764907,4.057450819906,0,7,False,0.054281020000,0.054292033333,0.000018327985,0.000337581475,"[0.05427722, 0.05428102, 0.054317859999999996]"
2026-06-09T19:43:35,sigma_current_sync,5,4,dp,4.712388980000,1,1,,,0.022512491415,0.032290338874,3.395266764907,4.057450819906,0,8,False,0.019428090000,0.019420816667,0.000012052622,0.000620603236,"[0.01942809, 0.019430529999999998, 0.01940383]"
2026-06-09T19:43:48,sigma_current_sync,5,5,dp,6.283185307000,1,1,,,0.031246094235,0.040999495927,3.999999999936,4.571999999944,0,1,True,107.196500000000,107.228800000000,0.085688544547,0.000799118749,"[107.3461, 107.1965, 107.1438]"
2026-06-09T19:43:48,sigma_current_sync,5,5,dp,6.283185307000,1,1,,,0.031246094235,0.040999495927,3.999999999936,4.571999999944,0,2,False,5.443750000000,5.447143000000,0.007413870289,0.001361056666,"[5.457431000000001, 5.4437500000000005, 5.4402479999999995]"
2026-06-09T19:43:48,sigma_current_sync,5,5,dp,6.283185307000,1,1,,,0.031246094235,0.040999495927,3.999999999936,4.571999999944,0,3,False,51.339620000000,51.324863333333,0.034243465881,0.000667190591,"[51.339620000000004, 51.27754, 51.35743]"
2026-06-09T19:43:48,sigma_current_sync,5,5,dp,6.283185307000,1,1,,,0.031246094235,0.040999495927,3.999999999936,4.571999999944,0,4,False,13.311320000000,13.309663333333,0.002608886523,0.000196014464,"[13.311689999999999, 13.30598, 13.31132]"
2026-06-09T19:43:48,sigma_current_sync,5,5,dp,6.283185307000,1,1,,,0.031246094235,0.040999495927,3.999999999936,4.571999999944,0,5,False,0.262188800000,0.261915766667,0.000549162710,0.002096714975,"[0.2621888, 0.2624089, 0.26114960000000004]"
2026-06-09T19:43:48,sigma_current_sync,5,5,dp,6.283185307000,1,1,,,0.031246094235,0.040999495927,3.999999999936,4.571999999944,0,6,False,0.296503200000,0.296597933333,0.000163002665,0.000549574515,"[0.2964633, 0.2968273, 0.2965032]"
2026-06-09T19:43:48,sigma_current_sync,5,5,dp,6.283185307000,1,1,,,0.031246094235,0.040999495927,3.999999999936,4.571999999944,0,7,False,0.070567580000,0.070596796667,0.000123741776,0.001752795909,"[0.07056758, 0.07076083, 0.07046198000000001]"
2026-06-09T19:43:48,sigma_current_sync,5,5,dp,6.283185307000,1,1,,,0.031246094235,0.040999495927,3.999999999936,4.571999999944,0,8,False,0.017898650000,0.017903030000,0.000006884243,0.000384529483,"[0.017898650000000002, 0.01789769, 0.017912749999999998]"
2026-06-09T19:44:01,sigma_current_sync,6,1,dp,0.000000000000,3,1,,,0.034163089599,0.034882022898,4.191000000000,4.237000000000,5,1,True,80.302970000000,80.307026666667,0.019477618495,0.000242539405,"[80.28546, 80.33265, 80.30297]"
2026-06-09T19:44:01,sigma_current_sync,6,1,dp,0.000000000000,3,1,,,0.034163089599,0.034882022898,4.191000000000,4.237000000000,5,2,False,13.511850000000,13.495130000000,0.034465357486,0.002553910743,"[13.44712, 13.51185, 13.52642]"
2026-06-09T19:44:01,sigma_current_sync,6,1,dp,0.000000000000,3,1,,,0.034163089599,0.034882022898,4.191000000000,4.237000000000,5,3,False,7.559400000000,7.560037333333,0.003300976657,0.000436634968,"[7.564361, 7.5594, 7.556351]"
2026-06-09T19:44:01,sigma_current_sync,6,1,dp,0.000000000000,3,1,,,0.034163089599,0.034882022898,4.191000000000,4.237000000000,5,4,False,27.707170000000,27.719056666667,0.037508421573,0.001353163711,"[27.680229999999998, 27.76977, 27.707169999999998]"
2026-06-09T19:44:01,sigma_current_sync,6,1,dp,0.000000000000,3,1,,,0.034163089599,0.034882022898,4.191000000000,4.237000000000,5,5,False,18.904200000000,18.911163333333,0.009939706010,0.000525599924,"[18.904069999999997, 18.92522, 18.9042]"
2026-06-09T19:44:01,sigma_current_sync,6,1,dp,0.000000000000,3,1,,,0.034163089599,0.034882022898,4.191000000000,4.237000000000,5,6,False,1.225906000000,1.225226333333,0.002543079804,0.002075600022,"[1.2218280000000001, 1.2279449999999998, 1.225906]"
2026-06-09T19:44:01,sigma_current_sync,6,1,dp,0.000000000000,3,1,,,0.034163089599,0.034882022898,4.191000000000,4.237000000000,5,7,False,0.051904070000,0.051942703333,0.000054642855,0.001051983275,"[0.05201998, 0.051904070000000004, 0.05190406]"
2026-06-09T19:44:01,sigma_current_sync,6,1,dp,0.000000000000,3,1,,,0.034163089599,0.034882022898,4.191000000000,4.237000000000,5,8,False,0.057098810000,0.057127123333,0.000064294959,0.001125471663,"[0.05721611, 0.05709881, 0.05706645]"
2026-06-09T19:44:14,sigma_current_sync,6,2,dp,1.570796327000,3,1,,,0.042796798411,0.043511938328,4.690776398866,4.732186450489,5,1,True,107.225800000000,107.257933333333,0.053928491748,0.000502792568,"[107.2141, 107.2258, 107.3339]"
2026-06-09T19:44:14,sigma_current_sync,6,2,dp,1.570796327000,3,1,,,0.042796798411,0.043511938328,4.690776398866,4.732186450489,5,2,False,7.479639000000,7.479730333333,0.002411979178,0.000322468735,"[7.4768229999999996, 7.482729, 7.479639000000001]"
2026-06-09T19:44:14,sigma_current_sync,6,2,dp,1.570796327000,3,1,,,0.042796798411,0.043511938328,4.690776398866,4.732186450489,5,3,False,34.465030000000,34.462996666667,0.002896806671,0.000084055565,"[34.46503, 34.46506, 34.4589]"
2026-06-09T19:44:14,sigma_current_sync,6,2,dp,1.570796327000,3,1,,,0.042796798411,0.043511938328,4.690776398866,4.732186450489,5,4,False,0.271370600000,0.271316500000,0.000150010289,0.000552897773,"[0.2714671, 0.2711118, 0.27137059999999996]"
2026-06-09T19:44:14,sigma_current_sync,6,2,dp,1.570796327000,3,1,,,0.042796798411,0.043511938328,4.690776398866,4.732186450489,5,5,False,2.052453000000,2.053078333333,0.000922085438,0.000449123359,"[2.054382, 2.0524, 2.052453]"
2026-06-09T19:44:14,sigma_current_sync,6,2,dp,1.570796327000,3,1,,,0.042796798411,0.043511938328,4.690776398866,4.732186450489,5,6,False,1.079932000000,1.080273666667,0.000824516963,0.000763248229,"[1.08141, 1.0799320000000001, 1.079479]"
2026-06-09T19:44:14,sigma_current_sync,6,2,dp,1.570796327000,3,1,,,0.042796798411,0.043511938328,4.690776398866,4.732186450489,5,7,False,0.125288200000,0.125315633333,0.000184611237,0.001473170045,"[0.1251045, 0.1255542, 0.1252882]"
2026-06-09T19:44:14,sigma_current_sync,6,2,dp,1.570796327000,3,1,,,0.042796798411,0.043511938328,4.690776398866,4.732186450489,5,8,False,0.040976600000,0.040977200000,0.000025861927,0.000631129676,"[0.04094583, 0.0409766, 0.041009170000000005]"
2026-06-09T19:44:27,sigma_current_sync,6,3,dp,3.141592654000,3,1,,,0.051430507224,0.052141853758,5.142206282163,5.180251751062,5,1,True,36.339280000000,36.338696666667,0.011581186851,0.000318701217,"[36.32423, 36.35258, 36.339279999999995]"
2026-06-09T19:44:27,sigma_current_sync,6,3,dp,3.141592654000,3,1,,,0.051430507224,0.052141853758,5.142206282163,5.180251751062,5,2,False,1.564399000000,1.564970333333,0.002139337177,0.001367014525,"[1.567829, 1.5643989999999999, 1.562683]"
2026-06-09T19:44:27,sigma_current_sync,6,3,dp,3.141592654000,3,1,,,0.051430507224,0.052141853758,5.142206282163,5.180251751062,5,3,False,37.396690000000,37.414783333333,0.038082116830,0.001017836091,"[37.3799, 37.46776, 37.39669]"
2026-06-09T19:44:27,sigma_current_sync,6,3,dp,3.141592654000,3,1,,,0.051430507224,0.052141853758,5.142206282163,5.180251751062,5,4,False,28.592310000000,28.594146666667,0.009806767505,0.000342964160,"[28.583160000000003, 28.60697, 28.59231]"
2026-06-09T19:44:27,sigma_current_sync,6,3,dp,3.141592654000,3,1,,,0.051430507224,0.052141853758,5.142206282163,5.180251751062,5,5,False,38.548320000000,38.555686666667,0.022271225581,0.000577637892,"[38.53285, 38.54832, 38.58589]"
2026-06-09T19:44:27,sigma_current_sync,6,3,dp,3.141592654000,3,1,,,0.051430507224,0.052141853758,5.142206282163,5.180251751062,5,6,False,7.087510000000,7.088990666667,0.004141089175,0.000584157798,"[7.084824, 7.08751, 7.094638]"
2026-06-09T19:44:27,sigma_current_sync,6,3,dp,3.141592654000,3,1,,,0.051430507224,0.052141853758,5.142206282163,5.180251751062,5,7,False,0.233313300000,0.233404600000,0.000248776781,0.001065860659,"[0.2333133, 0.233156, 0.2337445]"
2026-06-09T19:44:27,sigma_current_sync,6,3,dp,3.141592654000,3,1,,,0.051430507224,0.052141853758,5.142206282163,5.180251751062,5,8,False,0.096438520000,0.096478086667,0.000095444359,0.000989285361,"[0.09660963, 0.09638611, 0.09643852]"
2026-06-09T19:44:40,sigma_current_sync,6,4,dp,4.712388980000,3,1,,,0.025529380785,0.026252107466,3.622924064252,3.675697130791,5,1,True,4.993461000000,4.993318666667,0.002581683473,0.000517027581,"[4.990088, 4.9964070000000005, 4.993461]"
2026-06-09T19:44:40,sigma_current_sync,6,4,dp,4.712388980000,3,1,,,0.025529380785,0.026252107466,3.622924064252,3.675697130791,5,2,False,8.576303000000,8.572496666667,0.008403129589,0.000980242970,"[8.580343000000001, 8.576303, 8.560844]"
2026-06-09T19:44:40,sigma_current_sync,6,4,dp,4.712388980000,3,1,,,0.025529380785,0.026252107466,3.622924064252,3.675697130791,5,3,False,7.687830000000,7.685914666667,0.004739785180,0.000616684596,"[7.679394, 7.69052, 7.68783]"
2026-06-09T19:44:40,sigma_current_sync,6,4,dp,4.712388980000,3,1,,,0.025529380785,0.026252107466,3.622924064252,3.675697130791,5,4,False,60.051620000000,60.038033333333,0.032449034226,0.000540474636,"[60.069199999999995, 60.05162, 59.99328]"
2026-06-09T19:44:40,sigma_current_sync,6,4,dp,4.712388980000,3,1,,,0.025529380785,0.026252107466,3.622924064252,3.675697130791,5,5,False,57.736470000000,57.753783333333,0.028484658249,0.000493208524,"[57.79394, 57.736470000000004, 57.730940000000004]"
2026-06-09T19:44:40,sigma_current_sync,6,4,dp,4.712388980000,3,1,,,0.025529380785,0.026252107466,3.622924064252,3.675697130791,5,6,False,6.488639000000,6.488992000000,0.003727916040,0.000574498480,"[6.488639, 6.484613, 6.493724]"
2026-06-09T19:44:40,sigma_current_sync,6,4,dp,4.712388980000,3,1,,,0.025529380785,0.026252107466,3.622924064252,3.675697130791,5,7,False,0.175340400000,0.175371166667,0.000104953969,0.000598467643,"[0.17526080000000002, 0.1753404, 0.17551229999999998]"
2026-06-09T19:44:40,sigma_current_sync,6,4,dp,4.712388980000,3,1,,,0.025529380785,0.026252107466,3.622924064252,3.675697130791,5,8,False,0.092262350000,0.092285443333,0.000170964015,0.001852556681,"[0.09250541999999999, 0.09208856, 0.09226234999999999]"
2026-06-09T19:44:53,sigma_current_sync,6,5,dp,6.283185307000,3,1,,,0.034163089598,0.034882022897,4.190999999939,4.236999999940,5,1,True,80.371350000000,80.364896666667,0.019159301193,0.000238403855,"[80.38446, 80.33888, 80.37135]"
2026-06-09T19:44:53,sigma_current_sync,6,5,dp,6.283185307000,3,1,,,0.034163089598,0.034882022897,4.190999999939,4.236999999940,5,2,False,13.458490000000,13.462220000000,0.010711548285,0.000795674732,"[13.476799999999999, 13.451369999999999, 13.45849]"
2026-06-09T19:44:53,sigma_current_sync,6,5,dp,6.283185307000,3,1,,,0.034163089598,0.034882022897,4.190999999939,4.236999999940,5,3,False,7.558751000000,7.561729666667,0.008849560077,0.001170308973,"[7.558751, 7.552692, 7.573746]"
2026-06-09T19:44:53,sigma_current_sync,6,5,dp,6.283185307000,3,1,,,0.034163089598,0.034882022897,4.190999999939,4.236999999940,5,4,False,27.717180000000,27.718550000000,0.021393742076,0.000771820390,"[27.717180000000003, 27.74541, 27.693060000000003]"
2026-06-09T19:44:53,sigma_current_sync,6,5,dp,6.283185307000,3,1,,,0.034163089598,0.034882022897,4.190999999939,4.236999999940,5,5,False,18.916990000000,18.906773333333,0.022212021270,0.001174818192,"[18.92739, 18.87594, 18.916990000000002]"
2026-06-09T19:44:53,sigma_current_sync,6,5,dp,6.283185307000,3,1,,,0.034163089598,0.034882022897,4.190999999939,4.236999999940,5,6,False,1.222661000000,1.221927333333,0.002310484269,0.001890852431,"[1.224318, 1.2188029999999999, 1.222661]"
2026-06-09T19:44:53,sigma_current_sync,6,5,dp,6.283185307000,3,1,,,0.034163089598,0.034882022897,4.190999999939,4.236999999940,5,7,False,0.051885530000,0.051902976667,0.000035462732,0.000683250445,"[0.05195242, 0.051870980000000004, 0.05188553]"
2026-06-09T19:44:53,sigma_current_sync,6,5,dp,6.283185307000,3,1,,,0.034163089598,0.034882022897,4.190999999939,4.236999999940,5,8,False,0.056960030000,0.057006840000,0.000069743178,0.001223417715,"[0.056960029999999995, 0.05695506, 0.05710543]"
2026-06-09T19:45:06,sigma_current_sync,7,1,dp,0.000000000000,5,1,,,0.031901135489,0.042833575180,4.039000000000,4.681000000000,6,1,True,7.235520000000,7.238655666667,0.004644660471,0.000641646831,"[7.235225, 7.245222, 7.23552]"
2026-06-09T19:45:06,sigma_current_sync,7,1,dp,0.000000000000,5,1,,,0.031901135489,0.042833575180,4.039000000000,4.681000000000,6,2,False,10.129540000000,10.133173333333,0.006573123729,0.000648673768,"[10.12758, 10.12954, 10.1424]"
2026-06-09T19:45:06,sigma_current_sync,7,1,dp,0.000000000000,5,1,,,0.031901135489,0.042833575180,4.039000000000,4.681000000000,6,3,False,68.014610000000,68.017640000000,0.006176552436,0.000090808097,"[68.01206, 68.01461, 68.02625]"
2026-06-09T19:45:06,sigma_current_sync,7,1,dp,0.000000000000,5,1,,,0.031901135489,0.042833575180,4.039000000000,4.681000000000,6,4,False,27.227890000000,27.227330000000,0.028661765472,0.001052683663,"[27.19195, 27.262150000000002, 27.22789]"
2026-06-09T19:45:06,sigma_current_sync,7,1,dp,0.000000000000,5,1,,,0.031901135489,0.042833575180,4.039000000000,4.681000000000,6,5,False,1.640703000000,1.640219000000,0.000995562488,0.000606969245,"[1.6388319999999998, 1.641122, 1.640703]"
2026-06-09T19:45:06,sigma_current_sync,7,1,dp,0.000000000000,5,1,,,0.031901135489,0.042833575180,4.039000000000,4.681000000000,6,6,False,0.427270400000,0.426745533333,0.001028287902,0.002409604369,"[0.42765759999999997, 0.4272704, 0.4253086]"
2026-06-09T19:45:06,sigma_current_sync,7,1,dp,0.000000000000,5,1,,,0.031901135489,0.042833575180,4.039000000000,4.681000000000,6,7,False,22.957850000000,22.964480000000,0.010106067484,0.000440073866,"[22.97876, 22.95683, 22.95785]"
2026-06-09T19:45:06,sigma_current_sync,7,1,dp,0.000000000000,5,1,,,0.031901135489,0.042833575180,4.039000000000,4.681000000000,6,8,False,8.800078000000,8.799962000000,0.000386834159,0.000043958617,"[8.799441, 8.800078000000001, 8.800367]"
2026-06-09T19:45:19,sigma_current_sync,7,2,dp,1.570796327000,5,1,,,0.040586501580,0.051589967088,4.555767913011,5.137231111372,6,1,True,3.313032000000,3.312445333333,0.001542053681,0.000465533322,"[3.3130319999999998, 3.313971, 3.310333]"
2026-06-09T19:45:19,sigma_current_sync,7,2,dp,1.570796327000,5,1,,,0.040586501580,0.051589967088,4.555767913011,5.137231111372,6,2,False,5.228502000000,5.226139000000,0.004991405079,0.000955084639,"[5.219197, 5.228502, 5.2307179999999995]"
2026-06-09T19:45:19,sigma_current_sync,7,2,dp,1.570796327000,5,1,,,0.040586501580,0.051589967088,4.555767913011,5.137231111372,6,3,False,31.984350000000,31.982376666667,0.027298505861,0.000853548382,"[32.01478, 31.984350000000003, 31.948]"
2026-06-09T19:45:19,sigma_current_sync,7,2,dp,1.570796327000,5,1,,,0.040586501580,0.051589967088,4.555767913011,5.137231111372,6,4,False,15.456740000000,15.447783333333,0.014949439975,0.000967740138,"[15.45674, 15.45989, 15.426720000000001]"
2026-06-09T19:45:19,sigma_current_sync,7,2,dp,1.570796327000,5,1,,,0.040586501580,0.051589967088,4.555767913011,5.137231111372,6,5,False,0.564141000000,0.564369600000,0.000413024390,0.000731833164,"[0.564141, 0.5640183999999999, 0.5649494]"
2026-06-09T19:45:19,sigma_current_sync,7,2,dp,1.570796327000,5,1,,,0.040586501580,0.051589967088,4.555767913011,5.137231111372,6,6,False,24.064070000000,24.073420000000,0.029837561339,0.001239440069,"[24.11373, 24.06407, 24.04246]"
2026-06-09T19:45:19,sigma_current_sync,7,2,dp,1.570796327000,5,1,,,0.040586501580,0.051589967088,4.555767913011,5.137231111372,6,7,False,40.373240000000,40.365756666667,0.031245494964,0.000774059439,"[40.373239999999996, 40.39973, 40.3243]"
2026-06-09T19:45:19,sigma_current_sync,7,2,dp,1.570796327000,5,1,,,0.040586501580,0.051589967088,4.555767913011,5.137231111372,6,8,False,15.887520000000,15.885010000000,0.003966871143,0.000249724183,"[15.87941, 15.887520000000002, 15.888100000000001]"
2026-06-09T19:45:32,sigma_current_sync,7,3,dp,3.141592654000,5,1,,,0.049271867671,0.025320791368,5.019613685778,3.599027093403,6,1,True,0.705997900000,0.705478733333,0.000752672166,0.001066895613,"[0.7059979, 0.7060238999999999, 0.7044144]"
2026-06-09T19:45:32,sigma_current_sync,7,3,dp,3.141592654000,5,1,,,0.049271867671,0.025320791368,5.019613685778,3.599027093403,6,2,False,1.376157000000,1.376102333333,0.000754617048,0.000548372770,"[1.375152, 1.3769980000000002, 1.3761569999999999]"
2026-06-09T19:45:32,sigma_current_sync,7,3,dp,3.141592654000,5,1,,,0.049271867671,0.025320791368,5.019613685778,3.599027093403,6,3,False,7.315196000000,7.315187666667,0.005237420633,0.000715965314,"[7.308769, 7.315195999999999, 7.321598]"
2026-06-09T19:45:32,sigma_current_sync,7,3,dp,3.141592654000,5,1,,,0.049271867671,0.025320791368,5.019613685778,3.599027093403,6,4,False,7.035972000000,7.034664000000,0.003155542531,0.000448570469,"[7.037705, 7.030315, 7.035972]"
2026-06-09T19:45:32,sigma_current_sync,7,3,dp,3.141592654000,5,1,,,0.049271867671,0.025320791368,5.019613685778,3.599027093403,6,5,False,5.487308000000,5.487662666667,0.001536834481,0.000280052652,"[5.4896970000000005, 5.485983, 5.4873080000000005]"
2026-06-09T19:45:32,sigma_current_sync,7,3,dp,3.141592654000,5,1,,,0.049271867671,0.025320791368,5.019613685778,3.599027093403,6,6,False,102.980200000000,103.003466666667,0.042354404205,0.000411193968,"[103.0629, 102.9673, 102.9802]"
2026-06-09T19:45:32,sigma_current_sync,7,3,dp,3.141592654000,5,1,,,0.049271867671,0.025320791368,5.019613685778,3.599027093403,6,7,False,5.758344000000,5.760591000000,0.003669087716,0.000636929044,"[5.757664, 5.758344, 5.765765]"
2026-06-09T19:45:32,sigma_current_sync,7,3,dp,3.141592654000,5,1,,,0.049271867671,0.025320791368,5.019613685778,3.599027093403,6,8,False,1.268929000000,1.268382333333,0.000788710903,0.000621824258,"[1.268951, 1.2672670000000001, 1.268929]"
2026-06-09T19:45:45,sigma_current_sync,7,4,dp,4.712388980000,5,1,,,0.023215769397,0.034077183270,3.445579881858,4.175209995658,6,1,True,2.267039000000,2.269430333333,0.004668125772,0.002056959274,"[2.265297, 2.267039, 2.275955]"
2026-06-09T19:45:45,sigma_current_sync,7,4,dp,4.712388980000,5,1,,,0.023215769397,0.034077183270,3.445579881858,4.175209995658,6,2,False,5.090310000000,5.090568333333,0.003161449281,0.000621040535,"[5.09031, 5.086832, 5.094563]"
2026-06-09T19:45:45,sigma_current_sync,7,4,dp,4.712388980000,5,1,,,0.023215769397,0.034077183270,3.445579881858,4.175209995658,6,3,False,22.600400000000,22.606293333333,0.033272946301,0.001471844402,"[22.56881, 22.6004, 22.64967]"
2026-06-09T19:45:45,sigma_current_sync,7,4,dp,4.712388980000,5,1,,,0.023215769397,0.034077183270,3.445579881858,4.175209995658,6,4,False,8.078392000000,8.074069666667,0.010503538462,0.001300897676,"[8.059600999999999, 8.078392000000001, 8.084216]"
2026-06-09T19:45:45,sigma_current_sync,7,4,dp,4.712388980000,5,1,,,0.023215769397,0.034077183270,3.445579881858,4.175209995658,6,5,False,5.806881000000,5.806550333333,0.004672132299,0.000804631327,"[5.806881, 5.8121, 5.80067]"
2026-06-09T19:45:45,sigma_current_sync,7,4,dp,4.712388980000,5,1,,,0.023215769397,0.034077183270,3.445579881858,4.175209995658,6,6,False,56.280240000000,56.265560000000,0.044962526619,0.000799112754,"[56.3118, 56.28024, 56.204640000000005]"
2026-06-09T19:45:45,sigma_current_sync,7,4,dp,4.712388980000,5,1,,,0.023215769397,0.034077183270,3.445579881858,4.175209995658,6,7,False,25.406850000000,25.406100000000,0.003587097248,0.000141190393,"[25.40138, 25.41007, 25.40685]"
2026-06-09T19:45:45,sigma_current_sync,7,4,dp,4.712388980000,5,1,,,0.023215769397,0.034077183270,3.445579881858,4.175209995658,6,8,False,7.491874000000,7.493268333333,0.007804142760,0.001041487161,"[7.484483999999999, 7.503447, 7.491874]"
2026-06-09T19:45:58,sigma_current_sync,7,5,dp,6.283185307000,5,1,,,0.031901135488,0.042833575179,4.038999999937,4.680999999945,6,1,True,7.236798000000,7.235158333333,0.005270982599,0.000728523462,"[7.240636, 7.236798, 7.228041]"
2026-06-09T19:45:58,sigma_current_sync,7,5,dp,6.283185307000,5,1,,,0.031901135488,0.042833575179,4.038999999937,4.680999999945,6,2,False,10.143410000000,10.146940000000,0.007563980434,0.000745444482,"[10.14341, 10.15745, 10.13996]"
2026-06-09T19:45:58,sigma_current_sync,7,5,dp,6.283185307000,5,1,,,0.031901135488,0.042833575179,4.038999999937,4.680999999945,6,3,False,68.010730000000,68.006833333333,0.021135755382,0.000310788701,"[67.97922, 68.01073000000001, 68.03054999999999]"
2026-06-09T19:45:58,sigma_current_sync,7,5,dp,6.283185307000,5,1,,,0.031901135488,0.042833575179,4.038999999937,4.680999999945,6,4,False,27.253720000000,27.263176666667,0.028765275749,0.001055096260,"[27.30217, 27.233639999999998, 27.25372]"
2026-06-09T19:45:58,sigma_current_sync,7,5,dp,6.283185307000,5,1,,,0.031901135488,0.042833575179,4.038999999937,4.680999999945,6,5,False,1.642567000000,1.642764333333,0.001630808661,0.000992722223,"[1.642567, 1.640873, 1.6448530000000001]"
2026-06-09T19:45:58,sigma_current_sync,7,5,dp,6.283185307000,5,1,,,0.031901135488,0.042833575179,4.038999999937,4.680999999945,6,6,False,0.423768700000,0.423640666667,0.000222218366,0.000524544463,"[0.4238252, 0.4233281, 0.4237687]"
2026-06-09T19:45:58,sigma_current_sync,7,5,dp,6.283185307000,5,1,,,0.031901135488,0.042833575179,4.038999999937,4.680999999945,6,7,False,22.990240000000,22.993073333333,0.008629377472,0.000375303351,"[22.99024, 23.00477, 22.98421]"
2026-06-09T19:45:58,sigma_current_sync,7,5,dp,6.283185307000,5,1,,,0.031901135488,0.042833575179,4.038999999937,4.680999999945,6,8,False,8.805050000000,8.806455333333,0.006194156673,0.000703365479,"[8.799669999999999, 8.814646, 8.80505]"
2026-06-09T19:46:13,sigma_current_sync,8,1,dp,0.000000000000,7,1,,,0.031120426485,0.050422804901,4.000000000000,5.089000000000,7,1,True,2.404369000000,2.404133000000,0.000868603477,0.000361295934,"[2.405059, 2.404369, 2.402971]"
2026-06-09T19:46:13,sigma_current_sync,8,1,dp,0.000000000000,7,1,,,0.031120426485,0.050422804901,4.000000000000,5.089000000000,7,2,False,0.146353000000,0.146344400000,0.000100450021,0.000686394701,"[0.14635299999999998, 0.1462173, 0.14646289999999998]"
2026-06-09T19:46:13,sigma_current_sync,8,1,dp,0.000000000000,7,1,,,0.031120426485,0.050422804901,4.000000000000,5.089000000000,7,3,False,5.326684000000,5.322073333333,0.008624481678,0.001620511620,"[5.329547, 5.326683999999999, 5.309989]"
2026-06-09T19:46:13,sigma_current_sync,8,1,dp,0.000000000000,7,1,,,0.031120426485,0.050422804901,4.000000000000,5.089000000000,7,4,False,1.359671000000,1.359417666667,0.000838308747,0.000616667539,"[1.3582880000000002, 1.360294, 1.3596709999999999]"
2026-06-09T19:46:13,sigma_current_sync,8,1,dp,0.000000000000,7,1,,,0.031120426485,0.050422804901,4.000000000000,5.089000000000,7,5,False,38.829100000000,38.849126666667,0.038965729672,0.001003001432,"[38.8291, 38.9036, 38.814679999999996]"
2026-06-09T19:46:13,sigma_current_sync,8,1,dp,0.000000000000,7,1,,,0.031120426485,0.050422804901,4.000000000000,5.089000000000,7,6,False,1.665116000000,1.666501333333,0.002982377277,0.001789603895,"[1.670644, 1.663744, 1.665116]"
2026-06-09T19:46:13,sigma_current_sync,8,1,dp,0.000000000000,7,1,,,0.031120426485,0.050422804901,4.000000000000,5.089000000000,7,7,False,6.067388000000,6.067411666667,0.006692435149,0.001103013198,"[6.07562, 6.067388, 6.059227]"
2026-06-09T19:46:13,sigma_current_sync,8,1,dp,0.000000000000,7,1,,,0.031120426485,0.050422804901,4.000000000000,5.089000000000,7,8,False,18.166860000000,18.170320000000,0.014826705635,0.000815984839,"[18.16686, 18.154139999999998, 18.18996]"
2026-06-09T19:46:26,sigma_current_sync,8,2,dp,1.570796327000,7,1,,,0.039778374038,0.024289371268,4.522314221043,3.532051986248,7,1,True,1.901444000000,1.901362333333,0.000394130548,0.000207288501,"[1.9014440000000001, 1.900844, 1.901799]"
2026-06-09T19:46:26,sigma_current_sync,8,2,dp,1.570796327000,7,1,,,0.039778374038,0.024289371268,4.522314221043,3.532051986248,7,2,False,0.152172900000,0.152202300000,0.000075426388,0.000495566676,"[0.1523058, 0.1521729, 0.15212820000000002]"
2026-06-09T19:46:26,sigma_current_sync,8,2,dp,1.570796327000,7,1,,,0.039778374038,0.024289371268,4.522314221043,3.532051986248,7,3,False,3.994334000000,3.993908666667,0.003944546474,0.000987640631,"[3.9985129999999995, 3.994334, 3.9888790000000003]"
2026-06-09T19:46:26,sigma_current_sync,8,2,dp,1.570796327000,7,1,,,0.039778374038,0.024289371268,4.522314221043,3.532051986248,7,4,False,1.146622000000,1.145808333333,0.001508975885,0.001316953142,"[1.143693, 1.146622, 1.14711]"
2026-06-09T19:46:26,sigma_current_sync,8,2,dp,1.570796327000,7,1,,,0.039778374038,0.024289371268,4.522314221043,3.532051986248,7,5,False,29.617740000000,29.623023333333,0.011534251409,0.000389367799,"[29.6123, 29.617739999999998, 29.63903]"
2026-06-09T19:46:26,sigma_current_sync,8,2,dp,1.570796327000,7,1,,,0.039778374038,0.024289371268,4.522314221043,3.532051986248,7,6,False,1.373925000000,1.373794666667,0.000723188465,0.000526416707,"[1.372851, 1.374608, 1.3739249999999998]"
2026-06-09T19:46:26,sigma_current_sync,8,2,dp,1.570796327000,7,1,,,0.039778374038,0.024289371268,4.522314221043,3.532051986248,7,7,False,6.732375000000,6.734477000000,0.006945977397,0.001031405616,"[6.727218, 6.743838, 6.732375]"
2026-06-09T19:46:26,sigma_current_sync,8,2,dp,1.570796327000,7,1,,,0.039778374038,0.024289371268,4.522314221043,3.532051986248,7,8,False,27.598150000000,27.595143333333,0.010689213670,0.000387358512,"[27.59815, 27.58081, 27.606469999999998]"
2026-06-09T19:46:39,sigma_current_sync,8,3,dp,3.141592654000,7,1,,,0.048436321592,0.033000515813,4.990255687608,4.116985283329,7,1,True,1.818579000000,1.818833666667,0.000397489902,0.000218541095,"[1.8193949999999999, 1.8185790000000002, 1.818527]"
2026-06-09T19:46:39,sigma_current_sync,8,3,dp,3.141592654000,7,1,,,0.048436321592,0.033000515813,4.990255687608,4.116985283329,7,2,False,0.170520000000,0.170591566667,0.000167104445,0.000979558652,"[0.17082239999999999, 0.1704323, 0.17052]"
2026-06-09T19:46:39,sigma_current_sync,8,3,dp,3.141592654000,7,1,,,0.048436321592,0.033000515813,4.990255687608,4.116985283329,7,3,False,3.532585000000,3.532650000000,0.001196642247,0.000338737845,"[3.532585, 3.534147, 3.531218]"
2026-06-09T19:46:39,sigma_current_sync,8,3,dp,3.141592654000,7,1,,,0.048436321592,0.033000515813,4.990255687608,4.116985283329,7,4,False,0.989965800000,0.990684466667,0.001494409755,0.001508461882,"[0.9893226, 0.9927649999999999, 0.9899658000000001]"
2026-06-09T19:46:39,sigma_current_sync,8,3,dp,3.141592654000,7,1,,,0.048436321592,0.033000515813,4.990255687608,4.116985283329,7,5,False,27.913270000000,27.911870000000,0.027076799417,0.000970081883,"[27.91327, 27.87803, 27.94431]"
2026-06-09T19:46:39,sigma_current_sync,8,3,dp,3.141592654000,7,1,,,0.048436321592,0.033000515813,4.990255687608,4.116985283329,7,6,False,1.184193000000,1.184071666667,0.000291344393,0.000246053006,"[1.18367, 1.184352, 1.184193]"
2026-06-09T19:46:39,sigma_current_sync,8,3,dp,3.141592654000,7,1,,,0.048436321592,0.033000515813,4.990255687608,4.116985283329,7,7,False,9.426621000000,9.419643666667,0.010160873530,0.001078689799,"[9.426620999999999, 9.405276, 9.427033999999999]"
2026-06-09T19:46:39,sigma_current_sync,8,3,dp,3.141592654000,7,1,,,0.048436321592,0.033000515813,4.990255687608,4.116985283329,7,8,False,37.763440000000,37.765446666667,0.003628418694,0.000096077738,"[37.76236, 37.76344, 37.770540000000004]"
2026-06-09T19:46:51,sigma_current_sync,8,4,dp,4.712388980000,7,1,,,0.022462478930,0.041711660354,3.398334016197,4.628579091891,7,1,True,2.424368000000,2.425245000000,0.002396001809,0.000987942170,"[2.424368, 2.4285180000000004, 2.4228490000000003]"
2026-06-09T19:46:51,sigma_current_sync,8,4,dp,4.712388980000,7,1,,,0.022462478930,0.041711660354,3.398334016197,4.628579091891,7,2,False,0.195363900000,0.195267200000,0.000264828737,0.001356237694,"[0.1949055, 0.1955322, 0.1953639]"
2026-06-09T19:46:51,sigma_current_sync,8,4,dp,4.712388980000,7,1,,,0.022462478930,0.041711660354,3.398334016197,4.628579091891,7,3,False,4.912840000000,4.912137000000,0.002428646948,0.000494417592,"[4.914696999999999, 4.908874, 4.91284]"
2026-06-09T19:46:51,sigma_current_sync,8,4,dp,4.712388980000,7,1,,,0.022462478930,0.041711660354,3.398334016197,4.628579091891,7,4,False,1.351861000000,1.351873333333,0.000746737050,0.000552372054,"[1.352794, 1.350965, 1.351861]"
2026-06-09T19:46:51,sigma_current_sync,8,4,dp,4.712388980000,7,1,,,0.022462478930,0.041711660354,3.398334016197,4.628579091891,7,5,False,40.307170000000,40.310523333333,0.049781145248,0.001234941676,"[40.30717, 40.3731, 40.2513]"
2026-06-09T19:46:51,sigma_current_sync,8,4,dp,4.712388980000,7,1,,,0.022462478930,0.041711660354,3.398334016197,4.628579091891,7,6,False,1.567392000000,1.566905666667,0.000785175281,0.000501099267,"[1.5673920000000001, 1.567527, 1.565798]"
2026-06-09T19:46:51,sigma_current_sync,8,4,dp,4.712388980000,7,1,,,0.022462478930,0.041711660354,3.398334016197,4.628579091891,7,7,False,9.207139000000,9.204715666667,0.004114200557,0.000446966610,"[9.207139, 9.208085, 9.198923]"
2026-06-09T19:46:51,sigma_current_sync,8,4,dp,4.712388980000,7,1,,,0.022462478930,0.041711660354,3.398334016197,4.628579091891,7,8,False,29.201200000000,29.209400000000,0.024385926269,0.000834865703,"[29.24251, 29.18449, 29.2012]"
2026-06-09T19:47:04,sigma_current_sync,8,5,dp,6.283185307000,7,1,,,0.031120426484,0.050422804900,3.999999999936,5.088999999950,7,1,True,2.397893000000,2.398127333333,0.000391556155,0.000163275798,"[2.397893, 2.398679, 2.39781]"
2026-06-09T19:47:04,sigma_current_sync,8,5,dp,6.283185307000,7,1,,,0.031120426484,0.050422804900,3.999999999936,5.088999999950,7,2,False,0.146958600000,0.146967466667,0.000163664399,0.001113609718,"[0.1469586, 0.1471722, 0.1467716]"
2026-06-09T19:47:04,sigma_current_sync,8,5,dp,6.283185307000,7,1,,,0.031120426484,0.050422804900,3.999999999936,5.088999999950,7,3,False,5.310950000000,5.310374333333,0.002504428921,0.000471610618,"[5.31095, 5.3131129999999995, 5.30706]"
2026-06-09T19:47:04,sigma_current_sync,8,5,dp,6.283185307000,7,1,,,0.031120426484,0.050422804900,3.999999999936,5.088999999950,7,4,False,1.363893000000,1.364148000000,0.000709558078,0.000520147432,"[1.365116, 1.363893, 1.363435]"
2026-06-09T19:47:04,sigma_current_sync,8,5,dp,6.283185307000,7,1,,,0.031120426484,0.050422804900,3.999999999936,5.088999999950,7,5,False,38.755880000000,38.775066666667,0.033564426936,0.000865618807,"[38.74706, 38.82226, 38.75588]"
2026-06-09T19:47:04,sigma_current_sync,8,5,dp,6.283185307000,7,1,,,0.031120426484,0.050422804900,3.999999999936,5.088999999950,7,6,False,1.660606000000,1.660766666667,0.001166603141,0.000702448553,"[1.662269, 1.660606, 1.659425]"
2026-06-09T19:47:04,sigma_current_sync,8,5,dp,6.283185307000,7,1,,,0.031120426484,0.050422804900,3.999999999936,5.088999999950,7,7,False,6.041972000000,6.042275666667,0.003577397782,0.000592061332,"[6.046800999999999, 6.041972, 6.038054]"
2026-06-09T19:47:04,sigma_current_sync,8,5,dp,6.283185307000,7,1,,,0.031120426484,0.050422804900,3.999999999936,5.088999999950,7,8,False,18.243220000000,18.243303333333,0.006413851330,0.000351572915,"[18.24322, 18.235490000000002, 18.2512]"
