mzi,port,voltage,expected_mA,actual_mA,lower_mA,upper_mA,local_sample_row,sample_index,iteration
1,43,4.318,8.477847171257958,,7.630062454132162,9.325631888383754,6,6,4
2,45,4.261,8.36593487650073,,7.529341388850658,9.202528364150805,6,6,4
3,41,4.164,8.093643218673503,,7.284278896806152,8.903007540540854,6,6,4
4,48,4.23,8.304996428072716,,7.474496785265444,9.135496070879988,6,6,4
5,44,3.516,6.797282765056012,,6.117554488550411,7.477011041561614,6,6,4
6,46,4.329,8.428640695949365,,7.585776626354429,9.271504765544302,6,6,4
7,42,3.995,7.8306379376366815,,7.047574143873013,8.613701731400349,6,6,4
8,49,4.294,8.343622807807465,,7.5092605270267185,9.177985088588212,6,6,4
1,43,4.318,8.477847171257958,,7.630062454132162,9.325631888383754,30,30,4
2,45,4.261,8.36593487650073,,7.529341388850658,9.202528364150805,30,30,4
3,41,4.164,8.093643218673503,,7.284278896806152,8.903007540540854,30,30,4
4,48,4.23,8.304996428072716,,7.474496785265444,9.135496070879988,30,30,4
5,44,3.592,6.944209241206256,,6.24978831708563,7.638630165326881,30,30,4
6,46,4.329,8.428640695949365,,7.585776626354429,9.271504765544302,30,30,4
7,42,3.995,7.8306379376366815,,7.047574143873013,8.613701731400349,30,30,4
8,49,4.294,8.343622807807465,,7.5092605270267185,9.177985088588212,30,30,4
5,44,3.977,7.688507837493675,6.619962232822027,6.919657053744308,8.457358621243042,57,57,0
1,43,4.318,8.477847171257958,,7.630062454132162,9.325631888383754,60,60,0
2,45,4.261,8.36593487650073,,7.529341388850658,9.202528364150805,60,60,0
3,41,4.164,8.093643218673503,,7.284278896806152,8.903007540540854,60,60,0
4,48,4.23,8.304996428072716,,7.474496785265444,9.135496070879988,60,60,0
5,44,3.464,6.69675412347953,,6.027078711131577,7.366429535827483,60,60,0
6,46,4.329,8.428640695949365,,7.585776626354429,9.271504765544302,60,60,0
7,42,3.995,7.8306379376366815,,7.047574143873013,8.613701731400349,60,60,0
8,49,4.294,8.343622807807465,,7.5092605270267185,9.177985088588212,60,60,0
1,43,4.318,8.477847171257958,,7.630062454132162,9.325631888383754,62,62,0
2,45,4.261,8.36593487650073,,7.529341388850658,9.202528364150805,62,62,0
3,41,4.164,8.093643218673503,,7.284278896806152,8.903007540540854,62,62,0
4,48,4.23,8.304996428072716,,7.474496785265444,9.135496070879988,62,62,0
5,44,3.39,6.553694133543767,,5.898324720189391,7.209063546898144,62,62,0
6,46,4.329,8.428640695949365,,7.585776626354429,9.271504765544302,62,62,0
7,42,3.995,7.8306379376366815,,7.047574143873013,8.613701731400349,62,62,0
8,49,4.294,8.343622807807465,,7.5092605270267185,9.177985088588212,62,62,0
1,43,4.318,8.477847171257958,,7.630062454132162,9.325631888383754,71,71,1
2,45,4.261,8.36593487650073,,7.529341388850658,9.202528364150805,71,71,1
3,41,4.164,8.093643218673503,,7.284278896806152,8.903007540540854,71,71,1
4,48,4.23,8.304996428072716,,7.474496785265444,9.135496070879988,71,71,1
5,44,3.734,7.218729762434343,,6.496856786190909,7.940602738677777,71,71,1
6,46,4.329,8.428640695949365,,7.585776626354429,9.271504765544302,71,71,1
7,42,3.995,7.8306379376366815,,7.047574143873013,8.613701731400349,71,71,1
8,49,4.294,8.343622807807465,,7.5092605270267185,9.177985088588212,71,71,1
1,43,4.318,8.477847171257958,,7.630062454132162,9.325631888383754,72,72,1
2,45,3.747,7.356760850093462,,6.621084765084116,8.092436935102809,72,72,1
3,41,4.164,8.093643218673503,,7.284278896806152,8.903007540540854,72,72,1
4,48,4.23,8.304996428072716,,7.474496785265444,9.135496070879988,72,72,1
5,44,3.977,7.688507837493675,,6.919657053744308,8.457358621243042,72,72,1
6,46,4.329,8.428640695949365,,7.585776626354429,9.271504765544302,72,72,1
7,42,3.995,7.8306379376366815,,7.047574143873013,8.613701731400349,72,72,1
8,49,4.294,8.343622807807465,,7.5092605270267185,9.177985088588212,72,72,1
1,43,4.318,8.477847171257958,,7.630062454132162,9.325631888383754,85,85,0
2,45,4.261,8.36593487650073,,7.529341388850658,9.202528364150805,85,85,0
3,41,3.535,6.871044375122678,,6.18393993761041,7.558148812634946,85,85,0
4,48,4.23,8.304996428072716,,7.474496785265444,9.135496070879988,85,85,0
5,44,3.977,7.688507837493675,,6.919657053744308,8.457358621243042,85,85,0
6,46,4.329,8.428640695949365,,7.585776626354429,9.271504765544302,85,85,0
7,42,3.995,7.8306379376366815,,7.047574143873013,8.613701731400349,85,85,0
8,49,4.294,8.343622807807465,,7.5092605270267185,9.177985088588212,85,85,0
1,43,4.318,8.477847171257958,,7.630062454132162,9.325631888383754,87,87,2
2,45,4.261,8.36593487650073,,7.529341388850658,9.202528364150805,87,87,2
3,41,4.164,8.093643218673503,,7.284278896806152,8.903007540540854,87,87,2
4,48,4.23,8.304996428072716,,7.474496785265444,9.135496070879988,87,87,2
5,44,3.741,7.232262464185024,,6.509036217766521,7.955488710603527,87,87,2
6,46,4.329,8.428640695949365,,7.585776626354429,9.271504765544302,87,87,2
7,42,3.995,7.8306379376366815,,7.047574143873013,8.613701731400349,87,87,2
8,49,4.294,8.343622807807465,,7.5092605270267185,9.177985088588212,87,87,2
1,43,4.318,8.477847171257958,,7.630062454132162,9.325631888383754,100,100,0
2,45,3.702,7.26840903844302,,6.541568134598719,7.995249942287322,100,100,0
3,41,4.164,8.093643218673503,,7.284278896806152,8.903007540540854,100,100,0
4,48,4.23,8.304996428072716,,7.474496785265444,9.135496070879988,100,100,0
5,44,3.977,7.688507837493675,,6.919657053744308,8.457358621243042,100,100,0
6,46,4.329,8.428640695949365,,7.585776626354429,9.271504765544302,100,100,0
7,42,3.995,7.8306379376366815,,7.047574143873013,8.613701731400349,100,100,0
8,49,4.294,8.343622807807465,,7.5092605270267185,9.177985088588212,100,100,0
1,43,4.318,8.477847171257958,,7.630062454132162,9.325631888383754,116,116,2
2,45,3.891,7.639486647374877,,6.87553798263739,8.403435312112364,116,116,2
3,41,4.164,8.093643218673503,,7.284278896806152,8.903007540540854,116,116,2
4,48,4.23,8.304996428072716,,7.474496785265444,9.135496070879988,116,116,2
5,44,3.977,7.688507837493675,,6.919657053744308,8.457358621243042,116,116,2
6,46,4.329,8.428640695949365,,7.585776626354429,9.271504765544302,116,116,2
7,42,3.995,7.8306379376366815,,7.047574143873013,8.613701731400349,116,116,2
8,49,4.294,8.343622807807465,,7.5092605270267185,9.177985088588212,116,116,2
1,43,4.318,8.477847171257958,,7.630062454132162,9.325631888383754,123,123,1
2,45,4.261,8.36593487650073,,7.529341388850658,9.202528364150805,123,123,1
3,41,4.164,8.093643218673503,,7.284278896806152,8.903007540540854,123,123,1
4,48,4.23,8.304996428072716,,7.474496785265444,9.135496070879988,123,123,1
5,44,3.679,7.112401391536141,,6.401161252382527,7.823641530689755,123,123,1
6,46,4.329,8.428640695949365,,7.585776626354429,9.271504765544302,123,123,1
7,42,3.995,7.8306379376366815,,7.047574143873013,8.613701731400349,123,123,1
8,49,4.294,8.343622807807465,,7.5092605270267185,9.177985088588212,123,123,1
1,43,4.318,8.477847171257958,,7.630062454132162,9.325631888383754,138,138,2
2,45,3.946,7.747472194947639,,6.972724975452874,8.522219414442402,138,138,2
3,41,4.164,8.093643218673503,,7.284278896806152,8.903007540540854,138,138,2
4,48,4.23,8.304996428072716,,7.474496785265444,9.135496070879988,138,138,2
5,44,3.977,7.688507837493675,,6.919657053744308,8.457358621243042,138,138,2
6,46,4.329,8.428640695949365,,7.585776626354429,9.271504765544302,138,138,2
7,42,3.995,7.8306379376366815,,7.047574143873013,8.613701731400349,138,138,2
8,49,4.294,8.343622807807465,,7.5092605270267185,9.177985088588212,138,138,2
1,43,4.318,8.477847171257958,,7.630062454132162,9.325631888383754,147,147,3
2,45,4.261,8.36593487650073,,7.529341388850658,9.202528364150805,147,147,3
3,41,3.893,7.566895545219967,,6.810205990697971,8.323585099741964,147,147,3
4,48,4.23,8.304996428072716,,7.474496785265444,9.135496070879988,147,147,3
5,44,3.977,7.688507837493675,,6.919657053744308,8.457358621243042,147,147,3
6,46,4.329,8.428640695949365,,7.585776626354429,9.271504765544302,147,147,3
7,42,3.995,7.8306379376366815,,7.047574143873013,8.613701731400349,147,147,3
8,49,4.294,8.343622807807465,,7.5092605270267185,9.177985088588212,147,147,3
1,43,4.318,8.477847171257958,,7.630062454132162,9.325631888383754,160,160,1
2,45,4.261,8.36593487650073,,7.529341388850658,9.202528364150805,160,160,1
3,41,4.164,8.093643218673503,,7.284278896806152,8.903007540540854,160,160,1
4,48,4.23,8.304996428072716,,7.474496785265444,9.135496070879988,160,160,1
5,44,3.667,7.08920247424926,,6.380282226824334,7.7981227216741855,160,160,1
6,46,4.329,8.428640695949365,,7.585776626354429,9.271504765544302,160,160,1
7,42,3.995,7.8306379376366815,,7.047574143873013,8.613701731400349,160,160,1
8,49,4.294,8.343622807807465,,7.5092605270267185,9.177985088588212,160,160,1
1,43,4.318,8.477847171257958,,7.630062454132162,9.325631888383754,217,217,3
2,45,4.261,8.36593487650073,,7.529341388850658,9.202528364150805,217,217,3
3,41,3.957,7.6912935197625,,6.922164167786249,8.46042287173875,217,217,3
4,48,4.23,8.304996428072716,,7.474496785265444,9.135496070879988,217,217,3
5,44,3.977,7.688507837493675,,6.919657053744308,8.457358621243042,217,217,3
6,46,4.329,8.428640695949365,,7.585776626354429,9.271504765544302,217,217,3
7,42,3.995,7.8306379376366815,,7.047574143873013,8.613701731400349,217,217,3
8,49,4.294,8.343622807807465,,7.5092605270267185,9.177985088588212,217,217,3
1,43,4.318,8.477847171257958,,7.630062454132162,9.325631888383754,226,226,3
2,45,4.261,8.36593487650073,,7.529341388850658,9.202528364150805,226,226,3
3,41,4.164,8.093643218673503,,7.284278896806152,8.903007540540854,226,226,3
4,48,4.076,8.002639584119242,,7.202375625707318,8.802903542531165,226,226,3
5,44,3.977,7.688507837493675,,6.919657053744308,8.457358621243042,226,226,3
6,46,4.329,8.428640695949365,,7.585776626354429,9.271504765544302,226,226,3
7,42,3.995,7.8306379376366815,,7.047574143873013,8.613701731400349,226,226,3
8,49,4.294,8.343622807807465,,7.5092605270267185,9.177985088588212,226,226,3
1,43,4.318,8.477847171257958,,7.630062454132162,9.325631888383754,236,236,0
2,45,4.261,8.36593487650073,,7.529341388850658,9.202528364150805,236,236,0
3,41,4.164,8.093643218673503,,7.284278896806152,8.903007540540854,236,236,0
4,48,4.23,8.304996428072716,,7.474496785265444,9.135496070879988,236,236,0
5,44,3.352,6.480230895468645,,5.83220780592178,7.128253985015509,236,236,0
6,46,4.329,8.428640695949365,,7.585776626354429,9.271504765544302,236,236,0
7,42,3.995,7.8306379376366815,,7.047574143873013,8.613701731400349,236,236,0
8,49,4.294,8.343622807807465,,7.5092605270267185,9.177985088588212,236,236,0
1,43,4.318,8.477847171257958,,7.630062454132162,9.325631888383754,237,237,3
2,45,4.261,8.36593487650073,,7.529341388850658,9.202528364150805,237,237,3
3,41,4.164,8.093643218673503,,7.284278896806152,8.903007540540854,237,237,3
4,48,3.806,7.472533429135877,,6.7252800862222895,8.219786772049465,237,237,3
5,44,3.977,7.688507837493675,,6.919657053744308,8.457358621243042,237,237,3
6,46,4.329,8.428640695949365,,7.585776626354429,9.271504765544302,237,237,3
7,42,3.995,7.8306379376366815,,7.047574143873013,8.613701731400349,237,237,3
8,49,4.294,8.343622807807465,,7.5092605270267185,9.177985088588212,237,237,3
3,41,4.164,8.093643218673503,6.927639093086684,7.284278896806152,8.903007540540854,239,239,0
1,43,4.318,8.477847171257958,,7.630062454132162,9.325631888383754,242,242,0
2,45,4.261,8.36593487650073,,7.529341388850658,9.202528364150805,242,242,0
3,41,4.164,8.093643218673503,,7.284278896806152,8.903007540540854,242,242,0
4,48,4.23,8.304996428072716,,7.474496785265444,9.135496070879988,242,242,0
5,44,3.742,7.234195707292264,,6.510776136563037,7.95761527802149,242,242,0
6,46,4.329,8.428640695949365,,7.585776626354429,9.271504765544302,242,242,0
7,42,3.995,7.8306379376366815,,7.047574143873013,8.613701731400349,242,242,0
8,49,4.294,8.343622807807465,,7.5092605270267185,9.177985088588212,242,242,0
1,43,4.318,8.477847171257958,,7.630062454132162,9.325631888383754,252,252,1
2,45,4.261,8.36593487650073,,7.529341388850658,9.202528364150805,252,252,1
3,41,4.164,8.093643218673503,,7.284278896806152,8.903007540540854,252,252,1
4,48,4.164,8.175414923521227,,7.357873431169104,8.99295641587335,252,252,1
5,44,3.977,7.688507837493675,,6.919657053744308,8.457358621243042,252,252,1
6,46,4.329,8.428640695949365,,7.585776626354429,9.271504765544302,252,252,1
7,42,3.995,7.8306379376366815,,7.047574143873013,8.613701731400349,252,252,1
8,49,4.294,8.343622807807465,,7.5092605270267185,9.177985088588212,252,252,1
1,43,4.318,8.477847171257958,,7.630062454132162,9.325631888383754,257,257,0
2,45,3.587,7.042621075336336,,6.338358967802702,7.746883182869969,257,257,0
3,41,4.164,8.093643218673503,,7.284278896806152,8.903007540540854,257,257,0
4,48,4.23,8.304996428072716,,7.474496785265444,9.135496070879988,257,257,0
5,44,3.977,7.688507837493675,,6.919657053744308,8.457358621243042,257,257,0
6,46,4.329,8.428640695949365,,7.585776626354429,9.271504765544302,257,257,0
7,42,3.995,7.8306379376366815,,7.047574143873013,8.613701731400349,257,257,0
8,49,4.294,8.343622807807465,,7.5092605270267185,9.177985088588212,257,257,0
4,48,4.23,8.304996428072716,7.258228059966802,7.474496785265444,9.135496070879988,283,283,0
1,43,4.318,8.477847171257958,,7.630062454132162,9.325631888383754,298,298,2
2,45,4.261,8.36593487650073,,7.529341388850658,9.202528364150805,298,298,2
3,41,4.164,8.093643218673503,,7.284278896806152,8.903007540540854,298,298,2
4,48,3.94,7.73562315049799,,6.962060835448192,8.50918546554779,298,298,2
5,44,3.977,7.688507837493675,,6.919657053744308,8.457358621243042,298,298,2
6,46,4.329,8.428640695949365,,7.585776626354429,9.271504765544302,298,298,2
7,42,3.995,7.8306379376366815,,7.047574143873013,8.613701731400349,298,298,2
8,49,4.294,8.343622807807465,,7.5092605270267185,9.177985088588212,298,298,2
1,43,4.318,8.477847171257958,,7.630062454132162,9.325631888383754,318,318,1
2,45,4.261,8.36593487650073,,7.529341388850658,9.202528364150805,318,318,1
3,41,4.039,7.850678424645119,,7.065610582180607,8.635746267109631,318,318,1
4,48,4.23,8.304996428072716,,7.474496785265444,9.135496070879988,318,318,1
5,44,3.977,7.688507837493675,,6.919657053744308,8.457358621243042,318,318,1
6,46,4.329,8.428640695949365,,7.585776626354429,9.271504765544302,318,318,1
7,42,3.995,7.8306379376366815,,7.047574143873013,8.613701731400349,318,318,1
8,49,4.294,8.343622807807465,,7.5092605270267185,9.177985088588212,318,318,1
3,41,4.164,8.093643218673503,6.930912251174612,7.284278896806152,8.903007540540854,333,333,0
2,45,4.261,8.36593487650073,7.268047534230565,7.529341388850658,9.202528364150805,340,340,0
1,43,4.318,8.477847171257958,,7.630062454132162,9.325631888383754,340,340,3
2,45,4.261,8.36593487650073,,7.529341388850658,9.202528364150805,340,340,3
3,41,3.987,7.749605070329312,,6.974644563296381,8.524565577362242,340,340,3
4,48,4.23,8.304996428072716,,7.474496785265444,9.135496070879988,340,340,3
5,44,3.977,7.688507837493675,,6.919657053744308,8.457358621243042,340,340,3
6,46,4.329,8.428640695949365,,7.585776626354429,9.271504765544302,340,340,3
7,42,3.995,7.8306379376366815,,7.047574143873013,8.613701731400349,340,340,3
8,49,4.294,8.343622807807465,,7.5092605270267185,9.177985088588212,340,340,3
1,43,4.318,8.477847171257958,,7.630062454132162,9.325631888383754,344,344,2
2,45,4.261,8.36593487650073,,7.529341388850658,9.202528364150805,344,344,2
3,41,4.087,7.943976905552019,,7.149579214996818,8.73837459610722,344,344,2
4,48,4.23,8.304996428072716,,7.474496785265444,9.135496070879988,344,344,2
5,44,3.977,7.688507837493675,,6.919657053744308,8.457358621243042,344,344,2
6,46,4.329,8.428640695949365,,7.585776626354429,9.271504765544302,344,344,2
7,42,3.995,7.8306379376366815,,7.047574143873013,8.613701731400349,344,344,2
8,49,4.294,8.343622807807465,,7.5092605270267185,9.177985088588212,344,344,2
1,43,4.318,8.477847171257958,,7.630062454132162,9.325631888383754,344,344,6
2,45,4.261,8.36593487650073,,7.529341388850658,9.202528364150805,344,344,6
3,41,3.993,7.761267380442675,,6.985140642398408,8.537394118486942,344,344,6
4,48,4.23,8.304996428072716,,7.474496785265444,9.135496070879988,344,344,6
5,44,3.977,7.688507837493675,,6.919657053744308,8.457358621243042,344,344,6
6,46,4.329,8.428640695949365,,7.585776626354429,9.271504765544302,344,344,6
7,42,3.995,7.8306379376366815,,7.047574143873013,8.613701731400349,344,344,6
8,49,4.294,8.343622807807465,,7.5092605270267185,9.177985088588212,344,344,6
1,43,4.318,8.477847171257958,,7.630062454132162,9.325631888383754,347,347,2
2,45,4.261,8.36593487650073,,7.529341388850658,9.202528364150805,347,347,2
3,41,4.164,8.093643218673503,,7.284278896806152,8.903007540540854,347,347,2
4,48,4.23,8.304996428072716,,7.474496785265444,9.135496070879988,347,347,2
5,44,3.584,6.928743296348336,,6.235868966713502,7.62161762598317,347,347,2
6,46,4.329,8.428640695949365,,7.585776626354429,9.271504765544302,347,347,2
7,42,3.995,7.8306379376366815,,7.047574143873013,8.613701731400349,347,347,2
8,49,4.294,8.343622807807465,,7.5092605270267185,9.177985088588212,347,347,2
1,43,4.318,8.477847171257958,,7.630062454132162,9.325631888383754,355,355,4
2,45,4.075,8.000747388345571,,7.200672649511014,8.800822127180128,355,355,4
3,41,4.164,8.093643218673503,,7.284278896806152,8.903007540540854,355,355,4
4,48,4.23,8.304996428072716,,7.474496785265444,9.135496070879988,355,355,4
5,44,3.977,7.688507837493675,,6.919657053744308,8.457358621243042,355,355,4
6,46,4.329,8.428640695949365,,7.585776626354429,9.271504765544302,355,355,4
7,42,3.995,7.8306379376366815,,7.047574143873013,8.613701731400349,355,355,4
8,49,4.294,8.343622807807465,,7.5092605270267185,9.177985088588212,355,355,4
1,43,4.318,8.477847171257958,,7.630062454132162,9.325631888383754,366,366,2
2,45,4.261,8.36593487650073,,7.529341388850658,9.202528364150805,366,366,2
3,41,3.984,7.743773915272631,,6.969396523745368,8.518151306799894,366,366,2
4,48,4.23,8.304996428072716,,7.474496785265444,9.135496070879988,366,366,2
5,44,3.977,7.688507837493675,,6.919657053744308,8.457358621243042,366,366,2
6,46,4.329,8.428640695949365,,7.585776626354429,9.271504765544302,366,366,2
7,42,3.995,7.8306379376366815,,7.047574143873013,8.613701731400349,366,366,2
8,49,4.294,8.343622807807465,,7.5092605270267185,9.177985088588212,366,366,2
1,43,4.318,8.477847171257958,,7.630062454132162,9.325631888383754,374,374,0
2,45,4.261,8.36593487650073,,7.529341388850658,9.202528364150805,374,374,0
3,41,4.164,8.093643218673503,,7.284278896806152,8.903007540540854,374,374,0
4,48,3.848,7.554994386577733,,6.79949494791996,8.310493825235506,374,374,0
5,44,3.977,7.688507837493675,,6.919657053744308,8.457358621243042,374,374,0
6,46,4.329,8.428640695949365,,7.585776626354429,9.271504765544302,374,374,0
7,42,3.995,7.8306379376366815,,7.047574143873013,8.613701731400349,374,374,0
8,49,4.294,8.343622807807465,,7.5092605270267185,9.177985088588212,374,374,0
1,43,4.318,8.477847171257958,,7.630062454132162,9.325631888383754,375,375,3
2,45,4.261,8.36593487650073,,7.529341388850658,9.202528364150805,375,375,3
3,41,4.164,8.093643218673503,,7.284278896806152,8.903007540540854,375,375,3
4,48,4.23,8.304996428072716,,7.474496785265444,9.135496070879988,375,375,3
5,44,3.723,7.197464088254703,,6.477717679429233,7.917210497080173,375,375,3
6,46,4.329,8.428640695949365,,7.585776626354429,9.271504765544302,375,375,3
7,42,3.995,7.8306379376366815,,7.047574143873013,8.613701731400349,375,375,3
8,49,4.294,8.343622807807465,,7.5092605270267185,9.177985088588212,375,375,3
1,43,4.318,8.477847171257958,,7.630062454132162,9.325631888383754,383,383,9
2,45,4.044,7.939882806986377,,7.145894526287739,8.733871087685015,383,383,9
3,41,4.164,8.093643218673503,,7.284278896806152,8.903007540540854,383,383,9
4,48,4.23,8.304996428072716,,7.474496785265444,9.135496070879988,383,383,9
5,44,3.977,7.688507837493675,,6.919657053744308,8.457358621243042,383,383,9
6,46,4.329,8.428640695949365,,7.585776626354429,9.271504765544302,383,383,9
7,42,3.995,7.8306379376366815,,7.047574143873013,8.613701731400349,383,383,9
8,49,4.294,8.343622807807465,,7.5092605270267185,9.177985088588212,383,383,9
1,43,4.318,8.477847171257958,,7.630062454132162,9.325631888383754,405,405,1
2,45,3.903,7.663047130481661,,6.896742417433495,8.429351843529826,405,405,1
3,41,4.164,8.093643218673503,,7.284278896806152,8.903007540540854,405,405,1
4,48,4.23,8.304996428072716,,7.474496785265444,9.135496070879988,405,405,1
5,44,3.977,7.688507837493675,,6.919657053744308,8.457358621243042,405,405,1
6,46,4.329,8.428640695949365,,7.585776626354429,9.271504765544302,405,405,1
7,42,3.995,7.8306379376366815,,7.047574143873013,8.613701731400349,405,405,1
8,49,4.294,8.343622807807465,,7.5092605270267185,9.177985088588212,405,405,1
1,43,4.318,8.477847171257958,,7.630062454132162,9.325631888383754,410,410,3
2,45,4.261,8.36593487650073,,7.529341388850658,9.202528364150805,410,410,3
3,41,4.164,8.093643218673503,,7.284278896806152,8.903007540540854,410,410,3
4,48,4.23,8.304996428072716,,7.474496785265444,9.135496070879988,410,410,3
5,44,3.529,6.822414925450133,,6.14017343290512,7.504656417995146,410,410,3
6,46,4.329,8.428640695949365,,7.585776626354429,9.271504765544302,410,410,3
7,42,3.995,7.8306379376366815,,7.047574143873013,8.613701731400349,410,410,3
8,49,4.294,8.343622807807465,,7.5092605270267185,9.177985088588212,410,410,3
1,43,4.318,8.477847171257958,,7.630062454132162,9.325631888383754,423,423,2
2,45,4.112,8.073392211258158,,7.266052990132342,8.880731432383973,423,423,2
3,41,4.164,8.093643218673503,,7.284278896806152,8.903007540540854,423,423,2
4,48,4.23,8.304996428072716,,7.474496785265444,9.135496070879988,423,423,2
5,44,3.977,7.688507837493675,,6.919657053744308,8.457358621243042,423,423,2
6,46,4.329,8.428640695949365,,7.585776626354429,9.271504765544302,423,423,2
7,42,3.995,7.8306379376366815,,7.047574143873013,8.613701731400349,423,423,2
8,49,4.294,8.343622807807465,,7.5092605270267185,9.177985088588212,423,423,2
1,43,4.318,8.477847171257958,,7.630062454132162,9.325631888383754,428,428,2
2,45,4.261,8.36593487650073,,7.529341388850658,9.202528364150805,428,428,2
3,41,4.164,8.093643218673503,,7.284278896806152,8.903007540540854,428,428,2
4,48,4.23,8.304996428072716,,7.474496785265444,9.135496070879988,428,428,2
5,44,3.68,7.114334634643381,,6.402901171179042,7.825768098107719,428,428,2
6,46,4.329,8.428640695949365,,7.585776626354429,9.271504765544302,428,428,2
7,42,3.995,7.8306379376366815,,7.047574143873013,8.613701731400349,428,428,2
8,49,4.294,8.343622807807465,,7.5092605270267185,9.177985088588212,428,428,2
1,43,4.318,8.477847171257958,-107.25320764598062,7.630062454132162,9.325631888383754,431,431,4
2,45,3.922,7.70035122873407,-107.25320764598062,6.930316105860664,8.470386351607477,431,431,4
3,41,4.164,8.093643218673503,-107.25320764598062,7.284278896806152,8.903007540540854,431,431,4
4,48,4.23,8.304996428072716,-107.25320764598062,7.474496785265444,9.135496070879988,431,431,4
5,44,3.977,7.688507837493675,-107.25320764598062,6.919657053744308,8.457358621243042,431,431,4
6,46,4.329,8.428640695949365,-107.25320764598062,7.585776626354429,9.271504765544302,431,431,4
7,42,3.995,7.8306379376366815,-107.25320764598062,7.047574143873013,8.613701731400349,431,431,4
8,49,4.294,8.343622807807465,-107.25320764598062,7.5092605270267185,9.177985088588212,431,431,4
3,41,4.164,8.093643218673503,7.01274120337266,7.284278896806152,8.903007540540854,441,441,0
1,43,4.318,8.477847171257958,,7.630062454132162,9.325631888383754,443,443,2
2,45,4.261,8.36593487650073,,7.529341388850658,9.202528364150805,443,443,2
3,41,4.164,8.093643218673503,,7.284278896806152,8.903007540540854,443,443,2
4,48,3.803,7.466643360747172,,6.719979024672455,8.21330769682189,443,443,2
5,44,3.977,7.688507837493675,,6.919657053744308,8.457358621243042,443,443,2
6,46,4.329,8.428640695949365,,7.585776626354429,9.271504765544302,443,443,2
7,42,3.995,7.8306379376366815,,7.047574143873013,8.613701731400349,443,443,2
8,49,4.294,8.343622807807465,,7.5092605270267185,9.177985088588212,443,443,2
1,43,4.318,8.477847171257958,,7.630062454132162,9.325631888383754,446,446,0
2,45,4.261,8.36593487650073,,7.529341388850658,9.202528364150805,446,446,0
3,41,4.164,8.093643218673503,,7.284278896806152,8.903007540540854,446,446,0
4,48,4.23,8.304996428072716,,7.474496785265444,9.135496070879988,446,446,0
5,44,3.66,7.07566977249858,,6.368102795248722,7.783236749748438,446,446,0
6,46,4.329,8.428640695949365,,7.585776626354429,9.271504765544302,446,446,0
7,42,3.995,7.8306379376366815,,7.047574143873013,8.613701731400349,446,446,0
8,49,4.294,8.343622807807465,,7.5092605270267185,9.177985088588212,446,446,0
1,43,4.318,8.477847171257958,,7.630062454132162,9.325631888383754,448,448,4
2,45,4.261,8.36593487650073,,7.529341388850658,9.202528364150805,448,448,4
3,41,3.915,7.609657348968963,,6.848691614072067,8.37062308386586,448,448,4
4,48,4.23,8.304996428072716,,7.474496785265444,9.135496070879988,448,448,4
5,44,3.977,7.688507837493675,,6.919657053744308,8.457358621243042,448,448,4
6,46,4.329,8.428640695949365,,7.585776626354429,9.271504765544302,448,448,4
7,42,3.995,7.8306379376366815,,7.047574143873013,8.613701731400349,448,448,4
8,49,4.294,8.343622807807465,,7.5092605270267185,9.177985088588212,448,448,4
3,41,4.164,8.093643218673503,7.268047534230565,7.284278896806152,8.903007540540854,451,451,0
1,43,4.318,8.477847171257958,,7.630062454132162,9.325631888383754,481,481,1
2,45,4.261,8.36593487650073,,7.529341388850658,9.202528364150805,481,481,1
3,41,4.164,8.093643218673503,,7.284278896806152,8.903007540540854,481,481,1
4,48,3.895,7.64727212466743,,6.882544912200688,8.411999337134173,481,481,1
5,44,3.977,7.688507837493675,,6.919657053744308,8.457358621243042,481,481,1
6,46,4.329,8.428640695949365,,7.585776626354429,9.271504765544302,481,481,1
7,42,3.995,7.8306379376366815,,7.047574143873013,8.613701731400349,481,481,1
8,49,4.294,8.343622807807465,,7.5092605270267185,9.177985088588212,481,481,1
1,43,4.318,8.477847171257958,,7.630062454132162,9.325631888383754,485,485,2
2,45,4.261,8.36593487650073,,7.529341388850658,9.202528364150805,485,485,2
3,41,3.749,7.28700010249927,,6.558300092249343,8.015700112749197,485,485,2
4,48,4.23,8.304996428072716,,7.474496785265444,9.135496070879988,485,485,2
5,44,3.977,7.688507837493675,,6.919657053744308,8.457358621243042,485,485,2
6,46,4.329,8.428640695949365,,7.585776626354429,9.271504765544302,485,485,2
7,42,3.995,7.8306379376366815,,7.047574143873013,8.613701731400349,485,485,2
8,49,4.294,8.343622807807465,,7.5092605270267185,9.177985088588212,485,485,2
1,43,4.318,8.477847171257958,,7.630062454132162,9.325631888383754,497,497,4
2,45,4.109,8.067502090481462,,7.260751881433316,8.874252299529608,497,497,4
3,41,4.164,8.093643218673503,,7.284278896806152,8.903007540540854,497,497,4
4,48,4.23,8.304996428072716,,7.474496785265444,9.135496070879988,497,497,4
5,44,3.977,7.688507837493675,,6.919657053744308,8.457358621243042,497,497,4
6,46,4.329,8.428640695949365,,7.585776626354429,9.271504765544302,497,497,4
7,42,3.995,7.8306379376366815,,7.047574143873013,8.613701731400349,497,497,4
8,49,4.294,8.343622807807465,,7.5092605270267185,9.177985088588212,497,497,4
1,43,4.318,8.477847171257958,,7.630062454132162,9.325631888383754,525,525,4
2,45,4.261,8.36593487650073,,7.529341388850658,9.202528364150805,525,525,4
3,41,3.915,7.609657348968963,,6.848691614072067,8.37062308386586,525,525,4
4,48,4.23,8.304996428072716,,7.474496785265444,9.135496070879988,525,525,4
5,44,3.977,7.688507837493675,,6.919657053744308,8.457358621243042,525,525,4
6,46,4.329,8.428640695949365,,7.585776626354429,9.271504765544302,525,525,4
7,42,3.995,7.8306379376366815,,7.047574143873013,8.613701731400349,525,525,4
8,49,4.294,8.343622807807465,,7.5092605270267185,9.177985088588212,525,525,4
1,43,4.318,8.477847171257958,,7.630062454132162,9.325631888383754,528,528,6
2,45,4.261,8.36593487650073,,7.529341388850658,9.202528364150805,528,528,6
3,41,3.925,7.629094532491234,,6.86618507924211,8.392003985740358,528,528,6
4,48,4.23,8.304996428072716,,7.474496785265444,9.135496070879988,528,528,6
5,44,3.977,7.688507837493675,,6.919657053744308,8.457358621243042,528,528,6
6,46,4.329,8.428640695949365,,7.585776626354429,9.271504765544302,528,528,6
7,42,3.995,7.8306379376366815,,7.047574143873013,8.613701731400349,528,528,6
8,49,4.294,8.343622807807465,,7.5092605270267185,9.177985088588212,528,528,6
5,44,3.977,7.688507837493675,6.862175931328239,6.919657053744308,8.457358621243042,531,531,0
1,43,4.318,8.477847171257958,,7.630062454132162,9.325631888383754,559,559,3
2,45,3.967,7.788703040384512,,7.009832736346061,8.567573344422962,559,559,3
3,41,4.164,8.093643218673503,,7.284278896806152,8.903007540540854,559,559,3
4,48,4.23,8.304996428072716,,7.474496785265444,9.135496070879988,559,559,3
5,44,3.977,7.688507837493675,,6.919657053744308,8.457358621243042,559,559,3
6,46,4.329,8.428640695949365,,7.585776626354429,9.271504765544302,559,559,3
7,42,3.995,7.8306379376366815,,7.047574143873013,8.613701731400349,559,559,3
8,49,4.294,8.343622807807465,,7.5092605270267185,9.177985088588212,559,559,3
4,48,4.23,8.304996428072716,7.372788593044052,7.474496785265444,9.135496070879988,636,636,0
1,43,4.318,8.477847171257958,,7.630062454132162,9.325631888383754,637,637,1
2,45,3.925,7.706241349510766,,6.935617214559689,8.476865484461841,637,637,1
3,41,4.164,8.093643218673503,,7.284278896806152,8.903007540540854,637,637,1
4,48,4.23,8.304996428072716,,7.474496785265444,9.135496070879988,637,637,1
5,44,3.977,7.688507837493675,,6.919657053744308,8.457358621243042,637,637,1
6,46,4.329,8.428640695949365,,7.585776626354429,9.271504765544302,637,637,1
7,42,3.995,7.8306379376366815,,7.047574143873013,8.613701731400349,637,637,1
8,49,4.294,8.343622807807465,,7.5092605270267185,9.177985088588212,637,637,1
1,43,4.318,8.477847171257958,,7.630062454132162,9.325631888383754,647,647,5
2,45,4.095,8.040014860190212,,7.236013374171191,8.844016346209234,647,647,5
3,41,4.164,8.093643218673503,,7.284278896806152,8.903007540540854,647,647,5
4,48,4.23,8.304996428072716,,7.474496785265444,9.135496070879988,647,647,5
5,44,3.977,7.688507837493675,,6.919657053744308,8.457358621243042,647,647,5
6,46,4.329,8.428640695949365,,7.585776626354429,9.271504765544302,647,647,5
7,42,3.995,7.8306379376366815,,7.047574143873013,8.613701731400349,647,647,5
8,49,4.294,8.343622807807465,,7.5092605270267185,9.177985088588212,647,647,5
1,43,4.318,8.477847171257958,,7.630062454132162,9.325631888383754,678,678,1
2,45,4.261,8.36593487650073,,7.529341388850658,9.202528364150805,678,678,1
3,41,4.164,8.093643218673503,,7.284278896806152,8.903007540540854,678,678,1
4,48,4.23,8.304996428072716,,7.474496785265444,9.135496070879988,678,678,1
5,44,3.556,6.874612489345615,,6.187151240411053,7.562073738280176,678,678,1
6,46,4.329,8.428640695949365,,7.585776626354429,9.271504765544302,678,678,1
7,42,3.995,7.8306379376366815,,7.047574143873013,8.613701731400349,678,678,1
8,49,4.294,8.343622807807465,,7.5092605270267185,9.177985088588212,678,678,1
1,43,4.318,8.477847171257958,,7.630062454132162,9.325631888383754,678,678,4
2,45,4.261,8.36593487650073,,7.529341388850658,9.202528364150805,678,678,4
3,41,4.164,8.093643218673503,,7.284278896806152,8.903007540540854,678,678,4
4,48,4.23,8.304996428072716,,7.474496785265444,9.135496070879988,678,678,4
5,44,3.606,6.971274644707616,,6.274147180236855,7.668402109178378,678,678,4
6,46,4.329,8.428640695949365,,7.585776626354429,9.271504765544302,678,678,4
7,42,3.995,7.8306379376366815,,7.047574143873013,8.613701731400349,678,678,4
8,49,4.294,8.343622807807465,,7.5092605270267185,9.177985088588212,678,678,4
1,43,4.318,8.477847171257958,,7.630062454132162,9.325631888383754,680,680,0
2,45,4.261,8.36593487650073,,7.529341388850658,9.202528364150805,680,680,0
3,41,3.796,7.378354865053942,,6.640519378548548,8.116190351559336,680,680,0
4,48,4.23,8.304996428072716,,7.474496785265444,9.135496070879988,680,680,0
5,44,3.977,7.688507837493675,,6.919657053744308,8.457358621243042,680,680,0
6,46,4.329,8.428640695949365,,7.585776626354429,9.271504765544302,680,680,0
7,42,3.995,7.8306379376366815,,7.047574143873013,8.613701731400349,680,680,0
8,49,4.294,8.343622807807465,,7.5092605270267185,9.177985088588212,680,680,0
1,43,4.318,8.477847171257958,,7.630062454132162,9.325631888383754,689,689,0
2,45,4.261,8.36593487650073,,7.529341388850658,9.202528364150805,689,689,0
3,41,4.095,7.959526652369835,,7.163573987132851,8.755479317606818,689,689,0
4,48,4.23,8.304996428072716,,7.474496785265444,9.135496070879988,689,689,0
5,44,3.977,7.688507837493675,,6.919657053744308,8.457358621243042,689,689,0
6,46,4.329,8.428640695949365,,7.585776626354429,9.271504765544302,689,689,0
7,42,3.995,7.8306379376366815,,7.047574143873013,8.613701731400349,689,689,0
8,49,4.294,8.343622807807465,,7.5092605270267185,9.177985088588212,689,689,0
5,44,3.977,7.688507837493675,6.80325908574565,6.919657053744308,8.457358621243042,693,693,0
5,44,3.977,7.688507837493675,6.502128541656847,6.919657053744308,8.457358621243042,707,707,0
1,43,4.318,8.477847171257958,,7.630062454132162,9.325631888383754,712,712,0
2,45,4.261,8.36593487650073,,7.529341388850658,9.202528364150805,712,712,0
3,41,4.164,8.093643218673503,,7.284278896806152,8.903007540540854,712,712,0
4,48,4.23,8.304996428072716,,7.474496785265444,9.135496070879988,712,712,0
5,44,3.629,7.015739236174138,,6.3141653125567245,7.717313159791551,712,712,0
6,46,4.329,8.428640695949365,,7.585776626354429,9.271504765544302,712,712,0
7,42,3.995,7.8306379376366815,,7.047574143873013,8.613701731400349,712,712,0
8,49,4.294,8.343622807807465,,7.5092605270267185,9.177985088588212,712,712,0
1,43,4.318,8.477847171257958,,7.630062454132162,9.325631888383754,717,717,3
2,45,3.884,7.625743032229252,,6.863168729006327,8.388317335452177,717,717,3
3,41,4.164,8.093643218673503,,7.284278896806152,8.903007540540854,717,717,3
4,48,4.23,8.304996428072716,,7.474496785265444,9.135496070879988,717,717,3
5,44,3.977,7.688507837493675,,6.919657053744308,8.457358621243042,717,717,3
6,46,4.329,8.428640695949365,,7.585776626354429,9.271504765544302,717,717,3
7,42,3.995,7.8306379376366815,,7.047574143873013,8.613701731400349,717,717,3
8,49,4.294,8.343622807807465,,7.5092605270267185,9.177985088588212,717,717,3
1,43,4.318,8.477847171257958,,7.630062454132162,9.325631888383754,729,729,2
2,45,4.261,8.36593487650073,,7.529341388850658,9.202528364150805,729,729,2
3,41,4.164,8.093643218673503,,7.284278896806152,8.903007540540854,729,729,2
4,48,3.894,7.645308768537863,,6.880777891684076,8.40983964539165,729,729,2
5,44,3.977,7.688507837493675,,6.919657053744308,8.457358621243042,729,729,2
6,46,4.329,8.428640695949365,,7.585776626354429,9.271504765544302,729,729,2
7,42,3.995,7.8306379376366815,,7.047574143873013,8.613701731400349,729,729,2
8,49,4.294,8.343622807807465,,7.5092605270267185,9.177985088588212,729,729,2
4,48,4.23,8.304996428072716,7.290959640846005,7.474496785265444,9.135496070879988,730,730,0
1,43,4.318,8.477847171257958,,7.630062454132162,9.325631888383754,747,747,2
2,45,3.965,7.784776293200047,,7.006298663880043,8.563253922520053,747,747,2
3,41,4.164,8.093643218673503,,7.284278896806152,8.903007540540854,747,747,2
4,48,4.23,8.304996428072716,,7.474496785265444,9.135496070879988,747,747,2
5,44,3.977,7.688507837493675,,6.919657053744308,8.457358621243042,747,747,2
6,46,4.329,8.428640695949365,,7.585776626354429,9.271504765544302,747,747,2
7,42,3.995,7.8306379376366815,,7.047574143873013,8.613701731400349,747,747,2
8,49,4.294,8.343622807807465,,7.5092605270267185,9.177985088588212,747,747,2
1,43,4.318,8.477847171257958,,7.630062454132162,9.325631888383754,751,751,2
2,45,4.261,8.36593487650073,,7.529341388850658,9.202528364150805,751,751,2
3,41,4.164,8.093643218673503,,7.284278896806152,8.903007540540854,751,751,2
4,48,4.23,8.304996428072716,,7.474496785265444,9.135496070879988,751,751,2
5,44,3.7,7.152999496788182,,6.437699547109363,7.868299446467,751,751,2
6,46,4.329,8.428640695949365,,7.585776626354429,9.271504765544302,751,751,2
7,42,3.995,7.8306379376366815,,7.047574143873013,8.613701731400349,751,751,2
8,49,4.294,8.343622807807465,,7.5092605270267185,9.177985088588212,751,751,2
1,43,4.318,8.477847171257958,,7.630062454132162,9.325631888383754,754,754,3
2,45,4.261,8.36593487650073,,7.529341388850658,9.202528364150805,754,754,3
3,41,3.76,7.308381004373768,,6.577542903936391,8.039219104811144,754,754,3
4,48,4.23,8.304996428072716,,7.474496785265444,9.135496070879988,754,754,3
5,44,3.977,7.688507837493675,,6.919657053744308,8.457358621243042,754,754,3
6,46,4.329,8.428640695949365,,7.585776626354429,9.271504765544302,754,754,3
7,42,3.995,7.8306379376366815,,7.047574143873013,8.613701731400349,754,754,3
8,49,4.294,8.343622807807465,,7.5092605270267185,9.177985088588212,754,754,3
1,43,4.318,8.477847171257958,,7.630062454132162,9.325631888383754,759,759,1
2,45,4.261,8.36593487650073,,7.529341388850658,9.202528364150805,759,759,1
3,41,4.164,8.093643218673503,,7.284278896806152,8.903007540540854,759,759,1
4,48,4.23,8.304996428072716,,7.474496785265444,9.135496070879988,759,759,1
5,44,3.492,6.750884930482251,,6.075796437434026,7.425973423530476,759,759,1
6,46,4.329,8.428640695949365,,7.585776626354429,9.271504765544302,759,759,1
7,42,3.995,7.8306379376366815,,7.047574143873013,8.613701731400349,759,759,1
8,49,4.294,8.343622807807465,,7.5092605270267185,9.177985088588212,759,759,1
1,43,4.318,8.477847171257958,,7.630062454132162,9.325631888383754,765,765,4
2,45,4.0,7.853494368928168,,7.068144932035351,8.638843805820985,765,765,4
3,41,4.164,8.093643218673503,,7.284278896806152,8.903007540540854,765,765,4
4,48,4.23,8.304996428072716,,7.474496785265444,9.135496070879988,765,765,4
5,44,3.977,7.688507837493675,,6.919657053744308,8.457358621243042,765,765,4
6,46,4.329,8.428640695949365,,7.585776626354429,9.271504765544302,765,765,4
7,42,3.995,7.8306379376366815,,7.047574143873013,8.613701731400349,765,765,4
8,49,4.294,8.343622807807465,,7.5092605270267185,9.177985088588212,765,765,4
1,43,4.318,8.477847171257958,,7.630062454132162,9.325631888383754,769,769,3
2,45,4.261,8.36593487650073,,7.529341388850658,9.202528364150805,769,769,3
3,41,4.164,8.093643218673503,,7.284278896806152,8.903007540540854,769,769,3
4,48,3.913,7.682612534999654,,6.914351281499688,8.450873788499619,769,769,3
5,44,3.977,7.688507837493675,,6.919657053744308,8.457358621243042,769,769,3
6,46,4.329,8.428640695949365,,7.585776626354429,9.271504765544302,769,769,3
7,42,3.995,7.8306379376366815,,7.047574143873013,8.613701731400349,769,769,3
8,49,4.294,8.343622807807465,,7.5092605270267185,9.177985088588212,769,769,3
1,43,4.318,8.477847171257958,,7.630062454132162,9.325631888383754,796,796,0
2,45,4.261,8.36593487650073,,7.529341388850658,9.202528364150805,796,796,0
3,41,3.664,7.1217840425599706,,6.409605638303973,7.833962446815968,796,796,0
4,48,4.23,8.304996428072716,,7.474496785265444,9.135496070879988,796,796,0
5,44,3.977,7.688507837493675,,6.919657053744308,8.457358621243042,796,796,0
6,46,4.329,8.428640695949365,,7.585776626354429,9.271504765544302,796,796,0
7,42,3.995,7.8306379376366815,,7.047574143873013,8.613701731400349,796,796,0
8,49,4.294,8.343622807807465,,7.5092605270267185,9.177985088588212,796,796,0
1,43,4.318,8.477847171257958,,7.630062454132162,9.325631888383754,822,822,1
2,45,3.758,7.378357959608015,,6.640522163647213,8.116193755568816,822,822,1
3,41,4.164,8.093643218673503,,7.284278896806152,8.903007540540854,822,822,1
4,48,4.23,8.304996428072716,,7.474496785265444,9.135496070879988,822,822,1
5,44,3.977,7.688507837493675,,6.919657053744308,8.457358621243042,822,822,1
6,46,4.329,8.428640695949365,,7.585776626354429,9.271504765544302,822,822,1
7,42,3.995,7.8306379376366815,,7.047574143873013,8.613701731400349,822,822,1
8,49,4.294,8.343622807807465,,7.5092605270267185,9.177985088588212,822,822,1
1,43,4.318,8.477847171257958,,7.630062454132162,9.325631888383754,830,830,2
2,45,4.261,8.36593487650073,,7.529341388850658,9.202528364150805,830,830,2
3,41,3.842,7.4677659092563875,,6.720989318330749,8.214542500182027,830,830,2
4,48,4.23,8.304996428072716,,7.474496785265444,9.135496070879988,830,830,2
5,44,3.977,7.688507837493675,,6.919657053744308,8.457358621243042,830,830,2
6,46,4.329,8.428640695949365,,7.585776626354429,9.271504765544302,830,830,2
7,42,3.995,7.8306379376366815,,7.047574143873013,8.613701731400349,830,830,2
8,49,4.294,8.343622807807465,,7.5092605270267185,9.177985088588212,830,830,2
3,41,4.164,8.093643218673503,7.13057489453784,7.284278896806152,8.903007540540854,851,851,0
1,43,4.318,8.477847171257958,,7.630062454132162,9.325631888383754,856,856,1
2,45,4.261,8.36593487650073,,7.529341388850658,9.202528364150805,856,856,1
3,41,4.164,8.093643218673503,,7.284278896806152,8.903007540540854,856,856,1
4,48,4.23,8.304996428072716,,7.474496785265444,9.135496070879988,856,856,1
5,44,3.882,7.50484974230587,,6.754364768075283,8.255334716536456,856,856,1
6,46,4.329,8.428640695949365,,7.585776626354429,9.271504765544302,856,856,1
7,42,3.995,7.8306379376366815,,7.047574143873013,8.613701731400349,856,856,1
8,49,4.294,8.343622807807465,,7.5092605270267185,9.177985088588212,856,856,1
1,43,4.318,8.477847171257958,,7.630062454132162,9.325631888383754,873,873,1
2,45,3.848,7.555061582908898,,6.799555424618008,8.310567741199788,873,873,1
3,41,4.164,8.093643218673503,,7.284278896806152,8.903007540540854,873,873,1
4,48,4.23,8.304996428072716,,7.474496785265444,9.135496070879988,873,873,1
5,44,3.977,7.688507837493675,,6.919657053744308,8.457358621243042,873,873,1
6,46,4.329,8.428640695949365,,7.585776626354429,9.271504765544302,873,873,1
7,42,3.995,7.8306379376366815,,7.047574143873013,8.613701731400349,873,873,1
8,49,4.294,8.343622807807465,,7.5092605270267185,9.177985088588212,873,873,1
1,43,4.318,8.477847171257958,,7.630062454132162,9.325631888383754,873,873,2
2,45,3.902,7.66108375688943,,6.894975381200487,8.427192132578373,873,873,2
3,41,4.164,8.093643218673503,,7.284278896806152,8.903007540540854,873,873,2
4,48,4.23,8.304996428072716,,7.474496785265444,9.135496070879988,873,873,2
5,44,3.977,7.688507837493675,,6.919657053744308,8.457358621243042,873,873,2
6,46,4.329,8.428640695949365,,7.585776626354429,9.271504765544302,873,873,2
7,42,3.995,7.8306379376366815,,7.047574143873013,8.613701731400349,873,873,2
8,49,4.294,8.343622807807465,,7.5092605270267185,9.177985088588212,873,873,2
1,43,4.318,8.477847171257958,,7.630062454132162,9.325631888383754,873,873,3
2,45,3.928,7.712131470287463,,6.940918323258717,8.48334461731621,873,873,3
3,41,4.164,8.093643218673503,,7.284278896806152,8.903007540540854,873,873,3
4,48,4.23,8.304996428072716,,7.474496785265444,9.135496070879988,873,873,3
5,44,3.977,7.688507837493675,,6.919657053744308,8.457358621243042,873,873,3
6,46,4.329,8.428640695949365,,7.585776626354429,9.271504765544302,873,873,3
7,42,3.995,7.8306379376366815,,7.047574143873013,8.613701731400349,873,873,3
8,49,4.294,8.343622807807465,,7.5092605270267185,9.177985088588212,873,873,3
1,43,4.318,8.477847171257958,,7.630062454132162,9.325631888383754,884,884,0
2,45,4.261,8.36593487650073,,7.529341388850658,9.202528364150805,884,884,0
3,41,4.164,8.093643218673503,,7.284278896806152,8.903007540540854,884,884,0
4,48,4.23,8.304996428072716,,7.474496785265444,9.135496070879988,884,884,0
5,44,3.363,6.501496569648285,,5.851346912683457,7.1516462266131136,884,884,0
6,46,4.329,8.428640695949365,,7.585776626354429,9.271504765544302,884,884,0
7,42,3.995,7.8306379376366815,,7.047574143873013,8.613701731400349,884,884,0
8,49,4.294,8.343622807807465,,7.5092605270267185,9.177985088588212,884,884,0
1,43,4.318,8.477847171257958,,7.630062454132162,9.325631888383754,910,910,2
2,45,4.261,8.36593487650073,,7.529341388850658,9.202528364150805,910,910,2
3,41,3.765,7.318099596134904,,6.586289636521414,8.049909555748394,910,910,2
4,48,4.23,8.304996428072716,,7.474496785265444,9.135496070879988,910,910,2
5,44,3.977,7.688507837493675,,6.919657053744308,8.457358621243042,910,910,2
6,46,4.329,8.428640695949365,,7.585776626354429,9.271504765544302,910,910,2
7,42,3.995,7.8306379376366815,,7.047574143873013,8.613701731400349,910,910,2
8,49,4.294,8.343622807807465,,7.5092605270267185,9.177985088588212,910,910,2
3,41,4.164,8.093643218673503,7.1174822621861455,7.284278896806152,8.903007540540854,915,915,0
1,43,4.318,8.477847171257958,,7.630062454132162,9.325631888383754,923,923,3
2,45,3.886,7.629669779413716,,6.866702801472345,8.392636757355088,923,923,3
3,41,4.164,8.093643218673503,,7.284278896806152,8.903007540540854,923,923,3
4,48,4.23,8.304996428072716,,7.474496785265444,9.135496070879988,923,923,3
5,44,3.977,7.688507837493675,,6.919657053744308,8.457358621243042,923,923,3
6,46,4.329,8.428640695949365,,7.585776626354429,9.271504765544302,923,923,3
7,42,3.995,7.8306379376366815,,7.047574143873013,8.613701731400349,923,923,3
8,49,4.294,8.343622807807465,,7.5092605270267185,9.177985088588212,923,923,3
1,43,4.318,8.477847171257958,,7.630062454132162,9.325631888383754,159,159,1
2,45,4.261,8.36593487650073,,7.529341388850658,9.202528364150805,159,159,1
3,41,4.164,8.093643218673503,,7.2842788968061525,8.903007540540854,159,159,1
4,48,4.025,7.902508421511273,,7.112257579360145,8.692759263662401,159,159,1
5,44,3.977,7.688507837493675,,6.919657053744308,8.457358621243042,159,159,1
6,46,4.329,8.428640695949365,,7.585776626354429,9.271504765544302,159,159,1
7,42,3.995,7.8306379376366815,,7.047574143873013,8.613701731400349,159,159,1
8,49,4.294,8.343622807807465,,7.5092605270267185,9.177985088588212,159,159,1
2,45,4.261,8.36593487650073,7.454617545242098,7.529341388850658,9.202528364150805,224,224,1
1,43,4.318,8.477847171257958,,7.630062454132162,9.325631888383754,254,254,4
2,45,4.037,7.926139191840754,,7.133525272656678,8.71875311102483,254,254,4
3,41,4.164,8.093643218673503,,7.2842788968061525,8.903007540540854,254,254,4
4,48,4.23,8.304996428072716,,7.474496785265444,9.135496070879988,254,254,4
5,44,3.977,7.688507837493675,,6.919657053744308,8.457358621243042,254,254,4
6,46,4.329,8.428640695949365,,7.585776626354429,9.271504765544302,254,254,4
7,42,3.995,7.8306379376366815,,7.047574143873013,8.613701731400349,254,254,4
8,49,4.294,8.343622807807465,,7.5092605270267185,9.177985088588212,254,254,4
1,43,4.318,8.477847171257958,,7.630062454132162,9.325631888383754,436,436,3
2,45,3.912,7.680717492811749,,6.912645743530574,8.448789242092925,436,436,3
3,41,4.164,8.093643218673503,,7.2842788968061525,8.903007540540854,436,436,3
4,48,4.23,8.304996428072716,,7.474496785265444,9.135496070879988,436,436,3
5,44,3.977,7.688507837493675,,6.919657053744308,8.457358621243042,436,436,3
6,46,4.329,8.428640695949365,,7.585776626354429,9.271504765544302,436,436,3
7,42,3.995,7.8306379376366815,,7.047574143873013,8.613701731400349,436,436,3
8,49,4.294,8.343622807807465,,7.5092605270267185,9.177985088588212,436,436,3
4,48,3.559,6.987584465132576,7.863762306232332,6.288826018619318,7.686342911645834,475,475,0
