theta1,theta2
3.141589999999999883e+00,0.000000000000000000e+00
3.141589999999999883e+00,0.000000000000000000e+00
3.141589999999999883e+00,0.000000000000000000e+00
3.141589999999999883e+00,0.000000000000000000e+00
2.825400000000000134e+00,1.417689999999999895e+00
-1.283989999999999965e+00,-2.478590000000000071e+00
0.000000000000000000e+00,3.141589999999999883e+00
3.141589999999999883e+00,0.000000000000000000e+00
9.495999999999999996e-01,-2.192000000000000171e+00
1.537420000000000009e+00,-1.920199999999999962e-01
1.051870000000000083e+00,0.000000000000000000e+00
3.141589999999999883e+00,0.000000000000000000e+00
1.431489999999999929e+00,1.060789999999999900e+00
-1.248629999999999907e+00,-2.097160000000000135e+00
0.000000000000000000e+00,3.141589999999999883e+00
3.141589999999999883e+00,0.000000000000000000e+00
7.548409999999999620e+00,4.406819999999999737e+00
3.022899999999999920e+00,2.328069999999999862e+00
2.332019999999999982e+00,0.000000000000000000e+00
3.141589999999999883e+00,0.000000000000000000e+00
2.227580000000000116e+00,-2.309199999999999864e-01
1.450269999999999948e+00,0.000000000000000000e+00
0.000000000000000000e+00,3.141589999999999883e+00
3.141589999999999883e+00,0.000000000000000000e+00
3.141589999999999883e+00,0.000000000000000000e+00
3.141589999999999883e+00,0.000000000000000000e+00
3.141589999999999883e+00,0.000000000000000000e+00
3.141589999999999883e+00,0.000000000000000000e+00
3.141589999999999883e+00,0.000000000000000000e+00
3.141589999999999883e+00,0.000000000000000000e+00
3.141589999999999883e+00,0.000000000000000000e+00
3.141589999999999883e+00,0.000000000000000000e+00
3.141589999999999883e+00,0.000000000000000000e+00
3.141589999999999883e+00,0.000000000000000000e+00
3.141589999999999883e+00,0.000000000000000000e+00
3.141589999999999883e+00,0.000000000000000000e+00
