sample_index,unique_vector_id_zero_based,first_window_row,first_window_col,source_pixel_index_one_based,physical_input_port_one_based,occurrence_count,source_intensity_sum,feature_0,feature_1,feature_2,feature_3,feature_4,feature_5,feature_6,feature_7
0,0,0,0,1,2,2573,1.0,1.0,0.0,0.0,0.0,0.0,0.0,0.0,0.0
1,1,0,0,2,3,2573,1.0,0.0,1.0,0.0,0.0,0.0,0.0,0.0,0.0
2,2,0,0,3,4,2573,1.0,0.0,0.0,1.0,0.0,0.0,0.0,0.0,0.0
3,3,0,0,4,5,2573,1.0,0.0,0.0,0.0,1.0,0.0,0.0,0.0,0.0
4,4,9,37,4,5,7,0.968627450980392,0.0,0.0,0.0,1.0,0.0,0.0,0.0,0.0
5,5,9,38,3,4,7,0.968627450980392,0.0,0.0,1.0,0.0,0.0,0.0,0.0,0.0
6,6,9,38,4,5,4,0.9372549019607842,0.0,0.0,0.0,1.0,0.0,0.0,0.0,0.0
7,7,9,39,3,4,4,0.9372549019607842,0.0,0.0,1.0,0.0,0.0,0.0,0.0,0.0
8,8,9,40,4,5,4,0.9607843137254904,0.0,0.0,0.0,1.0,0.0,0.0,0.0,0.0
9,9,9,41,3,4,4,0.9607843137254904,0.0,0.0,1.0,0.0,0.0,0.0,0.0,0.0
10,10,9,84,4,5,8,0.9333333333333332,0.0,0.0,0.0,1.0,0.0,0.0,0.0,0.0
11,11,9,85,3,4,8,0.9333333333333332,0.0,0.0,1.0,0.0,0.0,0.0,0.0,0.0
12,12,9,86,4,5,3,0.9568627450980391,0.0,0.0,0.0,1.0,0.0,0.0,0.0,0.0
13,13,9,87,3,4,3,0.9568627450980391,0.0,0.0,1.0,0.0,0.0,0.0,0.0,0.0
14,14,10,11,4,5,6,0.7921568627450978,0.0,0.0,0.0,1.0,0.0,0.0,0.0,0.0
15,15,10,12,3,4,6,0.7921568627450978,0.0,0.0,1.0,0.0,0.0,0.0,0.0,0.0
16,16,10,12,4,5,4,0.6862745098039214,0.0,0.0,0.0,1.0,0.0,0.0,0.0,0.0
17,17,10,13,3,4,4,0.6862745098039214,0.0,0.0,1.0,0.0,0.0,0.0,0.0,0.0
18,18,10,13,4,5,18,0.7019607843137254,0.0,0.0,0.0,1.0,0.0,0.0,0.0,0.0
19,19,10,14,3,4,18,0.7019607843137254,0.0,0.0,1.0,0.0,0.0,0.0,0.0,0.0
20,20,10,15,4,5,6,0.6980392156862745,0.0,0.0,0.0,1.0,0.0,0.0,0.0,0.0
21,21,10,16,3,4,6,0.6980392156862745,0.0,0.0,1.0,0.0,0.0,0.0,0.0,0.0
22,22,10,16,4,5,3,0.7098039215686274,0.0,0.0,0.0,1.0,0.0,0.0,0.0,0.0
23,23,10,17,3,4,3,0.7098039215686274,0.0,0.0,1.0,0.0,0.0,0.0,0.0,0.0
24,24,10,17,4,5,3,0.945098039215686,0.0,0.0,0.0,1.0,0.0,0.0,0.0,0.0
25,25,10,18,3,4,3,0.945098039215686,0.0,0.0,1.0,0.0,0.0,0.0,0.0,0.0
26,26,10,24,4,5,2,0.8156862745098039,0.0,0.0,0.0,1.0,0.0,0.0,0.0,0.0
27,27,10,25,3,4,2,0.8156862745098039,0.0,0.0,1.0,0.0,0.0,0.0,0.0,0.0
28,28,10,25,4,5,3,0.6823529411764705,0.0,0.0,0.0,1.0,0.0,0.0,0.0,0.0
29,29,10,26,3,4,3,0.6823529411764705,0.0,0.0,1.0,0.0,0.0,0.0,0.0,0.0
30,30,10,28,4,5,4,0.6901960784313725,0.0,0.0,0.0,1.0,0.0,0.0,0.0,0.0
31,31,10,29,3,4,4,0.6901960784313725,0.0,0.0,1.0,0.0,0.0,0.0,0.0,0.0
32,32,10,29,4,5,2,0.7411764705882352,0.0,0.0,0.0,1.0,0.0,0.0,0.0,0.0
33,33,10,30,3,4,2,0.7411764705882352,0.0,0.0,1.0,0.0,0.0,0.0,0.0,0.0
34,34,10,30,4,5,7,0.980392156862745,0.0,0.0,0.0,1.0,0.0,0.0,0.0,0.0
35,35,10,31,3,4,7,0.980392156862745,0.0,0.0,1.0,0.0,0.0,0.0,0.0,0.0
36,36,10,35,4,5,6,0.7529411764705882,0.0,0.0,0.0,1.0,0.0,0.0,0.0,0.0
37,37,10,36,3,4,6,0.7529411764705882,0.0,0.0,1.0,0.0,0.0,0.0,0.0,0.0
38,38,10,36,4,5,1,0.5215686274509804,0.0,0.0,0.0,1.0,0.0,0.0,0.0,0.0
39,39,10,37,2,3,7,0.968627450980392,0.0,1.0,0.0,0.0,0.0,0.0,0.0,0.0
40,40,10,37,3,4,1,0.5215686274509804,0.0,0.0,1.0,0.0,0.0,0.0,0.0,0.0
41,41,10,37,4,5,5,0.3843137254901961,0.0,0.0,0.0,1.0,0.0,0.0,0.0,0.0
42,42,10,38,1,2,7,0.968627450980392,1.0,0.0,0.0,0.0,0.0,0.0,0.0,0.0
43,43,10,38,2,3,4,0.9372549019607842,0.0,1.0,0.0,0.0,0.0,0.0,0.0,0.0
44,44,10,38,3,4,5,0.3843137254901961,0.0,0.0,1.0,0.0,0.0,0.0,0.0,0.0
45,45,10,38,4,5,4,0.3372549019607843,0.0,0.0,0.0,1.0,0.0,0.0,0.0,0.0
46,46,10,39,1,2,4,0.9372549019607842,1.0,0.0,0.0,0.0,0.0,0.0,0.0,0.0
47,47,10,39,3,4,4,0.3372549019607843,0.0,0.0,1.0,0.0,0.0,0.0,0.0,0.0
48,48,10,39,4,5,9,0.3215686274509804,0.0,0.0,0.0,1.0,0.0,0.0,0.0,0.0
49,49,10,40,2,3,4,0.9607843137254904,0.0,1.0,0.0,0.0,0.0,0.0,0.0,0.0
50,50,10,40,3,4,9,0.3215686274509804,0.0,0.0,1.0,0.0,0.0,0.0,0.0,0.0
51,51,10,40,4,5,4,0.4509803921568627,0.0,0.0,0.0,1.0,0.0,0.0,0.0,0.0
52,52,10,41,1,2,4,0.9607843137254904,1.0,0.0,0.0,0.0,0.0,0.0,0.0,0.0
53,53,10,41,3,4,4,0.4509803921568627,0.0,0.0,1.0,0.0,0.0,0.0,0.0,0.0
54,54,10,41,4,5,4,0.8117647058823529,0.0,0.0,0.0,1.0,0.0,0.0,0.0,0.0
55,55,10,42,3,4,4,0.8117647058823529,0.0,0.0,1.0,0.0,0.0,0.0,0.0,0.0
56,56,10,42,4,5,5,0.7490196078431371,0.0,0.0,0.0,1.0,0.0,0.0,0.0,0.0
57,57,10,43,3,4,5,0.7490196078431371,0.0,0.0,1.0,0.0,0.0,0.0,0.0,0.0
58,58,10,68,4,5,3,0.8901960784313725,0.0,0.0,0.0,1.0,0.0,0.0,0.0,0.0
59,59,10,69,3,4,3,0.8901960784313725,0.0,0.0,1.0,0.0,0.0,0.0,0.0,0.0
60,60,10,73,4,5,4,0.7058823529411764,0.0,0.0,0.0,1.0,0.0,0.0,0.0,0.0
61,61,10,74,3,4,4,0.7058823529411764,0.0,0.0,1.0,0.0,0.0,0.0,0.0,0.0
62,62,10,80,4,5,3,0.8666666666666667,0.0,0.0,0.0,1.0,0.0,0.0,0.0,0.0
63,63,10,81,3,4,3,0.8666666666666667,0.0,0.0,1.0,0.0,0.0,0.0,0.0,0.0
64,64,10,81,4,5,6,0.615686274509804,0.0,0.0,0.0,1.0,0.0,0.0,0.0,0.0
65,65,10,82,3,4,6,0.615686274509804,0.0,0.0,1.0,0.0,0.0,0.0,0.0,0.0
66,66,10,82,4,5,5,0.403921568627451,0.0,0.0,0.0,1.0,0.0,0.0,0.0,0.0
67,67,10,83,3,4,5,0.403921568627451,0.0,0.0,1.0,0.0,0.0,0.0,0.0,0.0
68,68,10,83,4,5,7,0.2862745098039215,0.0,0.0,0.0,1.0,0.0,0.0,0.0,0.0
69,69,10,84,2,3,8,0.9333333333333332,0.0,1.0,0.0,0.0,0.0,0.0,0.0,0.0
70,70,10,84,3,4,7,0.2862745098039215,0.0,0.0,1.0,0.0,0.0,0.0,0.0,0.0
71,71,10,84,4,5,4,0.2392156862745098,0.0,0.0,0.0,1.0,0.0,0.0,0.0,0.0
72,72,10,85,1,2,8,0.9333333333333332,1.0,0.0,0.0,0.0,0.0,0.0,0.0,0.0
73,73,10,85,3,4,4,0.2392156862745098,0.0,0.0,1.0,0.0,0.0,0.0,0.0,0.0
74,74,10,86,2,3,3,0.9568627450980391,0.0,1.0,0.0,0.0,0.0,0.0,0.0,0.0
75,75,10,86,4,5,5,0.2823529411764705,0.0,0.0,0.0,1.0,0.0,0.0,0.0,0.0
76,76,10,87,1,2,3,0.9568627450980391,1.0,0.0,0.0,0.0,0.0,0.0,0.0,0.0
77,77,10,87,3,4,5,0.2823529411764705,0.0,0.0,1.0,0.0,0.0,0.0,0.0,0.0
78,78,10,87,4,5,6,0.3921568627450979,0.0,0.0,0.0,1.0,0.0,0.0,0.0,0.0
79,79,10,88,3,4,6,0.3921568627450979,0.0,0.0,1.0,0.0,0.0,0.0,0.0,0.0
80,80,10,88,4,5,3,0.6,0.0,0.0,0.0,1.0,0.0,0.0,0.0,0.0
81,81,10,89,3,4,3,0.6,0.0,0.0,1.0,0.0,0.0,0.0,0.0,0.0
82,82,10,89,4,5,6,0.8784313725490196,0.0,0.0,0.0,1.0,0.0,0.0,0.0,0.0
83,83,10,90,3,4,6,0.8784313725490196,0.0,0.0,1.0,0.0,0.0,0.0,0.0,0.0
84,84,11,10,4,5,7,0.952941176470588,0.0,0.0,0.0,1.0,0.0,0.0,0.0,0.0
85,85,11,11,2,3,6,0.7921568627450978,0.0,1.0,0.0,0.0,0.0,0.0,0.0,0.0
86,86,11,11,3,4,7,0.952941176470588,0.0,0.0,1.0,0.0,0.0,0.0,0.0,0.0
87,87,11,11,4,5,4,0.2666666666666666,0.0,0.0,0.0,1.0,0.0,0.0,0.0,0.0
88,88,11,12,1,2,6,0.7921568627450978,1.0,0.0,0.0,0.0,0.0,0.0,0.0,0.0
89,89,11,12,2,3,4,0.6862745098039214,0.0,1.0,0.0,0.0,0.0,0.0,0.0,0.0
90,90,11,12,3,4,4,0.2666666666666666,0.0,0.0,1.0,0.0,0.0,0.0,0.0,0.0
91,91,11,12,4,5,10,0.0627450980392156,0.0,0.0,0.0,1.0,0.0,0.0,0.0,0.0
92,92,11,13,1,2,4,0.6862745098039214,1.0,0.0,0.0,0.0,0.0,0.0,0.0,0.0
93,93,11,13,2,3,18,0.7019607843137254,0.0,1.0,0.0,0.0,0.0,0.0,0.0,0.0
94,94,11,13,3,4,10,0.0627450980392156,0.0,0.0,1.0,0.0,0.0,0.0,0.0,0.0
95,95,11,13,4,5,35,0.0980392156862744,0.0,0.0,0.0,1.0,0.0,0.0,0.0,0.0
96,96,11,14,1,2,18,0.7019607843137254,1.0,0.0,0.0,0.0,0.0,0.0,0.0,0.0
97,97,11,14,3,4,35,0.0980392156862744,0.0,0.0,1.0,0.0,0.0,0.0,0.0,0.0
98,98,11,15,2,3,6,0.6980392156862745,0.0,1.0,0.0,0.0,0.0,0.0,0.0,0.0
99,99,11,15,4,5,12,0.0941176470588235,0.0,0.0,0.0,1.0,0.0,0.0,0.0,0.0
100,100,11,16,1,2,6,0.6980392156862745,1.0,0.0,0.0,0.0,0.0,0.0,0.0,0.0
101,101,11,16,2,3,3,0.7098039215686274,0.0,1.0,0.0,0.0,0.0,0.0,0.0,0.0
102,102,11,16,3,4,12,0.0941176470588235,0.0,0.0,1.0,0.0,0.0,0.0,0.0,0.0
103,103,11,16,4,5,33,0.0666666666666666,0.0,0.0,0.0,1.0,0.0,0.0,0.0,0.0
104,104,11,17,1,2,3,0.7098039215686274,1.0,0.0,0.0,0.0,0.0,0.0,0.0,0.0
105,105,11,17,2,3,3,0.945098039215686,0.0,1.0,0.0,0.0,0.0,0.0,0.0,0.0
106,106,11,17,3,4,33,0.0666666666666666,0.0,0.0,1.0,0.0,0.0,0.0,0.0,0.0
107,107,11,17,4,5,2,0.6078431372549019,0.0,0.0,0.0,1.0,0.0,0.0,0.0,0.0
108,108,11,18,1,2,3,0.945098039215686,1.0,0.0,0.0,0.0,0.0,0.0,0.0,0.0
109,109,11,18,3,4,2,0.6078431372549019,0.0,0.0,1.0,0.0,0.0,0.0,0.0,0.0
110,110,11,23,4,5,3,0.984313725490196,0.0,0.0,0.0,1.0,0.0,0.0,0.0,0.0
111,111,11,24,2,3,2,0.8156862745098039,0.0,1.0,0.0,0.0,0.0,0.0,0.0,0.0
112,112,11,24,3,4,3,0.984313725490196,0.0,0.0,1.0,0.0,0.0,0.0,0.0,0.0
113,113,11,25,1,2,2,0.8156862745098039,1.0,0.0,0.0,0.0,0.0,0.0,0.0,0.0
114,114,11,25,2,3,3,0.6823529411764705,0.0,1.0,0.0,0.0,0.0,0.0,0.0,0.0
115,115,11,25,4,5,6,0.0549019607843137,0.0,0.0,0.0,1.0,0.0,0.0,0.0,0.0
116,116,11,26,1,2,3,0.6823529411764705,1.0,0.0,0.0,0.0,0.0,0.0,0.0,0.0
117,117,11,26,3,4,6,0.0549019607843137,0.0,0.0,1.0,0.0,0.0,0.0,0.0,0.0
118,118,11,28,2,3,4,0.6901960784313725,0.0,1.0,0.0,0.0,0.0,0.0,0.0,0.0
119,119,11,28,4,5,6,0.0509803921568627,0.0,0.0,0.0,1.0,0.0,0.0,0.0,0.0
120,120,11,29,1,2,4,0.6901960784313725,1.0,0.0,0.0,0.0,0.0,0.0,0.0,0.0
121,121,11,29,2,3,2,0.7411764705882352,0.0,1.0,0.0,0.0,0.0,0.0,0.0,0.0
122,122,11,29,3,4,6,0.0509803921568627,0.0,0.0,1.0,0.0,0.0,0.0,0.0,0.0
123,123,11,29,4,5,5,0.3490196078431372,0.0,0.0,0.0,1.0,0.0,0.0,0.0,0.0
124,124,11,30,1,2,2,0.7411764705882352,1.0,0.0,0.0,0.0,0.0,0.0,0.0,0.0
125,125,11,30,2,3,7,0.980392156862745,0.0,1.0,0.0,0.0,0.0,0.0,0.0,0.0
126,126,11,30,3,4,5,0.3490196078431372,0.0,0.0,1.0,0.0,0.0,0.0,0.0,0.0
127,127,11,30,4,5,4,0.9882352941176468,0.0,0.0,0.0,1.0,0.0,0.0,0.0,0.0
128,128,11,31,1,2,7,0.980392156862745,1.0,0.0,0.0,0.0,0.0,0.0,0.0,0.0
129,129,11,31,3,4,4,0.9882352941176468,0.0,0.0,1.0,0.0,0.0,0.0,0.0,0.0
130,130,11,34,4,5,5,0.4117647058823528,0.0,0.0,0.0,1.0,0.0,0.0,0.0,0.0
131,131,11,35,2,3,6,0.7529411764705882,0.0,1.0,0.0,0.0,0.0,0.0,0.0,0.0
132,132,11,35,3,4,5,0.4117647058823528,0.0,0.0,1.0,0.0,0.0,0.0,0.0,0.0
133,133,11,35,4,5,4,0.2235294117647059,0.0,0.0,0.0,1.0,0.0,0.0,0.0,0.0
134,134,11,36,1,2,6,0.7529411764705882,1.0,0.0,0.0,0.0,0.0,0.0,0.0,0.0
135,135,11,36,2,3,1,0.5215686274509804,0.0,1.0,0.0,0.0,0.0,0.0,0.0,0.0
136,136,11,36,3,4,4,0.2235294117647059,0.0,0.0,1.0,0.0,0.0,0.0,0.0,0.0
137,137,11,36,4,5,15,0.207843137254902,0.0,0.0,0.0,1.0,0.0,0.0,0.0,0.0
138,138,11,37,1,2,1,0.5215686274509804,1.0,0.0,0.0,0.0,0.0,0.0,0.0,0.0
139,139,11,37,2,3,5,0.3843137254901961,0.0,1.0,0.0,0.0,0.0,0.0,0.0,0.0
140,140,11,37,3,4,15,0.207843137254902,0.0,0.0,1.0,0.0,0.0,0.0,0.0,0.0
141,141,11,37,4,5,5,0.2313725490196078,0.0,0.0,0.0,1.0,0.0,0.0,0.0,0.0
142,142,11,38,1,2,5,0.3843137254901961,1.0,0.0,0.0,0.0,0.0,0.0,0.0,0.0
143,143,11,38,2,3,4,0.3372549019607843,0.0,1.0,0.0,0.0,0.0,0.0,0.0,0.0
144,144,11,38,3,4,5,0.2313725490196078,0.0,0.0,1.0,0.0,0.0,0.0,0.0,0.0
145,145,11,38,4,5,3,0.2470588235294117,0.0,0.0,0.0,1.0,0.0,0.0,0.0,0.0
146,146,11,39,1,2,4,0.3372549019607843,1.0,0.0,0.0,0.0,0.0,0.0,0.0,0.0
147,147,11,39,2,3,9,0.3215686274509804,0.0,1.0,0.0,0.0,0.0,0.0,0.0,0.0
148,148,11,39,3,4,3,0.2470588235294117,0.0,0.0,1.0,0.0,0.0,0.0,0.0,0.0
149,149,11,40,1,2,9,0.3215686274509804,1.0,0.0,0.0,0.0,0.0,0.0,0.0,0.0
150,150,11,40,2,3,4,0.4509803921568627,0.0,1.0,0.0,0.0,0.0,0.0,0.0,0.0
151,151,11,41,1,2,4,0.4509803921568627,1.0,0.0,0.0,0.0,0.0,0.0,0.0,0.0
152,152,11,41,2,3,4,0.8117647058823529,0.0,1.0,0.0,0.0,0.0,0.0,0.0,0.0
153,153,11,41,4,5,2,0.6431372549019608,0.0,0.0,0.0,1.0,0.0,0.0,0.0,0.0
154,154,11,42,1,2,4,0.8117647058823529,1.0,0.0,0.0,0.0,0.0,0.0,0.0,0.0
155,155,11,42,2,3,5,0.7490196078431371,0.0,1.0,0.0,0.0,0.0,0.0,0.0,0.0
156,156,11,42,3,4,2,0.6431372549019608,0.0,0.0,1.0,0.0,0.0,0.0,0.0,0.0
157,157,11,42,4,5,11,0.196078431372549,0.0,0.0,0.0,1.0,0.0,0.0,0.0,0.0
158,158,11,43,1,2,5,0.7490196078431371,1.0,0.0,0.0,0.0,0.0,0.0,0.0,0.0
159,159,11,43,3,4,11,0.196078431372549,0.0,0.0,1.0,0.0,0.0,0.0,0.0,0.0
160,160,11,43,4,5,5,0.3764705882352941,0.0,0.0,0.0,1.0,0.0,0.0,0.0,0.0
161,161,11,44,3,4,5,0.3764705882352941,0.0,0.0,1.0,0.0,0.0,0.0,0.0,0.0
162,162,11,44,4,5,2,0.7803921568627451,0.0,0.0,0.0,1.0,0.0,0.0,0.0,0.0
163,163,11,45,3,4,2,0.7803921568627451,0.0,0.0,1.0,0.0,0.0,0.0,0.0,0.0
164,164,11,53,4,5,16,0.0823529411764705,0.0,0.0,0.0,1.0,0.0,0.0,0.0,0.0
165,165,11,54,3,4,16,0.0823529411764705,0.0,0.0,1.0,0.0,0.0,0.0,0.0,0.0
166,166,11,54,4,5,17,0.0862745098039215,0.0,0.0,0.0,1.0,0.0,0.0,0.0,0.0
167,167,11,55,3,4,17,0.0862745098039215,0.0,0.0,1.0,0.0,0.0,0.0,0.0,0.0
168,168,11,66,4,5,1,0.3725490196078431,0.0,0.0,0.0,1.0,0.0,0.0,0.0,0.0
169,169,11,67,3,4,1,0.3725490196078431,0.0,0.0,1.0,0.0,0.0,0.0,0.0,0.0
170,170,11,68,2,3,3,0.8901960784313725,0.0,1.0,0.0,0.0,0.0,0.0,0.0,0.0
171,171,11,68,4,5,3,0.5058823529411764,0.0,0.0,0.0,1.0,0.0,0.0,0.0,0.0
172,172,11,69,1,2,3,0.8901960784313725,1.0,0.0,0.0,0.0,0.0,0.0,0.0,0.0
173,173,11,69,3,4,3,0.5058823529411764,0.0,0.0,1.0,0.0,0.0,0.0,0.0,0.0
174,174,11,72,4,5,27,0.0705882352941176,0.0,0.0,0.0,1.0,0.0,0.0,0.0,0.0
175,175,11,73,2,3,4,0.7058823529411764,0.0,1.0,0.0,0.0,0.0,0.0,0.0,0.0
176,176,11,73,3,4,27,0.0705882352941176,0.0,0.0,1.0,0.0,0.0,0.0,0.0,0.0
177,177,11,73,4,5,11,0.2039215686274509,0.0,0.0,0.0,1.0,0.0,0.0,0.0,0.0
178,178,11,74,1,2,4,0.7058823529411764,1.0,0.0,0.0,0.0,0.0,0.0,0.0,0.0
179,179,11,74,3,4,11,0.2039215686274509,0.0,0.0,1.0,0.0,0.0,0.0,0.0,0.0
180,180,11,74,4,5,3,0.9058823529411764,0.0,0.0,0.0,1.0,0.0,0.0,0.0,0.0
181,181,11,75,3,4,3,0.9058823529411764,0.0,0.0,1.0,0.0,0.0,0.0,0.0,0.0
182,182,11,78,4,5,5,0.9098039215686275,0.0,0.0,0.0,1.0,0.0,0.0,0.0,0.0
183,183,11,79,3,4,5,0.9098039215686275,0.0,0.0,1.0,0.0,0.0,0.0,0.0,0.0
184,184,11,80,2,3,3,0.8666666666666667,0.0,1.0,0.0,0.0,0.0,0.0,0.0,0.0
185,185,11,80,4,5,4,0.184313725490196,0.0,0.0,0.0,1.0,0.0,0.0,0.0,0.0
186,186,11,81,1,2,3,0.8666666666666667,1.0,0.0,0.0,0.0,0.0,0.0,0.0,0.0
187,187,11,81,2,3,6,0.615686274509804,0.0,1.0,0.0,0.0,0.0,0.0,0.0,0.0
188,188,11,81,3,4,4,0.184313725490196,0.0,0.0,1.0,0.0,0.0,0.0,0.0,0.0
189,189,11,81,4,5,20,0.0745098039215686,0.0,0.0,0.0,1.0,0.0,0.0,0.0,0.0
190,190,11,82,1,2,6,0.615686274509804,1.0,0.0,0.0,0.0,0.0,0.0,0.0,0.0
191,191,11,82,2,3,5,0.403921568627451,0.0,1.0,0.0,0.0,0.0,0.0,0.0,0.0
192,192,11,82,3,4,20,0.0745098039215686,0.0,0.0,1.0,0.0,0.0,0.0,0.0,0.0
193,193,11,83,1,2,5,0.403921568627451,1.0,0.0,0.0,0.0,0.0,0.0,0.0,0.0
194,194,11,83,2,3,7,0.2862745098039215,0.0,1.0,0.0,0.0,0.0,0.0,0.0,0.0
195,195,11,83,4,5,16,0.0784313725490195,0.0,0.0,0.0,1.0,0.0,0.0,0.0,0.0
196,196,11,84,1,2,7,0.2862745098039215,1.0,0.0,0.0,0.0,0.0,0.0,0.0,0.0
197,197,11,84,2,3,4,0.2392156862745098,0.0,1.0,0.0,0.0,0.0,0.0,0.0,0.0
198,198,11,84,3,4,16,0.0784313725490195,0.0,0.0,1.0,0.0,0.0,0.0,0.0,0.0
199,199,11,85,1,2,4,0.2392156862745098,1.0,0.0,0.0,0.0,0.0,0.0,0.0,0.0
200,200,11,86,2,3,5,0.2823529411764705,0.0,1.0,0.0,0.0,0.0,0.0,0.0,0.0
201,201,11,87,1,2,5,0.2823529411764705,1.0,0.0,0.0,0.0,0.0,0.0,0.0,0.0
202,202,11,87,2,3,6,0.3921568627450979,0.0,1.0,0.0,0.0,0.0,0.0,0.0,0.0
203,203,11,88,1,2,6,0.3921568627450979,1.0,0.0,0.0,0.0,0.0,0.0,0.0,0.0
204,204,11,88,2,3,3,0.6,0.0,1.0,0.0,0.0,0.0,0.0,0.0,0.0
205,205,11,89,1,2,3,0.6,1.0,0.0,0.0,0.0,0.0,0.0,0.0,0.0
206,206,11,89,2,3,6,0.8784313725490196,0.0,1.0,0.0,0.0,0.0,0.0,0.0,0.0
207,207,11,89,4,5,5,0.192156862745098,0.0,0.0,0.0,1.0,0.0,0.0,0.0,0.0
208,208,11,90,1,2,6,0.8784313725490196,1.0,0.0,0.0,0.0,0.0,0.0,0.0,0.0
209,209,11,90,3,4,5,0.192156862745098,0.0,0.0,1.0,0.0,0.0,0.0,0.0,0.0
210,210,11,90,4,5,4,0.6039215686274509,0.0,0.0,0.0,1.0,0.0,0.0,0.0,0.0
211,211,11,91,3,4,4,0.6039215686274509,0.0,0.0,1.0,0.0,0.0,0.0,0.0,0.0
212,212,11,91,4,5,3,0.996078431372549,0.0,0.0,0.0,1.0,0.0,0.0,0.0,0.0
213,213,11,92,3,4,3,0.996078431372549,0.0,0.0,1.0,0.0,0.0,0.0,0.0,0.0
214,214,12,10,2,3,7,0.952941176470588,0.0,1.0,0.0,0.0,0.0,0.0,0.0,0.0
215,215,12,10,4,5,2,0.8039215686274511,0.0,0.0,0.0,1.0,0.0,0.0,0.0,0.0
216,216,12,11,1,2,7,0.952941176470588,1.0,0.0,0.0,0.0,0.0,0.0,0.0,0.0
217,217,12,11,2,3,4,0.2666666666666666,0.0,1.0,0.0,0.0,0.0,0.0,0.0,0.0
218,218,12,11,3,4,2,0.8039215686274511,0.0,0.0,1.0,0.0,0.0,0.0,0.0,0.0
219,219,12,11,4,5,3,0.1294117647058823,0.0,0.0,0.0,1.0,0.0,0.0,0.0,0.0
220,220,12,12,1,2,4,0.2666666666666666,1.0,0.0,0.0,0.0,0.0,0.0,0.0,0.0
221,221,12,12,2,3,10,0.0627450980392156,0.0,1.0,0.0,0.0,0.0,0.0,0.0,0.0
222,222,12,12,3,4,3,0.1294117647058823,0.0,0.0,1.0,0.0,0.0,0.0,0.0,0.0
223,223,12,12,4,5,26,0.0901960784313725,0.0,0.0,0.0,1.0,0.0,0.0,0.0,0.0
224,224,12,13,1,2,10,0.0627450980392156,1.0,0.0,0.0,0.0,0.0,0.0,0.0,0.0
225,225,12,13,2,3,35,0.0980392156862744,0.0,1.0,0.0,0.0,0.0,0.0,0.0,0.0
226,226,12,13,3,4,26,0.0901960784313725,0.0,0.0,1.0,0.0,0.0,0.0,0.0,0.0
227,227,12,13,4,5,34,0.1098039215686274,0.0,0.0,0.0,1.0,0.0,0.0,0.0,0.0
228,228,12,14,1,2,35,0.0980392156862744,1.0,0.0,0.0,0.0,0.0,0.0,0.0,0.0
229,229,12,14,3,4,34,0.1098039215686274,0.0,0.0,1.0,0.0,0.0,0.0,0.0,0.0
230,230,12,15,2,3,12,0.0941176470588235,0.0,1.0,0.0,0.0,0.0,0.0,0.0,0.0
231,231,12,16,1,2,12,0.0941176470588235,1.0,0.0,0.0,0.0,0.0,0.0,0.0,0.0
232,232,12,16,2,3,33,0.0666666666666666,0.0,1.0,0.0,0.0,0.0,0.0,0.0,0.0
233,233,12,17,1,2,33,0.0666666666666666,1.0,0.0,0.0,0.0,0.0,0.0,0.0,0.0
234,234,12,17,2,3,2,0.6078431372549019,0.0,1.0,0.0,0.0,0.0,0.0,0.0,0.0
235,235,12,18,1,2,2,0.6078431372549019,1.0,0.0,0.0,0.0,0.0,0.0,0.0,0.0
236,236,12,18,4,5,3,0.9490196078431372,0.0,0.0,0.0,1.0,0.0,0.0,0.0,0.0
237,237,12,19,3,4,3,0.9490196078431372,0.0,0.0,1.0,0.0,0.0,0.0,0.0,0.0
238,238,12,23,2,3,3,0.984313725490196,0.0,1.0,0.0,0.0,0.0,0.0,0.0,0.0
239,239,12,23,4,5,3,0.8549019607843135,0.0,0.0,0.0,1.0,0.0,0.0,0.0,0.0
240,240,12,24,1,2,3,0.984313725490196,1.0,0.0,0.0,0.0,0.0,0.0,0.0,0.0
241,241,12,24,3,4,3,0.8549019607843135,0.0,0.0,1.0,0.0,0.0,0.0,0.0,0.0
242,242,12,24,4,5,4,0.1686274509803921,0.0,0.0,0.0,1.0,0.0,0.0,0.0,0.0
243,243,12,25,2,3,6,0.0549019607843137,0.0,1.0,0.0,0.0,0.0,0.0,0.0,0.0
244,244,12,25,3,4,4,0.1686274509803921,0.0,0.0,1.0,0.0,0.0,0.0,0.0,0.0
245,245,12,26,1,2,6,0.0549019607843137,1.0,0.0,0.0,0.0,0.0,0.0,0.0,0.0
246,246,12,27,4,5,21,0.1019607843137254,0.0,0.0,0.0,1.0,0.0,0.0,0.0,0.0
247,247,12,28,2,3,6,0.0509803921568627,0.0,1.0,0.0,0.0,0.0,0.0,0.0,0.0
248,248,12,28,3,4,21,0.1019607843137254,0.0,0.0,1.0,0.0,0.0,0.0,0.0,0.0
249,249,12,28,4,5,11,0.0588235294117647,0.0,0.0,0.0,1.0,0.0,0.0,0.0,0.0
250,250,12,29,1,2,6,0.0509803921568627,1.0,0.0,0.0,0.0,0.0,0.0,0.0,0.0
251,251,12,29,2,3,5,0.3490196078431372,0.0,1.0,0.0,0.0,0.0,0.0,0.0,0.0
252,252,12,29,3,4,11,0.0588235294117647,0.0,0.0,1.0,0.0,0.0,0.0,0.0,0.0
253,253,12,29,4,5,2,0.576470588235294,0.0,0.0,0.0,1.0,0.0,0.0,0.0,0.0
254,254,12,30,1,2,5,0.3490196078431372,1.0,0.0,0.0,0.0,0.0,0.0,0.0,0.0
255,255,12,30,2,3,4,0.9882352941176468,0.0,1.0,0.0,0.0,0.0,0.0,0.0,0.0
256,256,12,30,3,4,2,0.576470588235294,0.0,0.0,1.0,0.0,0.0,0.0,0.0,0.0
257,257,12,31,1,2,4,0.9882352941176468,1.0,0.0,0.0,0.0,0.0,0.0,0.0,0.0
258,258,12,33,4,5,5,0.2549019607843137,0.0,0.0,0.0,1.0,0.0,0.0,0.0,0.0
259,259,12,34,2,3,5,0.4117647058823528,0.0,1.0,0.0,0.0,0.0,0.0,0.0,0.0
260,260,12,34,3,4,5,0.2549019607843137,0.0,0.0,1.0,0.0,0.0,0.0,0.0,0.0
261,261,12,34,4,5,4,0.2117647058823529,0.0,0.0,0.0,1.0,0.0,0.0,0.0,0.0
262,262,12,35,1,2,5,0.4117647058823528,1.0,0.0,0.0,0.0,0.0,0.0,0.0,0.0
263,263,12,35,2,3,4,0.2235294117647059,0.0,1.0,0.0,0.0,0.0,0.0,0.0,0.0
264,264,12,35,3,4,4,0.2117647058823529,0.0,0.0,1.0,0.0,0.0,0.0,0.0,0.0
265,265,12,35,4,5,8,0.2705882352941175,0.0,0.0,0.0,1.0,0.0,0.0,0.0,0.0
266,266,12,36,1,2,4,0.2235294117647059,1.0,0.0,0.0,0.0,0.0,0.0,0.0,0.0
267,267,12,36,2,3,15,0.207843137254902,0.0,1.0,0.0,0.0,0.0,0.0,0.0,0.0
268,268,12,36,3,4,8,0.2705882352941175,0.0,0.0,1.0,0.0,0.0,0.0,0.0,0.0
269,269,12,36,4,5,6,0.2980392156862745,0.0,0.0,0.0,1.0,0.0,0.0,0.0,0.0
270,270,12,37,1,2,15,0.207843137254902,1.0,0.0,0.0,0.0,0.0,0.0,0.0,0.0
271,271,12,37,2,3,5,0.2313725490196078,0.0,1.0,0.0,0.0,0.0,0.0,0.0,0.0
272,272,12,37,3,4,6,0.2980392156862745,0.0,0.0,1.0,0.0,0.0,0.0,0.0,0.0
273,273,12,37,4,5,8,0.3058823529411764,0.0,0.0,0.0,1.0,0.0,0.0,0.0,0.0
274,274,12,38,1,2,5,0.2313725490196078,1.0,0.0,0.0,0.0,0.0,0.0,0.0,0.0
275,275,12,38,2,3,3,0.2470588235294117,0.0,1.0,0.0,0.0,0.0,0.0,0.0,0.0
276,276,12,38,3,4,8,0.3058823529411764,0.0,0.0,1.0,0.0,0.0,0.0,0.0,0.0
277,277,12,38,4,5,5,0.3098039215686274,0.0,0.0,0.0,1.0,0.0,0.0,0.0,0.0
278,278,12,39,1,2,3,0.2470588235294117,1.0,0.0,0.0,0.0,0.0,0.0,0.0,0.0
279,279,12,39,3,4,5,0.3098039215686274,0.0,0.0,1.0,0.0,0.0,0.0,0.0,0.0
280,280,12,40,4,5,6,0.6470588235294118,0.0,0.0,0.0,1.0,0.0,0.0,0.0,0.0
281,281,12,41,2,3,2,0.6431372549019608,0.0,1.0,0.0,0.0,0.0,0.0,0.0,0.0
282,282,12,41,3,4,6,0.6470588235294118,0.0,0.0,1.0,0.0,0.0,0.0,0.0,0.0
283,283,12,41,4,5,4,0.5568627450980391,0.0,0.0,0.0,1.0,0.0,0.0,0.0,0.0
284,284,12,42,1,2,2,0.6431372549019608,1.0,0.0,0.0,0.0,0.0,0.0,0.0,0.0
285,285,12,42,2,3,11,0.196078431372549,0.0,1.0,0.0,0.0,0.0,0.0,0.0,0.0
286,286,12,42,3,4,4,0.5568627450980391,0.0,0.0,1.0,0.0,0.0,0.0,0.0,0.0
287,287,12,42,4,5,5,0.2352941176470588,0.0,0.0,0.0,1.0,0.0,0.0,0.0,0.0
288,288,12,43,1,2,11,0.196078431372549,1.0,0.0,0.0,0.0,0.0,0.0,0.0,0.0
289,289,12,43,2,3,5,0.3764705882352941,0.0,1.0,0.0,0.0,0.0,0.0,0.0,0.0
290,290,12,43,3,4,5,0.2352941176470588,0.0,0.0,1.0,0.0,0.0,0.0,0.0,0.0
291,291,12,44,1,2,5,0.3764705882352941,1.0,0.0,0.0,0.0,0.0,0.0,0.0,0.0
292,292,12,44,2,3,2,0.7803921568627451,0.0,1.0,0.0,0.0,0.0,0.0,0.0,0.0
293,293,12,45,1,2,2,0.7803921568627451,1.0,0.0,0.0,0.0,0.0,0.0,0.0,0.0
294,294,12,45,4,5,4,0.6627450980392156,0.0,0.0,0.0,1.0,0.0,0.0,0.0,0.0
295,295,12,46,3,4,4,0.6627450980392156,0.0,0.0,1.0,0.0,0.0,0.0,0.0,0.0
296,296,12,52,4,5,2,0.4745098039215686,0.0,0.0,0.0,1.0,0.0,0.0,0.0,0.0
297,297,12,53,2,3,16,0.0823529411764705,0.0,1.0,0.0,0.0,0.0,0.0,0.0,0.0
298,298,12,53,3,4,2,0.4745098039215686,0.0,0.0,1.0,0.0,0.0,0.0,0.0,0.0
299,299,12,54,1,2,16,0.0823529411764705,1.0,0.0,0.0,0.0,0.0,0.0,0.0,0.0
300,300,12,54,2,3,17,0.0862745098039215,0.0,1.0,0.0,0.0,0.0,0.0,0.0,0.0
301,301,12,54,4,5,26,0.1058823529411764,0.0,0.0,0.0,1.0,0.0,0.0,0.0,0.0
302,302,12,55,1,2,17,0.0862745098039215,1.0,0.0,0.0,0.0,0.0,0.0,0.0,0.0
303,303,12,55,3,4,26,0.1058823529411764,0.0,0.0,1.0,0.0,0.0,0.0,0.0,0.0
304,304,12,66,2,3,1,0.3725490196078431,0.0,1.0,0.0,0.0,0.0,0.0,0.0,0.0
305,305,12,67,1,2,1,0.3725490196078431,1.0,0.0,0.0,0.0,0.0,0.0,0.0,0.0
306,306,12,68,2,3,3,0.5058823529411764,0.0,1.0,0.0,0.0,0.0,0.0,0.0,0.0
307,307,12,69,1,2,3,0.5058823529411764,1.0,0.0,0.0,0.0,0.0,0.0,0.0,0.0
308,308,12,72,2,3,27,0.0705882352941176,0.0,1.0,0.0,0.0,0.0,0.0,0.0,0.0
309,309,12,73,1,2,27,0.0705882352941176,1.0,0.0,0.0,0.0,0.0,0.0,0.0,0.0
310,310,12,73,2,3,11,0.2039215686274509,0.0,1.0,0.0,0.0,0.0,0.0,0.0,0.0
311,311,12,73,4,5,2,0.388235294117647,0.0,0.0,0.0,1.0,0.0,0.0,0.0,0.0
312,312,12,74,1,2,11,0.2039215686274509,1.0,0.0,0.0,0.0,0.0,0.0,0.0,0.0
313,313,12,74,2,3,3,0.9058823529411764,0.0,1.0,0.0,0.0,0.0,0.0,0.0,0.0
314,314,12,74,3,4,2,0.388235294117647,0.0,0.0,1.0,0.0,0.0,0.0,0.0,0.0
315,315,12,75,1,2,3,0.9058823529411764,1.0,0.0,0.0,0.0,0.0,0.0,0.0,0.0
316,316,12,78,2,3,5,0.9098039215686275,0.0,1.0,0.0,0.0,0.0,0.0,0.0,0.0
317,317,12,79,1,2,5,0.9098039215686275,1.0,0.0,0.0,0.0,0.0,0.0,0.0,0.0
318,318,12,80,2,3,4,0.184313725490196,0.0,1.0,0.0,0.0,0.0,0.0,0.0,0.0
319,319,12,81,1,2,4,0.184313725490196,1.0,0.0,0.0,0.0,0.0,0.0,0.0,0.0
320,320,12,81,2,3,20,0.0745098039215686,0.0,1.0,0.0,0.0,0.0,0.0,0.0,0.0
321,321,12,81,4,5,39,0.1137254901960784,0.0,0.0,0.0,1.0,0.0,0.0,0.0,0.0
322,322,12,82,1,2,20,0.0745098039215686,1.0,0.0,0.0,0.0,0.0,0.0,0.0,0.0
323,323,12,82,3,4,39,0.1137254901960784,0.0,0.0,1.0,0.0,0.0,0.0,0.0,0.0
324,324,12,82,4,5,159,0.1176470588235294,0.0,0.0,0.0,1.0,0.0,0.0,0.0,0.0
325,325,12,83,2,3,16,0.0784313725490195,0.0,1.0,0.0,0.0,0.0,0.0,0.0,0.0
326,326,12,83,3,4,159,0.1176470588235294,0.0,0.0,1.0,0.0,0.0,0.0,0.0,0.0
327,327,12,84,1,2,16,0.0784313725490195,1.0,0.0,0.0,0.0,0.0,0.0,0.0,0.0
328,328,12,89,2,3,5,0.192156862745098,0.0,1.0,0.0,0.0,0.0,0.0,0.0,0.0
329,329,12,90,1,2,5,0.192156862745098,1.0,0.0,0.0,0.0,0.0,0.0,0.0,0.0
330,330,12,90,2,3,4,0.6039215686274509,0.0,1.0,0.0,0.0,0.0,0.0,0.0,0.0
331,331,12,91,1,2,4,0.6039215686274509,1.0,0.0,0.0,0.0,0.0,0.0,0.0,0.0
332,332,12,91,2,3,3,0.996078431372549,0.0,1.0,0.0,0.0,0.0,0.0,0.0,0.0
333,333,12,91,4,5,6,0.5019607843137254,0.0,0.0,0.0,1.0,0.0,0.0,0.0,0.0
334,334,12,92,1,2,3,0.996078431372549,1.0,0.0,0.0,0.0,0.0,0.0,0.0,0.0
335,335,12,92,3,4,6,0.5019607843137254,0.0,0.0,1.0,0.0,0.0,0.0,0.0,0.0
336,336,12,92,4,5,7,0.992156862745098,0.0,0.0,0.0,1.0,0.0,0.0,0.0,0.0
337,337,12,93,3,4,7,0.992156862745098,0.0,0.0,1.0,0.0,0.0,0.0,0.0,0.0
338,338,13,10,2,3,2,0.8039215686274511,0.0,1.0,0.0,0.0,0.0,0.0,0.0,0.0
339,339,13,11,1,2,2,0.8039215686274511,1.0,0.0,0.0,0.0,0.0,0.0,0.0,0.0
340,340,13,11,2,3,3,0.1294117647058823,0.0,1.0,0.0,0.0,0.0,0.0,0.0,0.0
341,341,13,12,1,2,3,0.1294117647058823,1.0,0.0,0.0,0.0,0.0,0.0,0.0,0.0
342,342,13,12,2,3,26,0.0901960784313725,0.0,1.0,0.0,0.0,0.0,0.0,0.0,0.0
343,343,13,13,1,2,26,0.0901960784313725,1.0,0.0,0.0,0.0,0.0,0.0,0.0,0.0
344,344,13,13,2,3,34,0.1098039215686274,0.0,1.0,0.0,0.0,0.0,0.0,0.0,0.0
345,345,13,14,1,2,34,0.1098039215686274,1.0,0.0,0.0,0.0,0.0,0.0,0.0,0.0
346,346,13,18,2,3,3,0.9490196078431372,0.0,1.0,0.0,0.0,0.0,0.0,0.0,0.0
347,347,13,18,4,5,2,0.6666666666666666,0.0,0.0,0.0,1.0,0.0,0.0,0.0,0.0
348,348,13,19,1,2,3,0.9490196078431372,1.0,0.0,0.0,0.0,0.0,0.0,0.0,0.0
349,349,13,19,3,4,2,0.6666666666666666,0.0,0.0,1.0,0.0,0.0,0.0,0.0,0.0
350,350,13,23,2,3,3,0.8549019607843135,0.0,1.0,0.0,0.0,0.0,0.0,0.0,0.0
351,351,13,23,4,5,2,0.6705882352941174,0.0,0.0,0.0,1.0,0.0,0.0,0.0,0.0
352,352,13,24,1,2,3,0.8549019607843135,1.0,0.0,0.0,0.0,0.0,0.0,0.0,0.0
353,353,13,24,2,3,4,0.1686274509803921,0.0,1.0,0.0,0.0,0.0,0.0,0.0,0.0
354,354,13,24,3,4,2,0.6705882352941174,0.0,0.0,1.0,0.0,0.0,0.0,0.0,0.0
355,355,13,25,1,2,4,0.1686274509803921,1.0,0.0,0.0,0.0,0.0,0.0,0.0,0.0
356,356,13,27,2,3,21,0.1019607843137254,0.0,1.0,0.0,0.0,0.0,0.0,0.0,0.0
357,357,13,28,1,2,21,0.1019607843137254,1.0,0.0,0.0,0.0,0.0,0.0,0.0,0.0
358,358,13,28,2,3,11,0.0588235294117647,0.0,1.0,0.0,0.0,0.0,0.0,0.0,0.0
359,359,13,28,4,5,3,0.1254901960784313,0.0,0.0,0.0,1.0,0.0,0.0,0.0,0.0
360,360,13,29,1,2,11,0.0588235294117647,1.0,0.0,0.0,0.0,0.0,0.0,0.0,0.0
361,361,13,29,2,3,2,0.576470588235294,0.0,1.0,0.0,0.0,0.0,0.0,0.0,0.0
362,362,13,29,3,4,3,0.1254901960784313,0.0,0.0,1.0,0.0,0.0,0.0,0.0,0.0
363,363,13,29,4,5,1,0.788235294117647,0.0,0.0,0.0,1.0,0.0,0.0,0.0,0.0
364,364,13,30,1,2,2,0.576470588235294,1.0,0.0,0.0,0.0,0.0,0.0,0.0,0.0
365,365,13,30,3,4,1,0.788235294117647,0.0,0.0,1.0,0.0,0.0,0.0,0.0,0.0
366,366,13,33,2,3,5,0.2549019607843137,0.0,1.0,0.0,0.0,0.0,0.0,0.0,0.0
367,367,13,34,1,2,5,0.2549019607843137,1.0,0.0,0.0,0.0,0.0,0.0,0.0,0.0
368,368,13,34,2,3,4,0.2117647058823529,0.0,1.0,0.0,0.0,0.0,0.0,0.0,0.0
369,369,13,35,1,2,4,0.2117647058823529,1.0,0.0,0.0,0.0,0.0,0.0,0.0,0.0
370,370,13,35,2,3,8,0.2705882352941175,0.0,1.0,0.0,0.0,0.0,0.0,0.0,0.0
371,371,13,35,4,5,6,0.3137254901960783,0.0,0.0,0.0,1.0,0.0,0.0,0.0,0.0
372,372,13,36,1,2,8,0.2705882352941175,1.0,0.0,0.0,0.0,0.0,0.0,0.0,0.0
373,373,13,36,2,3,6,0.2980392156862745,0.0,1.0,0.0,0.0,0.0,0.0,0.0,0.0
374,374,13,36,3,4,6,0.3137254901960783,0.0,0.0,1.0,0.0,0.0,0.0,0.0,0.0
375,375,13,36,4,5,7,0.3294117647058823,0.0,0.0,0.0,1.0,0.0,0.0,0.0,0.0
376,376,13,37,1,2,6,0.2980392156862745,1.0,0.0,0.0,0.0,0.0,0.0,0.0,0.0
377,377,13,37,2,3,8,0.3058823529411764,0.0,1.0,0.0,0.0,0.0,0.0,0.0,0.0
378,378,13,37,3,4,7,0.3294117647058823,0.0,0.0,1.0,0.0,0.0,0.0,0.0,0.0
379,379,13,37,4,5,8,0.3450980392156862,0.0,0.0,0.0,1.0,0.0,0.0,0.0,0.0
380,380,13,38,1,2,8,0.3058823529411764,1.0,0.0,0.0,0.0,0.0,0.0,0.0,0.0
381,381,13,38,2,3,5,0.3098039215686274,0.0,1.0,0.0,0.0,0.0,0.0,0.0,0.0
382,382,13,38,3,4,8,0.3450980392156862,0.0,0.0,1.0,0.0,0.0,0.0,0.0,0.0
383,383,13,39,1,2,5,0.3098039215686274,1.0,0.0,0.0,0.0,0.0,0.0,0.0,0.0
384,384,13,39,4,5,6,0.3647058823529411,0.0,0.0,0.0,1.0,0.0,0.0,0.0,0.0
385,385,13,40,2,3,6,0.6470588235294118,0.0,1.0,0.0,0.0,0.0,0.0,0.0,0.0
386,386,13,40,3,4,6,0.3647058823529411,0.0,0.0,1.0,0.0,0.0,0.0,0.0,0.0
387,387,13,40,4,5,4,0.7450980392156864,0.0,0.0,0.0,1.0,0.0,0.0,0.0,0.0
388,388,13,41,1,2,6,0.6470588235294118,1.0,0.0,0.0,0.0,0.0,0.0,0.0,0.0
389,389,13,41,2,3,4,0.5568627450980391,0.0,1.0,0.0,0.0,0.0,0.0,0.0,0.0
390,390,13,41,3,4,4,0.7450980392156864,0.0,0.0,1.0,0.0,0.0,0.0,0.0,0.0
391,391,13,41,4,5,5,0.4431372549019607,0.0,0.0,0.0,1.0,0.0,0.0,0.0,0.0
392,392,13,42,1,2,4,0.5568627450980391,1.0,0.0,0.0,0.0,0.0,0.0,0.0,0.0
393,393,13,42,2,3,5,0.2352941176470588,0.0,1.0,0.0,0.0,0.0,0.0,0.0,0.0
394,394,13,42,3,4,5,0.4431372549019607,0.0,0.0,1.0,0.0,0.0,0.0,0.0,0.0
395,395,13,42,4,5,3,0.2901960784313725,0.0,0.0,0.0,1.0,0.0,0.0,0.0,0.0
396,396,13,43,1,2,5,0.2352941176470588,1.0,0.0,0.0,0.0,0.0,0.0,0.0,0.0
397,397,13,43,3,4,3,0.2901960784313725,0.0,0.0,1.0,0.0,0.0,0.0,0.0,0.0
398,398,13,43,4,5,3,0.2941176470588234,0.0,0.0,0.0,1.0,0.0,0.0,0.0,0.0
399,399,13,44,3,4,3,0.2941176470588234,0.0,0.0,1.0,0.0,0.0,0.0,0.0,0.0
400,400,13,45,2,3,4,0.6627450980392156,0.0,1.0,0.0,0.0,0.0,0.0,0.0,0.0
401,401,13,46,1,2,4,0.6627450980392156,1.0,0.0,0.0,0.0,0.0,0.0,0.0,0.0
402,402,13,51,4,5,8,0.9647058823529412,0.0,0.0,0.0,1.0,0.0,0.0,0.0,0.0
403,403,13,52,2,3,2,0.4745098039215686,0.0,1.0,0.0,0.0,0.0,0.0,0.0,0.0
404,404,13,52,3,4,8,0.9647058823529412,0.0,0.0,1.0,0.0,0.0,0.0,0.0,0.0
405,405,13,53,1,2,2,0.4745098039215686,1.0,0.0,0.0,0.0,0.0,0.0,0.0,0.0
406,406,13,54,2,3,26,0.1058823529411764,0.0,1.0,0.0,0.0,0.0,0.0,0.0,0.0
407,407,13,55,1,2,26,0.1058823529411764,1.0,0.0,0.0,0.0,0.0,0.0,0.0,0.0
408,408,13,66,4,5,3,0.8431372549019607,0.0,0.0,0.0,1.0,0.0,0.0,0.0,0.0
409,409,13,67,3,4,3,0.8431372549019607,0.0,0.0,1.0,0.0,0.0,0.0,0.0,0.0
410,410,13,67,4,5,6,0.8823529411764706,0.0,0.0,0.0,1.0,0.0,0.0,0.0,0.0
411,411,13,68,3,4,6,0.8823529411764706,0.0,0.0,1.0,0.0,0.0,0.0,0.0,0.0
412,412,13,68,4,5,5,0.1568627450980392,0.0,0.0,0.0,1.0,0.0,0.0,0.0,0.0
413,413,13,69,3,4,5,0.1568627450980392,0.0,0.0,1.0,0.0,0.0,0.0,0.0,0.0
414,414,13,73,2,3,2,0.388235294117647,0.0,1.0,0.0,0.0,0.0,0.0,0.0,0.0
415,415,13,73,4,5,2,0.6117647058823529,0.0,0.0,0.0,1.0,0.0,0.0,0.0,0.0
416,416,13,74,1,2,2,0.388235294117647,1.0,0.0,0.0,0.0,0.0,0.0,0.0,0.0
417,417,13,74,3,4,2,0.6117647058823529,0.0,0.0,1.0,0.0,0.0,0.0,0.0,0.0
418,418,13,77,4,5,3,0.1764705882352941,0.0,0.0,0.0,1.0,0.0,0.0,0.0,0.0
419,419,13,78,3,4,3,0.1764705882352941,0.0,0.0,1.0,0.0,0.0,0.0,0.0,0.0
420,420,13,81,2,3,39,0.1137254901960784,0.0,1.0,0.0,0.0,0.0,0.0,0.0,0.0
421,421,13,82,1,2,39,0.1137254901960784,1.0,0.0,0.0,0.0,0.0,0.0,0.0,0.0
422,422,13,82,2,3,159,0.1176470588235294,0.0,1.0,0.0,0.0,0.0,0.0,0.0,0.0
423,423,13,83,1,2,159,0.1176470588235294,1.0,0.0,0.0,0.0,0.0,0.0,0.0,0.0
424,424,13,91,2,3,6,0.5019607843137254,0.0,1.0,0.0,0.0,0.0,0.0,0.0,0.0
425,425,13,92,1,2,6,0.5019607843137254,1.0,0.0,0.0,0.0,0.0,0.0,0.0,0.0
426,426,13,92,2,3,7,0.992156862745098,0.0,1.0,0.0,0.0,0.0,0.0,0.0,0.0
427,427,13,93,1,2,7,0.992156862745098,1.0,0.0,0.0,0.0,0.0,0.0,0.0,0.0
428,428,14,10,4,5,7,0.3960784313725489,0.0,0.0,0.0,1.0,0.0,0.0,0.0,0.0
429,429,14,11,3,4,7,0.3960784313725489,0.0,0.0,1.0,0.0,0.0,0.0,0.0,0.0
430,430,14,18,2,3,2,0.6666666666666666,0.0,1.0,0.0,0.0,0.0,0.0,0.0,0.0
431,431,14,19,1,2,2,0.6666666666666666,1.0,0.0,0.0,0.0,0.0,0.0,0.0,0.0
432,432,14,19,4,5,2,0.9764705882352942,0.0,0.0,0.0,1.0,0.0,0.0,0.0,0.0
433,433,14,20,3,4,2,0.9764705882352942,0.0,0.0,1.0,0.0,0.0,0.0,0.0,0.0
434,434,14,23,2,3,2,0.6705882352941174,0.0,1.0,0.0,0.0,0.0,0.0,0.0,0.0
435,435,14,23,4,5,2,0.4588235294117646,0.0,0.0,0.0,1.0,0.0,0.0,0.0,0.0
436,436,14,24,1,2,2,0.6705882352941174,1.0,0.0,0.0,0.0,0.0,0.0,0.0,0.0
437,437,14,24,3,4,2,0.4588235294117646,0.0,0.0,1.0,0.0,0.0,0.0,0.0,0.0
438,438,14,28,2,3,3,0.1254901960784313,0.0,1.0,0.0,0.0,0.0,0.0,0.0,0.0
439,439,14,29,1,2,3,0.1254901960784313,1.0,0.0,0.0,0.0,0.0,0.0,0.0,0.0
440,440,14,29,2,3,1,0.788235294117647,0.0,1.0,0.0,0.0,0.0,0.0,0.0,0.0
441,441,14,30,1,2,1,0.788235294117647,1.0,0.0,0.0,0.0,0.0,0.0,0.0,0.0
442,442,14,30,4,5,1,0.9294117647058824,0.0,0.0,0.0,1.0,0.0,0.0,0.0,0.0
443,443,14,31,3,4,1,0.9294117647058824,0.0,0.0,1.0,0.0,0.0,0.0,0.0,0.0
444,444,14,31,4,5,3,0.3176470588235293,0.0,0.0,0.0,1.0,0.0,0.0,0.0,0.0
445,445,14,32,3,4,3,0.3176470588235293,0.0,0.0,1.0,0.0,0.0,0.0,0.0,0.0
446,446,14,33,4,5,4,0.3019607843137254,0.0,0.0,0.0,1.0,0.0,0.0,0.0,0.0
447,447,14,34,3,4,4,0.3019607843137254,0.0,0.0,1.0,0.0,0.0,0.0,0.0,0.0
448,448,14,35,2,3,6,0.3137254901960783,0.0,1.0,0.0,0.0,0.0,0.0,0.0,0.0
449,449,14,36,1,2,6,0.3137254901960783,1.0,0.0,0.0,0.0,0.0,0.0,0.0,0.0
450,450,14,36,2,3,7,0.3294117647058823,0.0,1.0,0.0,0.0,0.0,0.0,0.0,0.0
451,451,14,37,1,2,7,0.3294117647058823,1.0,0.0,0.0,0.0,0.0,0.0,0.0,0.0
452,452,14,37,2,3,8,0.3450980392156862,0.0,1.0,0.0,0.0,0.0,0.0,0.0,0.0
453,453,14,37,4,5,3,0.4,0.0,0.0,0.0,1.0,0.0,0.0,0.0,0.0
454,454,14,38,1,2,8,0.3450980392156862,1.0,0.0,0.0,0.0,0.0,0.0,0.0,0.0
455,455,14,38,3,4,3,0.4,0.0,0.0,1.0,0.0,0.0,0.0,0.0,0.0
456,456,14,39,2,3,6,0.3647058823529411,0.0,1.0,0.0,0.0,0.0,0.0,0.0,0.0
457,457,14,40,1,2,6,0.3647058823529411,1.0,0.0,0.0,0.0,0.0,0.0,0.0,0.0
458,458,14,40,2,3,4,0.7450980392156864,0.0,1.0,0.0,0.0,0.0,0.0,0.0,0.0
459,459,14,40,4,5,3,0.76078431372549,0.0,0.0,0.0,1.0,0.0,0.0,0.0,0.0
460,460,14,41,1,2,4,0.7450980392156864,1.0,0.0,0.0,0.0,0.0,0.0,0.0,0.0
461,461,14,41,2,3,5,0.4431372549019607,0.0,1.0,0.0,0.0,0.0,0.0,0.0,0.0
462,462,14,41,3,4,3,0.76078431372549,0.0,0.0,1.0,0.0,0.0,0.0,0.0,0.0
463,463,14,42,1,2,5,0.4431372549019607,1.0,0.0,0.0,0.0,0.0,0.0,0.0,0.0
464,464,14,42,2,3,3,0.2901960784313725,0.0,1.0,0.0,0.0,0.0,0.0,0.0,0.0
465,465,14,43,1,2,3,0.2901960784313725,1.0,0.0,0.0,0.0,0.0,0.0,0.0,0.0
466,466,14,43,2,3,3,0.2941176470588234,0.0,1.0,0.0,0.0,0.0,0.0,0.0,0.0
467,467,14,44,1,2,3,0.2941176470588234,1.0,0.0,0.0,0.0,0.0,0.0,0.0,0.0
468,468,14,45,4,5,1,0.2274509803921568,0.0,0.0,0.0,1.0,0.0,0.0,0.0,0.0
469,469,14,46,3,4,1,0.2274509803921568,0.0,0.0,1.0,0.0,0.0,0.0,0.0,0.0
470,470,14,46,4,5,7,0.2784313725490196,0.0,0.0,0.0,1.0,0.0,0.0,0.0,0.0
471,471,14,47,3,4,7,0.2784313725490196,0.0,0.0,1.0,0.0,0.0,0.0,0.0,0.0
472,472,14,51,2,3,8,0.9647058823529412,0.0,1.0,0.0,0.0,0.0,0.0,0.0,0.0
473,473,14,51,4,5,1,0.8235294117647057,0.0,0.0,0.0,1.0,0.0,0.0,0.0,0.0
474,474,14,52,1,2,8,0.9647058823529412,1.0,0.0,0.0,0.0,0.0,0.0,0.0,0.0
475,475,14,52,3,4,1,0.8235294117647057,0.0,0.0,1.0,0.0,0.0,0.0,0.0,0.0
476,476,14,52,4,5,3,0.1450980392156862,0.0,0.0,0.0,1.0,0.0,0.0,0.0,0.0
477,477,14,53,3,4,3,0.1450980392156862,0.0,0.0,1.0,0.0,0.0,0.0,0.0,0.0
478,478,14,58,4,5,3,0.4980392156862745,0.0,0.0,0.0,1.0,0.0,0.0,0.0,0.0
479,479,14,59,3,4,3,0.4980392156862745,0.0,0.0,1.0,0.0,0.0,0.0,0.0,0.0
480,480,14,59,4,5,7,0.4862745098039216,0.0,0.0,0.0,1.0,0.0,0.0,0.0,0.0
481,481,14,60,3,4,7,0.4862745098039216,0.0,0.0,1.0,0.0,0.0,0.0,0.0,0.0
482,482,14,64,4,5,2,0.4705882352941177,0.0,0.0,0.0,1.0,0.0,0.0,0.0,0.0
483,483,14,65,3,4,2,0.4705882352941177,0.0,0.0,1.0,0.0,0.0,0.0,0.0,0.0
484,484,14,65,4,5,2,0.5529411764705882,0.0,0.0,0.0,1.0,0.0,0.0,0.0,0.0
485,485,14,66,2,3,3,0.8431372549019607,0.0,1.0,0.0,0.0,0.0,0.0,0.0,0.0
486,486,14,66,3,4,2,0.5529411764705882,0.0,0.0,1.0,0.0,0.0,0.0,0.0,0.0
487,487,14,67,1,2,3,0.8431372549019607,1.0,0.0,0.0,0.0,0.0,0.0,0.0,0.0
488,488,14,67,2,3,6,0.8823529411764706,0.0,1.0,0.0,0.0,0.0,0.0,0.0,0.0
489,489,14,68,1,2,6,0.8823529411764706,1.0,0.0,0.0,0.0,0.0,0.0,0.0,0.0
490,490,14,68,2,3,5,0.1568627450980392,0.0,1.0,0.0,0.0,0.0,0.0,0.0,0.0
491,491,14,69,1,2,5,0.1568627450980392,1.0,0.0,0.0,0.0,0.0,0.0,0.0,0.0
492,492,14,72,4,5,3,0.1411764705882352,0.0,0.0,0.0,1.0,0.0,0.0,0.0,0.0
493,493,14,73,2,3,2,0.6117647058823529,0.0,1.0,0.0,0.0,0.0,0.0,0.0,0.0
494,494,14,73,3,4,3,0.1411764705882352,0.0,0.0,1.0,0.0,0.0,0.0,0.0,0.0
495,495,14,74,1,2,2,0.6117647058823529,1.0,0.0,0.0,0.0,0.0,0.0,0.0,0.0
496,496,14,77,2,3,3,0.1764705882352941,0.0,1.0,0.0,0.0,0.0,0.0,0.0,0.0
497,497,14,78,1,2,3,0.1764705882352941,1.0,0.0,0.0,0.0,0.0,0.0,0.0,0.0
498,498,14,82,4,5,2,0.1803921568627451,0.0,0.0,0.0,1.0,0.0,0.0,0.0,0.0
499,499,14,83,3,4,2,0.1803921568627451,0.0,0.0,1.0,0.0,0.0,0.0,0.0,0.0
500,500,14,84,4,5,4,0.4078431372549019,0.0,0.0,0.0,1.0,0.0,0.0,0.0,0.0
501,501,14,85,3,4,4,0.4078431372549019,0.0,0.0,1.0,0.0,0.0,0.0,0.0,0.0
502,502,14,85,4,5,4,0.3254901960784313,0.0,0.0,0.0,1.0,0.0,0.0,0.0,0.0
503,503,14,86,3,4,4,0.3254901960784313,0.0,0.0,1.0,0.0,0.0,0.0,0.0,0.0
504,504,14,86,4,5,1,0.1333333333333333,0.0,0.0,0.0,1.0,0.0,0.0,0.0,0.0
505,505,14,87,3,4,1,0.1333333333333333,0.0,0.0,1.0,0.0,0.0,0.0,0.0,0.0
506,506,15,9,4,5,3,0.9176470588235291,0.0,0.0,0.0,1.0,0.0,0.0,0.0,0.0
507,507,15,10,2,3,7,0.3960784313725489,0.0,1.0,0.0,0.0,0.0,0.0,0.0,0.0
508,508,15,10,3,4,3,0.9176470588235291,0.0,0.0,1.0,0.0,0.0,0.0,0.0,0.0
509,509,15,10,4,5,2,0.2196078431372549,0.0,0.0,0.0,1.0,0.0,0.0,0.0,0.0
510,510,15,11,1,2,7,0.3960784313725489,1.0,0.0,0.0,0.0,0.0,0.0,0.0,0.0
511,511,15,11,3,4,2,0.2196078431372549,0.0,0.0,1.0,0.0,0.0,0.0,0.0,0.0
512,512,15,19,2,3,2,0.9764705882352942,0.0,1.0,0.0,0.0,0.0,0.0,0.0,0.0
513,513,15,19,4,5,1,0.7294117647058823,0.0,0.0,0.0,1.0,0.0,0.0,0.0,0.0
514,514,15,20,1,2,2,0.9764705882352942,1.0,0.0,0.0,0.0,0.0,0.0,0.0,0.0
515,515,15,20,3,4,1,0.7294117647058823,0.0,0.0,1.0,0.0,0.0,0.0,0.0,0.0
516,516,15,23,2,3,2,0.4588235294117646,0.0,1.0,0.0,0.0,0.0,0.0,0.0,0.0
517,517,15,23,4,5,6,0.2745098039215686,0.0,0.0,0.0,1.0,0.0,0.0,0.0,0.0
518,518,15,24,1,2,2,0.4588235294117646,1.0,0.0,0.0,0.0,0.0,0.0,0.0,0.0
519,519,15,24,3,4,6,0.2745098039215686,0.0,0.0,1.0,0.0,0.0,0.0,0.0,0.0
520,520,15,28,4,5,7,0.4392156862745097,0.0,0.0,0.0,1.0,0.0,0.0,0.0,0.0
521,521,15,29,3,4,7,0.4392156862745097,0.0,0.0,1.0,0.0,0.0,0.0,0.0,0.0
522,522,15,30,2,3,1,0.9294117647058824,0.0,1.0,0.0,0.0,0.0,0.0,0.0,0.0
523,523,15,30,4,5,3,0.5686274509803921,0.0,0.0,0.0,1.0,0.0,0.0,0.0,0.0
524,524,15,31,1,2,1,0.9294117647058824,1.0,0.0,0.0,0.0,0.0,0.0,0.0,0.0
525,525,15,31,2,3,3,0.3176470588235293,0.0,1.0,0.0,0.0,0.0,0.0,0.0,0.0
526,526,15,31,3,4,3,0.5686274509803921,0.0,0.0,1.0,0.0,0.0,0.0,0.0,0.0
527,527,15,32,1,2,3,0.3176470588235293,1.0,0.0,0.0,0.0,0.0,0.0,0.0,0.0
528,528,15,33,2,3,4,0.3019607843137254,0.0,1.0,0.0,0.0,0.0,0.0,0.0,0.0
529,529,15,34,1,2,4,0.3019607843137254,1.0,0.0,0.0,0.0,0.0,0.0,0.0,0.0
530,530,15,34,4,5,1,0.3529411764705882,0.0,0.0,0.0,1.0,0.0,0.0,0.0,0.0
531,531,15,35,3,4,1,0.3529411764705882,0.0,0.0,1.0,0.0,0.0,0.0,0.0,0.0
532,532,15,36,4,5,4,0.4274509803921567,0.0,0.0,0.0,1.0,0.0,0.0,0.0,0.0
533,533,15,37,2,3,3,0.4,0.0,1.0,0.0,0.0,0.0,0.0,0.0,0.0
534,534,15,37,3,4,4,0.4274509803921567,0.0,0.0,1.0,0.0,0.0,0.0,0.0,0.0
535,535,15,38,1,2,3,0.4,1.0,0.0,0.0,0.0,0.0,0.0,0.0,0.0
536,536,15,38,4,5,4,0.415686274509804,0.0,0.0,0.0,1.0,0.0,0.0,0.0,0.0
537,537,15,39,3,4,4,0.415686274509804,0.0,0.0,1.0,0.0,0.0,0.0,0.0,0.0
538,538,15,39,4,5,2,0.6745098039215686,0.0,0.0,0.0,1.0,0.0,0.0,0.0,0.0
539,539,15,40,2,3,3,0.76078431372549,0.0,1.0,0.0,0.0,0.0,0.0,0.0,0.0
540,540,15,40,3,4,2,0.6745098039215686,0.0,0.0,1.0,0.0,0.0,0.0,0.0,0.0
541,541,15,40,4,5,2,0.7254901960784313,0.0,0.0,0.0,1.0,0.0,0.0,0.0,0.0
542,542,15,41,1,2,3,0.76078431372549,1.0,0.0,0.0,0.0,0.0,0.0,0.0,0.0
543,543,15,41,3,4,2,0.7254901960784313,0.0,0.0,1.0,0.0,0.0,0.0,0.0,0.0
544,544,15,45,2,3,1,0.2274509803921568,0.0,1.0,0.0,0.0,0.0,0.0,0.0,0.0
545,545,15,46,1,2,1,0.2274509803921568,1.0,0.0,0.0,0.0,0.0,0.0,0.0,0.0
546,546,15,46,2,3,7,0.2784313725490196,0.0,1.0,0.0,0.0,0.0,0.0,0.0,0.0
547,547,15,46,4,5,2,0.188235294117647,0.0,0.0,0.0,1.0,0.0,0.0,0.0,0.0
548,548,15,47,1,2,7,0.2784313725490196,1.0,0.0,0.0,0.0,0.0,0.0,0.0,0.0
549,549,15,47,3,4,2,0.188235294117647,0.0,0.0,1.0,0.0,0.0,0.0,0.0,0.0
550,550,15,47,4,5,4,0.5372549019607842,0.0,0.0,0.0,1.0,0.0,0.0,0.0,0.0
551,551,15,48,3,4,4,0.5372549019607842,0.0,0.0,1.0,0.0,0.0,0.0,0.0,0.0
552,552,15,51,2,3,1,0.8235294117647057,0.0,1.0,0.0,0.0,0.0,0.0,0.0,0.0
553,553,15,51,4,5,2,0.6274509803921569,0.0,0.0,0.0,1.0,0.0,0.0,0.0,0.0
554,554,15,52,1,2,1,0.8235294117647057,1.0,0.0,0.0,0.0,0.0,0.0,0.0,0.0
555,555,15,52,2,3,3,0.1450980392156862,0.0,1.0,0.0,0.0,0.0,0.0,0.0,0.0
556,556,15,52,3,4,2,0.6274509803921569,0.0,0.0,1.0,0.0,0.0,0.0,0.0,0.0
557,557,15,53,1,2,3,0.1450980392156862,1.0,0.0,0.0,0.0,0.0,0.0,0.0,0.0
558,558,15,58,2,3,3,0.4980392156862745,0.0,1.0,0.0,0.0,0.0,0.0,0.0,0.0
559,559,15,59,1,2,3,0.4980392156862745,1.0,0.0,0.0,0.0,0.0,0.0,0.0,0.0
560,560,15,59,2,3,7,0.4862745098039216,0.0,1.0,0.0,0.0,0.0,0.0,0.0,0.0
561,561,15,60,1,2,7,0.4862745098039216,1.0,0.0,0.0,0.0,0.0,0.0,0.0,0.0
562,562,15,64,2,3,2,0.4705882352941177,0.0,1.0,0.0,0.0,0.0,0.0,0.0,0.0
563,563,15,65,1,2,2,0.4705882352941177,1.0,0.0,0.0,0.0,0.0,0.0,0.0,0.0
564,564,15,65,2,3,2,0.5529411764705882,0.0,1.0,0.0,0.0,0.0,0.0,0.0,0.0
565,565,15,66,1,2,2,0.5529411764705882,1.0,0.0,0.0,0.0,0.0,0.0,0.0,0.0
566,566,15,67,4,5,5,0.4313725490196078,0.0,0.0,0.0,1.0,0.0,0.0,0.0,0.0
567,567,15,68,3,4,5,0.4313725490196078,0.0,0.0,1.0,0.0,0.0,0.0,0.0,0.0
568,568,15,72,2,3,3,0.1411764705882352,0.0,1.0,0.0,0.0,0.0,0.0,0.0,0.0
569,569,15,73,1,2,3,0.1411764705882352,1.0,0.0,0.0,0.0,0.0,0.0,0.0,0.0
570,570,15,75,4,5,4,0.4235294117647058,0.0,0.0,0.0,1.0,0.0,0.0,0.0,0.0
571,571,15,76,3,4,4,0.4235294117647058,0.0,0.0,1.0,0.0,0.0,0.0,0.0,0.0
572,572,15,82,2,3,2,0.1803921568627451,0.0,1.0,0.0,0.0,0.0,0.0,0.0,0.0
573,573,15,83,1,2,2,0.1803921568627451,1.0,0.0,0.0,0.0,0.0,0.0,0.0,0.0
574,574,15,84,2,3,4,0.4078431372549019,0.0,1.0,0.0,0.0,0.0,0.0,0.0,0.0
575,575,15,85,1,2,4,0.4078431372549019,1.0,0.0,0.0,0.0,0.0,0.0,0.0,0.0
576,576,15,85,2,3,4,0.3254901960784313,0.0,1.0,0.0,0.0,0.0,0.0,0.0,0.0
577,577,15,86,1,2,4,0.3254901960784313,1.0,0.0,0.0,0.0,0.0,0.0,0.0,0.0
578,578,15,86,2,3,1,0.1333333333333333,0.0,1.0,0.0,0.0,0.0,0.0,0.0,0.0
579,579,15,86,4,5,3,0.7372549019607842,0.0,0.0,0.0,1.0,0.0,0.0,0.0,0.0
580,580,15,87,1,2,1,0.1333333333333333,1.0,0.0,0.0,0.0,0.0,0.0,0.0,0.0
581,581,15,87,3,4,3,0.7372549019607842,0.0,0.0,1.0,0.0,0.0,0.0,0.0,0.0
582,582,16,9,2,3,3,0.9176470588235291,0.0,1.0,0.0,0.0,0.0,0.0,0.0,0.0
583,583,16,10,1,2,3,0.9176470588235291,1.0,0.0,0.0,0.0,0.0,0.0,0.0,0.0
584,584,16,10,2,3,2,0.2196078431372549,0.0,1.0,0.0,0.0,0.0,0.0,0.0,0.0
585,585,16,11,1,2,2,0.2196078431372549,1.0,0.0,0.0,0.0,0.0,0.0,0.0,0.0
586,586,16,19,2,3,1,0.7294117647058823,0.0,1.0,0.0,0.0,0.0,0.0,0.0,0.0
587,587,16,19,4,5,2,0.380392156862745,0.0,0.0,0.0,1.0,0.0,0.0,0.0,0.0
588,588,16,20,1,2,1,0.7294117647058823,1.0,0.0,0.0,0.0,0.0,0.0,0.0,0.0
589,589,16,20,3,4,2,0.380392156862745,0.0,0.0,1.0,0.0,0.0,0.0,0.0,0.0
590,590,16,22,4,5,1,0.8078431372549019,0.0,0.0,0.0,1.0,0.0,0.0,0.0,0.0
591,591,16,23,2,3,6,0.2745098039215686,0.0,1.0,0.0,0.0,0.0,0.0,0.0,0.0
592,592,16,23,3,4,1,0.8078431372549019,0.0,0.0,1.0,0.0,0.0,0.0,0.0,0.0
593,593,16,23,4,5,1,0.1372549019607843,0.0,0.0,0.0,1.0,0.0,0.0,0.0,0.0
594,594,16,24,1,2,6,0.2745098039215686,1.0,0.0,0.0,0.0,0.0,0.0,0.0,0.0
595,595,16,24,3,4,1,0.1372549019607843,0.0,0.0,1.0,0.0,0.0,0.0,0.0,0.0
596,596,16,28,2,3,7,0.4392156862745097,0.0,1.0,0.0,0.0,0.0,0.0,0.0,0.0
597,597,16,28,4,5,1,0.6549019607843137,0.0,0.0,0.0,1.0,0.0,0.0,0.0,0.0
598,598,16,29,1,2,7,0.4392156862745097,1.0,0.0,0.0,0.0,0.0,0.0,0.0,0.0
599,599,16,29,3,4,1,0.6549019607843137,0.0,0.0,1.0,0.0,0.0,0.0,0.0,0.0
600,600,16,30,2,3,3,0.5686274509803921,0.0,1.0,0.0,0.0,0.0,0.0,0.0,0.0
601,601,16,31,1,2,3,0.5686274509803921,1.0,0.0,0.0,0.0,0.0,0.0,0.0,0.0
602,602,16,34,2,3,1,0.3529411764705882,0.0,1.0,0.0,0.0,0.0,0.0,0.0,0.0
603,603,16,34,4,5,3,0.3568627450980392,0.0,0.0,0.0,1.0,0.0,0.0,0.0,0.0
604,604,16,35,1,2,1,0.3529411764705882,1.0,0.0,0.0,0.0,0.0,0.0,0.0,0.0
605,605,16,35,3,4,3,0.3568627450980392,0.0,0.0,1.0,0.0,0.0,0.0,0.0,0.0
606,606,16,36,2,3,4,0.4274509803921567,0.0,1.0,0.0,0.0,0.0,0.0,0.0,0.0
607,607,16,37,1,2,4,0.4274509803921567,1.0,0.0,0.0,0.0,0.0,0.0,0.0,0.0
608,608,16,38,2,3,4,0.415686274509804,0.0,1.0,0.0,0.0,0.0,0.0,0.0,0.0
609,609,16,38,4,5,2,0.5490196078431373,0.0,0.0,0.0,1.0,0.0,0.0,0.0,0.0
610,610,16,39,1,2,4,0.415686274509804,1.0,0.0,0.0,0.0,0.0,0.0,0.0,0.0
611,611,16,39,2,3,2,0.6745098039215686,0.0,1.0,0.0,0.0,0.0,0.0,0.0,0.0
612,612,16,39,3,4,2,0.5490196078431373,0.0,0.0,1.0,0.0,0.0,0.0,0.0,0.0
613,613,16,40,1,2,2,0.6745098039215686,1.0,0.0,0.0,0.0,0.0,0.0,0.0,0.0
614,614,16,40,2,3,2,0.7254901960784313,0.0,1.0,0.0,0.0,0.0,0.0,0.0,0.0
615,615,16,40,4,5,6,0.7137254901960784,0.0,0.0,0.0,1.0,0.0,0.0,0.0,0.0
616,616,16,41,1,2,2,0.7254901960784313,1.0,0.0,0.0,0.0,0.0,0.0,0.0,0.0
617,617,16,41,3,4,6,0.7137254901960784,0.0,0.0,1.0,0.0,0.0,0.0,0.0,0.0
618,618,16,41,4,5,4,0.4196078431372549,0.0,0.0,0.0,1.0,0.0,0.0,0.0,0.0
619,619,16,42,3,4,4,0.4196078431372549,0.0,0.0,1.0,0.0,0.0,0.0,0.0,0.0
620,620,16,44,4,5,2,0.3333333333333333,0.0,0.0,0.0,1.0,0.0,0.0,0.0,0.0
621,621,16,45,3,4,2,0.3333333333333333,0.0,0.0,1.0,0.0,0.0,0.0,0.0,0.0
622,622,16,46,2,3,2,0.188235294117647,0.0,1.0,0.0,0.0,0.0,0.0,0.0,0.0
623,623,16,47,1,2,2,0.188235294117647,1.0,0.0,0.0,0.0,0.0,0.0,0.0,0.0
624,624,16,47,2,3,4,0.5372549019607842,0.0,1.0,0.0,0.0,0.0,0.0,0.0,0.0
625,625,16,48,1,2,4,0.5372549019607842,1.0,0.0,0.0,0.0,0.0,0.0,0.0,0.0
626,626,16,48,4,5,3,0.9137254901960784,0.0,0.0,0.0,1.0,0.0,0.0,0.0,0.0
627,627,16,49,3,4,3,0.9137254901960784,0.0,0.0,1.0,0.0,0.0,0.0,0.0,0.0
628,628,16,51,2,3,2,0.6274509803921569,0.0,1.0,0.0,0.0,0.0,0.0,0.0,0.0
629,629,16,52,1,2,2,0.6274509803921569,1.0,0.0,0.0,0.0,0.0,0.0,0.0,0.0
630,630,16,67,2,3,5,0.4313725490196078,0.0,1.0,0.0,0.0,0.0,0.0,0.0,0.0
631,631,16,67,4,5,1,0.2509803921568628,0.0,0.0,0.0,1.0,0.0,0.0,0.0,0.0
632,632,16,68,1,2,5,0.4313725490196078,1.0,0.0,0.0,0.0,0.0,0.0,0.0,0.0
633,633,16,68,3,4,1,0.2509803921568628,0.0,0.0,1.0,0.0,0.0,0.0,0.0,0.0
634,634,16,72,4,5,4,0.4627450980392157,0.0,0.0,0.0,1.0,0.0,0.0,0.0,0.0
635,635,16,73,3,4,4,0.4627450980392157,0.0,0.0,1.0,0.0,0.0,0.0,0.0,0.0
636,636,16,75,2,3,4,0.4235294117647058,0.0,1.0,0.0,0.0,0.0,0.0,0.0,0.0
637,637,16,76,1,2,4,0.4235294117647058,1.0,0.0,0.0,0.0,0.0,0.0,0.0,0.0
638,638,16,86,2,3,3,0.7372549019607842,0.0,1.0,0.0,0.0,0.0,0.0,0.0,0.0
639,639,16,87,1,2,3,0.7372549019607842,1.0,0.0,0.0,0.0,0.0,0.0,0.0,0.0
640,640,16,92,4,5,1,0.0235294117647058,0.0,0.0,0.0,1.0,0.0,0.0,0.0,0.0
641,641,16,93,3,4,1,0.0235294117647058,0.0,0.0,1.0,0.0,0.0,0.0,0.0,0.0
642,642,17,19,2,3,2,0.380392156862745,0.0,1.0,0.0,0.0,0.0,0.0,0.0,0.0
643,643,17,20,1,2,2,0.380392156862745,1.0,0.0,0.0,0.0,0.0,0.0,0.0,0.0
644,644,17,22,2,3,1,0.8078431372549019,0.0,1.0,0.0,0.0,0.0,0.0,0.0,0.0
645,645,17,23,1,2,1,0.8078431372549019,1.0,0.0,0.0,0.0,0.0,0.0,0.0,0.0
646,646,17,23,2,3,1,0.1372549019607843,0.0,1.0,0.0,0.0,0.0,0.0,0.0,0.0
647,647,17,24,1,2,1,0.1372549019607843,1.0,0.0,0.0,0.0,0.0,0.0,0.0,0.0
648,648,17,27,4,5,3,0.1529411764705882,0.0,0.0,0.0,1.0,0.0,0.0,0.0,0.0
649,649,17,28,2,3,1,0.6549019607843137,0.0,1.0,0.0,0.0,0.0,0.0,0.0,0.0
650,650,17,28,3,4,3,0.1529411764705882,0.0,0.0,1.0,0.0,0.0,0.0,0.0,0.0
651,651,17,29,1,2,1,0.6549019607843137,1.0,0.0,0.0,0.0,0.0,0.0,0.0,0.0
652,652,17,29,4,5,2,0.8941176470588236,0.0,0.0,0.0,1.0,0.0,0.0,0.0,0.0
653,653,17,30,3,4,2,0.8941176470588236,0.0,0.0,1.0,0.0,0.0,0.0,0.0,0.0
654,654,17,32,4,5,3,0.7333333333333331,0.0,0.0,0.0,1.0,0.0,0.0,0.0,0.0
655,655,17,33,3,4,3,0.7333333333333331,0.0,0.0,1.0,0.0,0.0,0.0,0.0,0.0
656,656,17,33,4,5,2,0.6784313725490196,0.0,0.0,0.0,1.0,0.0,0.0,0.0,0.0
657,657,17,34,2,3,3,0.3568627450980392,0.0,1.0,0.0,0.0,0.0,0.0,0.0,0.0
658,658,17,34,3,4,2,0.6784313725490196,0.0,0.0,1.0,0.0,0.0,0.0,0.0,0.0
659,659,17,35,1,2,3,0.3568627450980392,1.0,0.0,0.0,0.0,0.0,0.0,0.0,0.0
660,660,17,38,2,3,2,0.5490196078431373,0.0,1.0,0.0,0.0,0.0,0.0,0.0,0.0
661,661,17,39,1,2,2,0.5490196078431373,1.0,0.0,0.0,0.0,0.0,0.0,0.0,0.0
662,662,17,40,2,3,6,0.7137254901960784,0.0,1.0,0.0,0.0,0.0,0.0,0.0,0.0
663,663,17,40,4,5,1,0.7960784313725487,0.0,0.0,0.0,1.0,0.0,0.0,0.0,0.0
664,664,17,41,1,2,6,0.7137254901960784,1.0,0.0,0.0,0.0,0.0,0.0,0.0,0.0
665,665,17,41,2,3,4,0.4196078431372549,0.0,1.0,0.0,0.0,0.0,0.0,0.0,0.0
666,666,17,41,3,4,1,0.7960784313725487,0.0,0.0,1.0,0.0,0.0,0.0,0.0,0.0
667,667,17,42,1,2,4,0.4196078431372549,1.0,0.0,0.0,0.0,0.0,0.0,0.0,0.0
668,668,17,44,2,3,2,0.3333333333333333,0.0,1.0,0.0,0.0,0.0,0.0,0.0,0.0
669,669,17,45,1,2,2,0.3333333333333333,1.0,0.0,0.0,0.0,0.0,0.0,0.0,0.0
670,670,17,47,4,5,5,0.2156862745098039,0.0,0.0,0.0,1.0,0.0,0.0,0.0,0.0
671,671,17,48,2,3,3,0.9137254901960784,0.0,1.0,0.0,0.0,0.0,0.0,0.0,0.0
672,672,17,48,3,4,5,0.2156862745098039,0.0,0.0,1.0,0.0,0.0,0.0,0.0,0.0
673,673,17,48,4,5,3,0.7647058823529411,0.0,0.0,0.0,1.0,0.0,0.0,0.0,0.0
674,674,17,49,1,2,3,0.9137254901960784,1.0,0.0,0.0,0.0,0.0,0.0,0.0,0.0
675,675,17,49,3,4,3,0.7647058823529411,0.0,0.0,1.0,0.0,0.0,0.0,0.0,0.0
676,676,17,58,4,5,4,0.619607843137255,0.0,0.0,0.0,1.0,0.0,0.0,0.0,0.0
677,677,17,59,3,4,4,0.619607843137255,0.0,0.0,1.0,0.0,0.0,0.0,0.0,0.0
678,678,17,64,4,5,1,0.6509803921568628,0.0,0.0,0.0,1.0,0.0,0.0,0.0,0.0
679,679,17,65,3,4,1,0.6509803921568628,0.0,0.0,1.0,0.0,0.0,0.0,0.0,0.0
680,680,17,67,2,3,1,0.2509803921568628,0.0,1.0,0.0,0.0,0.0,0.0,0.0,0.0
681,681,17,68,1,2,1,0.2509803921568628,1.0,0.0,0.0,0.0,0.0,0.0,0.0,0.0
682,682,17,72,2,3,4,0.4627450980392157,0.0,1.0,0.0,0.0,0.0,0.0,0.0,0.0
683,683,17,73,1,2,4,0.4627450980392157,1.0,0.0,0.0,0.0,0.0,0.0,0.0,0.0
684,684,17,88,4,5,1,0.5607843137254902,0.0,0.0,0.0,1.0,0.0,0.0,0.0,0.0
685,685,17,89,3,4,1,0.5607843137254902,0.0,0.0,1.0,0.0,0.0,0.0,0.0,0.0
686,686,17,89,4,5,3,0.4823529411764706,0.0,0.0,0.0,1.0,0.0,0.0,0.0,0.0
687,687,17,90,3,4,3,0.4823529411764706,0.0,0.0,1.0,0.0,0.0,0.0,0.0,0.0
688,688,17,91,4,5,2,0.4941176470588236,0.0,0.0,0.0,1.0,0.0,0.0,0.0,0.0
689,689,17,92,2,3,1,0.0235294117647058,0.0,1.0,0.0,0.0,0.0,0.0,0.0,0.0
690,690,17,92,3,4,2,0.4941176470588236,0.0,0.0,1.0,0.0,0.0,0.0,0.0,0.0
691,691,17,93,1,2,1,0.0235294117647058,1.0,0.0,0.0,0.0,0.0,0.0,0.0,0.0
692,692,18,20,4,5,3,0.4470588235294117,0.0,0.0,0.0,1.0,0.0,0.0,0.0,0.0
693,693,18,21,3,4,3,0.4470588235294117,0.0,0.0,1.0,0.0,0.0,0.0,0.0,0.0
694,694,18,27,2,3,3,0.1529411764705882,0.0,1.0,0.0,0.0,0.0,0.0,0.0,0.0
695,695,18,28,1,2,3,0.1529411764705882,1.0,0.0,0.0,0.0,0.0,0.0,0.0,0.0
696,696,18,29,2,3,2,0.8941176470588236,0.0,1.0,0.0,0.0,0.0,0.0,0.0,0.0
697,697,18,30,1,2,2,0.8941176470588236,1.0,0.0,0.0,0.0,0.0,0.0,0.0,0.0
698,698,18,32,2,3,3,0.7333333333333331,0.0,1.0,0.0,0.0,0.0,0.0,0.0,0.0
699,699,18,33,1,2,3,0.7333333333333331,1.0,0.0,0.0,0.0,0.0,0.0,0.0,0.0
700,700,18,33,2,3,2,0.6784313725490196,0.0,1.0,0.0,0.0,0.0,0.0,0.0,0.0
701,701,18,33,4,5,1,0.5803921568627451,0.0,0.0,0.0,1.0,0.0,0.0,0.0,0.0
702,702,18,34,1,2,2,0.6784313725490196,1.0,0.0,0.0,0.0,0.0,0.0,0.0,0.0
703,703,18,34,3,4,1,0.5803921568627451,0.0,0.0,1.0,0.0,0.0,0.0,0.0,0.0
704,704,18,35,4,5,3,0.8509803921568627,0.0,0.0,0.0,1.0,0.0,0.0,0.0,0.0
705,705,18,36,3,4,3,0.8509803921568627,0.0,0.0,1.0,0.0,0.0,0.0,0.0,0.0
706,706,18,36,4,5,3,0.9725490196078432,0.0,0.0,0.0,1.0,0.0,0.0,0.0,0.0
707,707,18,37,3,4,3,0.9725490196078432,0.0,0.0,1.0,0.0,0.0,0.0,0.0,0.0
708,708,18,40,2,3,1,0.7960784313725487,0.0,1.0,0.0,0.0,0.0,0.0,0.0,0.0
709,709,18,41,1,2,1,0.7960784313725487,1.0,0.0,0.0,0.0,0.0,0.0,0.0,0.0
710,710,18,41,4,5,1,0.5921568627450979,0.0,0.0,0.0,1.0,0.0,0.0,0.0,0.0
711,711,18,42,3,4,1,0.5921568627450979,0.0,0.0,1.0,0.0,0.0,0.0,0.0,0.0
712,712,18,44,4,5,4,0.3607843137254901,0.0,0.0,0.0,1.0,0.0,0.0,0.0,0.0
713,713,18,45,3,4,4,0.3607843137254901,0.0,0.0,1.0,0.0,0.0,0.0,0.0,0.0
714,714,18,47,2,3,5,0.2156862745098039,0.0,1.0,0.0,0.0,0.0,0.0,0.0,0.0
715,715,18,48,1,2,5,0.2156862745098039,1.0,0.0,0.0,0.0,0.0,0.0,0.0,0.0
716,716,18,48,2,3,3,0.7647058823529411,0.0,1.0,0.0,0.0,0.0,0.0,0.0,0.0
717,717,18,49,1,2,3,0.7647058823529411,1.0,0.0,0.0,0.0,0.0,0.0,0.0,0.0
718,718,18,50,4,5,3,0.7686274509803923,0.0,0.0,0.0,1.0,0.0,0.0,0.0,0.0
719,719,18,51,3,4,3,0.7686274509803923,0.0,0.0,1.0,0.0,0.0,0.0,0.0,0.0
720,720,18,55,4,5,5,0.1215686274509804,0.0,0.0,0.0,1.0,0.0,0.0,0.0,0.0
721,721,18,56,3,4,5,0.1215686274509804,0.0,0.0,1.0,0.0,0.0,0.0,0.0,0.0
722,722,18,58,2,3,4,0.619607843137255,0.0,1.0,0.0,0.0,0.0,0.0,0.0,0.0
723,723,18,59,1,2,4,0.619607843137255,1.0,0.0,0.0,0.0,0.0,0.0,0.0,0.0
724,724,18,63,4,5,3,0.0392156862745098,0.0,0.0,0.0,1.0,0.0,0.0,0.0,0.0
725,725,18,64,2,3,1,0.6509803921568628,0.0,1.0,0.0,0.0,0.0,0.0,0.0,0.0
726,726,18,64,3,4,3,0.0392156862745098,0.0,0.0,1.0,0.0,0.0,0.0,0.0,0.0
727,727,18,65,1,2,1,0.6509803921568628,1.0,0.0,0.0,0.0,0.0,0.0,0.0,0.0
728,728,18,66,4,5,2,0.596078431372549,0.0,0.0,0.0,1.0,0.0,0.0,0.0,0.0
729,729,18,67,3,4,2,0.596078431372549,0.0,0.0,1.0,0.0,0.0,0.0,0.0,0.0
730,730,18,71,4,5,3,0.1725490196078431,0.0,0.0,0.0,1.0,0.0,0.0,0.0,0.0
731,731,18,72,3,4,3,0.1725490196078431,0.0,0.0,1.0,0.0,0.0,0.0,0.0,0.0
732,732,18,72,4,5,24,0.8862745098039215,0.0,0.0,0.0,1.0,0.0,0.0,0.0,0.0
733,733,18,73,3,4,24,0.8862745098039215,0.0,0.0,1.0,0.0,0.0,0.0,0.0,0.0
734,734,18,74,4,5,3,0.2627450980392157,0.0,0.0,0.0,1.0,0.0,0.0,0.0,0.0
735,735,18,75,3,4,3,0.2627450980392157,0.0,0.0,1.0,0.0,0.0,0.0,0.0,0.0
736,736,18,79,4,5,3,0.6352941176470586,0.0,0.0,0.0,1.0,0.0,0.0,0.0,0.0
737,737,18,80,3,4,3,0.6352941176470586,0.0,0.0,1.0,0.0,0.0,0.0,0.0,0.0
738,738,18,88,2,3,1,0.5607843137254902,0.0,1.0,0.0,0.0,0.0,0.0,0.0,0.0
739,739,18,89,1,2,1,0.5607843137254902,1.0,0.0,0.0,0.0,0.0,0.0,0.0,0.0
740,740,18,89,2,3,3,0.4823529411764706,0.0,1.0,0.0,0.0,0.0,0.0,0.0,0.0
741,741,18,90,1,2,3,0.4823529411764706,1.0,0.0,0.0,0.0,0.0,0.0,0.0,0.0
742,742,18,91,2,3,2,0.4941176470588236,0.0,1.0,0.0,0.0,0.0,0.0,0.0,0.0
743,743,18,92,1,2,2,0.4941176470588236,1.0,0.0,0.0,0.0,0.0,0.0,0.0,0.0
744,744,19,8,4,5,4,0.8745098039215687,0.0,0.0,0.0,1.0,0.0,0.0,0.0,0.0
745,745,19,9,3,4,4,0.8745098039215687,0.0,0.0,1.0,0.0,0.0,0.0,0.0,0.0
746,746,19,20,2,3,3,0.4470588235294117,0.0,1.0,0.0,0.0,0.0,0.0,0.0,0.0
747,747,19,21,1,2,3,0.4470588235294117,1.0,0.0,0.0,0.0,0.0,0.0,0.0,0.0
748,748,19,22,4,5,3,0.2588235294117646,0.0,0.0,0.0,1.0,0.0,0.0,0.0,0.0
749,749,19,23,3,4,3,0.2588235294117646,0.0,0.0,1.0,0.0,0.0,0.0,0.0,0.0
750,750,19,33,2,3,1,0.5803921568627451,0.0,1.0,0.0,0.0,0.0,0.0,0.0,0.0
751,751,19,33,4,5,1,0.3411764705882353,0.0,0.0,0.0,1.0,0.0,0.0,0.0,0.0
752,752,19,34,1,2,1,0.5803921568627451,1.0,0.0,0.0,0.0,0.0,0.0,0.0,0.0
753,753,19,34,3,4,1,0.3411764705882353,0.0,0.0,1.0,0.0,0.0,0.0,0.0,0.0
754,754,19,35,2,3,3,0.8509803921568627,0.0,1.0,0.0,0.0,0.0,0.0,0.0,0.0
755,755,19,35,4,5,3,0.5098039215686274,0.0,0.0,0.0,1.0,0.0,0.0,0.0,0.0
756,756,19,36,1,2,3,0.8509803921568627,1.0,0.0,0.0,0.0,0.0,0.0,0.0,0.0
757,757,19,36,2,3,3,0.9725490196078432,0.0,1.0,0.0,0.0,0.0,0.0,0.0,0.0
758,758,19,36,3,4,3,0.5098039215686274,0.0,0.0,1.0,0.0,0.0,0.0,0.0,0.0
759,759,19,36,4,5,4,0.8196078431372548,0.0,0.0,0.0,1.0,0.0,0.0,0.0,0.0
760,760,19,37,1,2,3,0.9725490196078432,1.0,0.0,0.0,0.0,0.0,0.0,0.0,0.0
761,761,19,37,3,4,4,0.8196078431372548,0.0,0.0,1.0,0.0,0.0,0.0,0.0,0.0
762,762,19,41,2,3,1,0.5921568627450979,0.0,1.0,0.0,0.0,0.0,0.0,0.0,0.0
763,763,19,42,1,2,1,0.5921568627450979,1.0,0.0,0.0,0.0,0.0,0.0,0.0,0.0
764,764,19,44,2,3,4,0.3607843137254901,0.0,1.0,0.0,0.0,0.0,0.0,0.0,0.0
765,765,19,45,1,2,4,0.3607843137254901,1.0,0.0,0.0,0.0,0.0,0.0,0.0,0.0
766,766,19,50,2,3,3,0.7686274509803923,0.0,1.0,0.0,0.0,0.0,0.0,0.0,0.0
767,767,19,50,4,5,3,0.564705882352941,0.0,0.0,0.0,1.0,0.0,0.0,0.0,0.0
768,768,19,51,1,2,3,0.7686274509803923,1.0,0.0,0.0,0.0,0.0,0.0,0.0,0.0
769,769,19,51,3,4,3,0.564705882352941,0.0,0.0,1.0,0.0,0.0,0.0,0.0,0.0
770,770,19,55,2,3,5,0.1215686274509804,0.0,1.0,0.0,0.0,0.0,0.0,0.0,0.0
771,771,19,56,1,2,5,0.1215686274509804,1.0,0.0,0.0,0.0,0.0,0.0,0.0,0.0
772,772,19,63,2,3,3,0.0392156862745098,0.0,1.0,0.0,0.0,0.0,0.0,0.0,0.0
773,773,19,64,1,2,3,0.0392156862745098,1.0,0.0,0.0,0.0,0.0,0.0,0.0,0.0
774,774,19,64,4,5,1,0.5254901960784313,0.0,0.0,0.0,1.0,0.0,0.0,0.0,0.0
775,775,19,65,3,4,1,0.5254901960784313,0.0,0.0,1.0,0.0,0.0,0.0,0.0,0.0
776,776,19,66,2,3,2,0.596078431372549,0.0,1.0,0.0,0.0,0.0,0.0,0.0,0.0
777,777,19,67,1,2,2,0.596078431372549,1.0,0.0,0.0,0.0,0.0,0.0,0.0,0.0
778,778,19,71,2,3,3,0.1725490196078431,0.0,1.0,0.0,0.0,0.0,0.0,0.0,0.0
779,779,19,72,1,2,3,0.1725490196078431,1.0,0.0,0.0,0.0,0.0,0.0,0.0,0.0
780,780,19,72,2,3,24,0.8862745098039215,0.0,1.0,0.0,0.0,0.0,0.0,0.0,0.0
781,781,19,73,1,2,24,0.8862745098039215,1.0,0.0,0.0,0.0,0.0,0.0,0.0,0.0
782,782,19,73,4,5,2,0.8470588235294118,0.0,0.0,0.0,1.0,0.0,0.0,0.0,0.0
783,783,19,74,2,3,3,0.2627450980392157,0.0,1.0,0.0,0.0,0.0,0.0,0.0,0.0
784,784,19,74,3,4,2,0.8470588235294118,0.0,0.0,1.0,0.0,0.0,0.0,0.0,0.0
785,785,19,75,1,2,3,0.2627450980392157,1.0,0.0,0.0,0.0,0.0,0.0,0.0,0.0
786,786,19,79,2,3,3,0.6352941176470586,0.0,1.0,0.0,0.0,0.0,0.0,0.0,0.0
787,787,19,80,1,2,3,0.6352941176470586,1.0,0.0,0.0,0.0,0.0,0.0,0.0,0.0
788,788,20,8,2,3,4,0.8745098039215687,0.0,1.0,0.0,0.0,0.0,0.0,0.0,0.0
789,789,20,9,1,2,4,0.8745098039215687,1.0,0.0,0.0,0.0,0.0,0.0,0.0,0.0
790,790,20,14,4,5,3,0.7999999999999999,0.0,0.0,0.0,1.0,0.0,0.0,0.0,0.0
791,791,20,15,3,4,3,0.7999999999999999,0.0,0.0,1.0,0.0,0.0,0.0,0.0,0.0
792,792,20,22,2,3,3,0.2588235294117646,0.0,1.0,0.0,0.0,0.0,0.0,0.0,0.0
793,793,20,23,1,2,3,0.2588235294117646,1.0,0.0,0.0,0.0,0.0,0.0,0.0,0.0
794,794,20,33,2,3,1,0.3411764705882353,0.0,1.0,0.0,0.0,0.0,0.0,0.0,0.0
795,795,20,34,1,2,1,0.3411764705882353,1.0,0.0,0.0,0.0,0.0,0.0,0.0,0.0
796,796,20,35,2,3,3,0.5098039215686274,0.0,1.0,0.0,0.0,0.0,0.0,0.0,0.0
797,797,20,36,1,2,3,0.5098039215686274,1.0,0.0,0.0,0.0,0.0,0.0,0.0,0.0
798,798,20,36,2,3,4,0.8196078431372548,0.0,1.0,0.0,0.0,0.0,0.0,0.0,0.0
799,799,20,37,1,2,4,0.8196078431372548,1.0,0.0,0.0,0.0,0.0,0.0,0.0,0.0
800,800,20,37,4,5,1,0.8980392156862746,0.0,0.0,0.0,1.0,0.0,0.0,0.0,0.0
801,801,20,38,3,4,1,0.8980392156862746,0.0,0.0,1.0,0.0,0.0,0.0,0.0,0.0
802,802,20,50,2,3,3,0.564705882352941,0.0,1.0,0.0,0.0,0.0,0.0,0.0,0.0
803,803,20,51,1,2,3,0.564705882352941,1.0,0.0,0.0,0.0,0.0,0.0,0.0,0.0
804,804,20,64,2,3,1,0.5254901960784313,0.0,1.0,0.0,0.0,0.0,0.0,0.0,0.0
805,805,20,65,1,2,1,0.5254901960784313,1.0,0.0,0.0,0.0,0.0,0.0,0.0,0.0
806,806,20,71,4,5,1,0.5294117647058822,0.0,0.0,0.0,1.0,0.0,0.0,0.0,0.0
807,807,20,72,3,4,1,0.5294117647058822,0.0,0.0,1.0,0.0,0.0,0.0,0.0,0.0
808,808,20,73,2,3,2,0.8470588235294118,0.0,1.0,0.0,0.0,0.0,0.0,0.0,0.0
809,809,20,74,1,2,2,0.8470588235294118,1.0,0.0,0.0,0.0,0.0,0.0,0.0,0.0
810,810,20,78,4,5,3,0.1647058823529411,0.0,0.0,0.0,1.0,0.0,0.0,0.0,0.0
811,811,20,79,3,4,3,0.1647058823529411,0.0,0.0,1.0,0.0,0.0,0.0,0.0,0.0
812,812,21,8,4,5,1,0.4784313725490195,0.0,0.0,0.0,1.0,0.0,0.0,0.0,0.0
813,813,21,9,3,4,1,0.4784313725490195,0.0,0.0,1.0,0.0,0.0,0.0,0.0,0.0
814,814,21,13,4,5,3,0.2431372549019607,0.0,0.0,0.0,1.0,0.0,0.0,0.0,0.0
815,815,21,14,2,3,3,0.7999999999999999,0.0,1.0,0.0,0.0,0.0,0.0,0.0,0.0
816,816,21,14,3,4,3,0.2431372549019607,0.0,0.0,1.0,0.0,0.0,0.0,0.0,0.0
817,817,21,15,1,2,3,0.7999999999999999,1.0,0.0,0.0,0.0,0.0,0.0,0.0,0.0
818,818,21,36,4,5,6,0.4352941176470587,0.0,0.0,0.0,1.0,0.0,0.0,0.0,0.0
819,819,21,37,2,3,1,0.8980392156862746,0.0,1.0,0.0,0.0,0.0,0.0,0.0,0.0
820,820,21,37,3,4,6,0.4352941176470587,0.0,0.0,1.0,0.0,0.0,0.0,0.0,0.0
821,821,21,37,4,5,2,0.7215686274509803,0.0,0.0,0.0,1.0,0.0,0.0,0.0,0.0
822,822,21,38,1,2,1,0.8980392156862746,1.0,0.0,0.0,0.0,0.0,0.0,0.0,0.0
823,823,21,38,3,4,2,0.7215686274509803,0.0,0.0,1.0,0.0,0.0,0.0,0.0,0.0
824,824,21,39,4,5,1,0.8392156862745099,0.0,0.0,0.0,1.0,0.0,0.0,0.0,0.0
825,825,21,40,3,4,1,0.8392156862745099,0.0,0.0,1.0,0.0,0.0,0.0,0.0,0.0
826,826,21,43,4,5,2,0.4666666666666666,0.0,0.0,0.0,1.0,0.0,0.0,0.0,0.0
827,827,21,44,3,4,2,0.4666666666666666,0.0,0.0,1.0,0.0,0.0,0.0,0.0,0.0
828,828,21,44,4,5,2,0.5411764705882351,0.0,0.0,0.0,1.0,0.0,0.0,0.0,0.0
829,829,21,45,3,4,2,0.5411764705882351,0.0,0.0,1.0,0.0,0.0,0.0,0.0,0.0
830,830,21,71,2,3,1,0.5294117647058822,0.0,1.0,0.0,0.0,0.0,0.0,0.0,0.0
831,831,21,72,1,2,1,0.5294117647058822,1.0,0.0,0.0,0.0,0.0,0.0,0.0,0.0
832,832,21,78,2,3,3,0.1647058823529411,0.0,1.0,0.0,0.0,0.0,0.0,0.0,0.0
833,833,21,79,1,2,3,0.1647058823529411,1.0,0.0,0.0,0.0,0.0,0.0,0.0,0.0
834,834,21,79,4,5,2,0.7725490196078431,0.0,0.0,0.0,1.0,0.0,0.0,0.0,0.0
835,835,21,80,3,4,2,0.7725490196078431,0.0,0.0,1.0,0.0,0.0,0.0,0.0,0.0
836,836,22,8,2,3,1,0.4784313725490195,0.0,1.0,0.0,0.0,0.0,0.0,0.0,0.0
837,837,22,9,1,2,1,0.4784313725490195,1.0,0.0,0.0,0.0,0.0,0.0,0.0,0.0
838,838,22,13,2,3,3,0.2431372549019607,0.0,1.0,0.0,0.0,0.0,0.0,0.0,0.0
839,839,22,14,1,2,3,0.2431372549019607,1.0,0.0,0.0,0.0,0.0,0.0,0.0,0.0
840,840,22,34,4,5,3,0.3686274509803922,0.0,0.0,0.0,1.0,0.0,0.0,0.0,0.0
841,841,22,35,3,4,3,0.3686274509803922,0.0,0.0,1.0,0.0,0.0,0.0,0.0,0.0
842,842,22,36,2,3,6,0.4352941176470587,0.0,1.0,0.0,0.0,0.0,0.0,0.0,0.0
843,843,22,37,1,2,6,0.4352941176470587,1.0,0.0,0.0,0.0,0.0,0.0,0.0,0.0
844,844,22,37,2,3,2,0.7215686274509803,0.0,1.0,0.0,0.0,0.0,0.0,0.0,0.0
845,845,22,38,1,2,2,0.7215686274509803,1.0,0.0,0.0,0.0,0.0,0.0,0.0,0.0
846,846,22,39,2,3,1,0.8392156862745099,0.0,1.0,0.0,0.0,0.0,0.0,0.0,0.0
847,847,22,40,1,2,1,0.8392156862745099,1.0,0.0,0.0,0.0,0.0,0.0,0.0,0.0
848,848,22,43,2,3,2,0.4666666666666666,0.0,1.0,0.0,0.0,0.0,0.0,0.0,0.0
849,849,22,44,1,2,2,0.4666666666666666,1.0,0.0,0.0,0.0,0.0,0.0,0.0,0.0
850,850,22,44,2,3,2,0.5411764705882351,0.0,1.0,0.0,0.0,0.0,0.0,0.0,0.0
851,851,22,45,1,2,2,0.5411764705882351,1.0,0.0,0.0,0.0,0.0,0.0,0.0,0.0
852,852,22,49,4,5,1,0.7176470588235294,0.0,0.0,0.0,1.0,0.0,0.0,0.0,0.0
853,853,22,50,3,4,1,0.7176470588235294,0.0,0.0,1.0,0.0,0.0,0.0,0.0,0.0
854,854,22,79,2,3,2,0.7725490196078431,0.0,1.0,0.0,0.0,0.0,0.0,0.0,0.0
855,855,22,80,1,2,2,0.7725490196078431,1.0,0.0,0.0,0.0,0.0,0.0,0.0,0.0
856,856,22,91,4,5,3,0.0431372549019607,0.0,0.0,0.0,1.0,0.0,0.0,0.0,0.0
857,857,22,92,3,4,3,0.0431372549019607,0.0,0.0,1.0,0.0,0.0,0.0,0.0,0.0
858,858,23,34,2,3,3,0.3686274509803922,0.0,1.0,0.0,0.0,0.0,0.0,0.0,0.0
859,859,23,35,1,2,3,0.3686274509803922,1.0,0.0,0.0,0.0,0.0,0.0,0.0,0.0
860,860,23,49,2,3,1,0.7176470588235294,0.0,1.0,0.0,0.0,0.0,0.0,0.0,0.0
861,861,23,50,1,2,1,0.7176470588235294,1.0,0.0,0.0,0.0,0.0,0.0,0.0,0.0
862,862,23,91,2,3,3,0.0431372549019607,0.0,1.0,0.0,0.0,0.0,0.0,0.0,0.0
863,863,23,92,1,2,3,0.0431372549019607,1.0,0.0,0.0,0.0,0.0,0.0,0.0,0.0
864,864,24,7,4,5,1,0.6235294117647057,0.0,0.0,0.0,1.0,0.0,0.0,0.0,0.0
865,865,24,8,3,4,1,0.6235294117647057,0.0,0.0,1.0,0.0,0.0,0.0,0.0,0.0
866,866,24,13,4,5,3,0.8274509803921568,0.0,0.0,0.0,1.0,0.0,0.0,0.0,0.0
867,867,24,14,3,4,3,0.8274509803921568,0.0,0.0,1.0,0.0,0.0,0.0,0.0,0.0
868,868,24,65,4,5,2,0.1607843137254902,0.0,0.0,0.0,1.0,0.0,0.0,0.0,0.0
869,869,24,66,3,4,2,0.1607843137254902,0.0,0.0,1.0,0.0,0.0,0.0,0.0,0.0
870,870,24,81,4,5,1,0.1490196078431372,0.0,0.0,0.0,1.0,0.0,0.0,0.0,0.0
871,871,24,82,3,4,1,0.1490196078431372,0.0,0.0,1.0,0.0,0.0,0.0,0.0,0.0
872,872,25,7,2,3,1,0.6235294117647057,0.0,1.0,0.0,0.0,0.0,0.0,0.0,0.0
873,873,25,8,1,2,1,0.6235294117647057,1.0,0.0,0.0,0.0,0.0,0.0,0.0,0.0
874,874,25,13,2,3,3,0.8274509803921568,0.0,1.0,0.0,0.0,0.0,0.0,0.0,0.0
875,875,25,14,1,2,3,0.8274509803921568,1.0,0.0,0.0,0.0,0.0,0.0,0.0,0.0
876,876,25,31,4,5,1,0.8705882352941176,0.0,0.0,0.0,1.0,0.0,0.0,0.0,0.0
877,877,25,32,3,4,1,0.8705882352941176,0.0,0.0,1.0,0.0,0.0,0.0,0.0,0.0
878,878,25,48,4,5,1,0.8352941176470589,0.0,0.0,0.0,1.0,0.0,0.0,0.0,0.0
879,879,25,49,3,4,1,0.8352941176470589,0.0,0.0,1.0,0.0,0.0,0.0,0.0,0.0
880,880,25,61,4,5,1,0.0313725490196078,0.0,0.0,0.0,1.0,0.0,0.0,0.0,0.0
881,881,25,62,3,4,1,0.0313725490196078,0.0,0.0,1.0,0.0,0.0,0.0,0.0,0.0
882,882,25,65,2,3,2,0.1607843137254902,0.0,1.0,0.0,0.0,0.0,0.0,0.0,0.0
883,883,25,66,1,2,2,0.1607843137254902,1.0,0.0,0.0,0.0,0.0,0.0,0.0,0.0
884,884,25,74,4,5,1,0.9254901960784314,0.0,0.0,0.0,1.0,0.0,0.0,0.0,0.0
885,885,25,75,3,4,1,0.9254901960784314,0.0,0.0,1.0,0.0,0.0,0.0,0.0,0.0
886,886,25,81,2,3,1,0.1490196078431372,0.0,1.0,0.0,0.0,0.0,0.0,0.0,0.0
887,887,25,82,1,2,1,0.1490196078431372,1.0,0.0,0.0,0.0,0.0,0.0,0.0,0.0
888,888,26,31,2,3,1,0.8705882352941176,0.0,1.0,0.0,0.0,0.0,0.0,0.0,0.0
889,889,26,32,1,2,1,0.8705882352941176,1.0,0.0,0.0,0.0,0.0,0.0,0.0,0.0
890,890,26,36,4,5,1,0.5450980392156863,0.0,0.0,0.0,1.0,0.0,0.0,0.0,0.0
891,891,26,37,3,4,1,0.5450980392156863,0.0,0.0,1.0,0.0,0.0,0.0,0.0,0.0
892,892,26,37,4,5,2,0.6392156862745098,0.0,0.0,0.0,1.0,0.0,0.0,0.0,0.0
893,893,26,38,3,4,2,0.6392156862745098,0.0,0.0,1.0,0.0,0.0,0.0,0.0,0.0
894,894,26,48,2,3,1,0.8352941176470589,0.0,1.0,0.0,0.0,0.0,0.0,0.0,0.0
895,895,26,49,1,2,1,0.8352941176470589,1.0,0.0,0.0,0.0,0.0,0.0,0.0,0.0
896,896,26,61,2,3,1,0.0313725490196078,0.0,1.0,0.0,0.0,0.0,0.0,0.0,0.0
897,897,26,62,1,2,1,0.0313725490196078,1.0,0.0,0.0,0.0,0.0,0.0,0.0,0.0
898,898,26,74,2,3,1,0.9254901960784314,0.0,1.0,0.0,0.0,0.0,0.0,0.0,0.0
899,899,26,75,1,2,1,0.9254901960784314,1.0,0.0,0.0,0.0,0.0,0.0,0.0,0.0
900,900,27,6,4,5,1,0.784313725490196,0.0,0.0,0.0,1.0,0.0,0.0,0.0,0.0
901,901,27,7,3,4,1,0.784313725490196,0.0,0.0,1.0,0.0,0.0,0.0,0.0,0.0
902,902,27,23,4,5,2,0.1999999999999999,0.0,0.0,0.0,1.0,0.0,0.0,0.0,0.0
903,903,27,24,3,4,2,0.1999999999999999,0.0,0.0,1.0,0.0,0.0,0.0,0.0,0.0
904,904,27,34,4,5,2,0.5725490196078431,0.0,0.0,0.0,1.0,0.0,0.0,0.0,0.0
905,905,27,35,3,4,2,0.5725490196078431,0.0,0.0,1.0,0.0,0.0,0.0,0.0,0.0
906,906,27,36,2,3,1,0.5450980392156863,0.0,1.0,0.0,0.0,0.0,0.0,0.0,0.0
907,907,27,37,1,2,1,0.5450980392156863,1.0,0.0,0.0,0.0,0.0,0.0,0.0,0.0
908,908,27,37,2,3,2,0.6392156862745098,0.0,1.0,0.0,0.0,0.0,0.0,0.0,0.0
909,909,27,38,1,2,2,0.6392156862745098,1.0,0.0,0.0,0.0,0.0,0.0,0.0,0.0
910,910,28,6,2,3,1,0.784313725490196,0.0,1.0,0.0,0.0,0.0,0.0,0.0,0.0
911,911,28,7,1,2,1,0.784313725490196,1.0,0.0,0.0,0.0,0.0,0.0,0.0,0.0
912,912,28,23,2,3,2,0.1999999999999999,0.0,1.0,0.0,0.0,0.0,0.0,0.0,0.0
913,913,28,24,1,2,2,0.1999999999999999,1.0,0.0,0.0,0.0,0.0,0.0,0.0,0.0
914,914,28,34,2,3,2,0.5725490196078431,0.0,1.0,0.0,0.0,0.0,0.0,0.0,0.0
915,915,28,35,1,2,2,0.5725490196078431,1.0,0.0,0.0,0.0,0.0,0.0,0.0,0.0
916,916,28,38,4,5,1,0.4901960784313725,0.0,0.0,0.0,1.0,0.0,0.0,0.0,0.0
917,917,28,39,3,4,1,0.4901960784313725,0.0,0.0,1.0,0.0,0.0,0.0,0.0,0.0
918,918,28,85,4,5,1,0.7568627450980393,0.0,0.0,0.0,1.0,0.0,0.0,0.0,0.0
919,919,28,86,3,4,1,0.7568627450980393,0.0,0.0,1.0,0.0,0.0,0.0,0.0,0.0
920,920,29,38,2,3,1,0.4901960784313725,0.0,1.0,0.0,0.0,0.0,0.0,0.0,0.0
921,921,29,39,1,2,1,0.4901960784313725,1.0,0.0,0.0,0.0,0.0,0.0,0.0,0.0
922,922,29,85,2,3,1,0.7568627450980393,0.0,1.0,0.0,0.0,0.0,0.0,0.0,0.0
923,923,29,86,1,2,1,0.7568627450980393,1.0,0.0,0.0,0.0,0.0,0.0,0.0,0.0
