path,line,voltage_v,current_reading,current_read_attempts,current_read_warning,measured_current_mA,current_std_mA,current_sample_1_mA,current_sample_2_mA,current_sample_3_mA,current_sample_4_mA,current_sample_5_mA,current_sample_6_mA,current_sample_7_mA,current_sample_8_mA,current_sample_9_mA,current_sample_10_mA,expected_current_mA,relative_current_error,relative_current_std,voltage_before,voltage_after,current_layer,voltage,min_check_voltage,current_mA
results\ColumnPhaseOptimize\run_20260609_162958\heater_update_snapshots.csv,76,0.000000000000,-0.265659815558,4,,,,,,,,,,,,,,,,,,,,,,
results\ColumnPhaseOptimize\run_20260609_162958\heater_update_snapshots.csv,204,0.000000000000,-0.001710388351,1,,,,,,,,,,,,,,,,,,,,,,
results\ColumnPhaseOptimize\run_20260609_162958\heater_update_snapshots.csv,332,0.000000000000,-0.001702185049,1,,,,,,,,,,,,,,,,,,,,,,
results\ColumnPhaseOptimize\run_20260609_162958\heater_update_snapshots.csv,460,0.000000000000,-0.001710388351,1,,,,,,,,,,,,,,,,,,,,,,
results\ColumnPhaseOptimize\run_20260609_162958\heater_update_snapshots.csv,588,0.000000000000,-0.001726794954,2,,,,,,,,,,,,,,,,,,,,,,
results\ColumnPhaseOptimize\run_20260609_162958\heater_update_snapshots.csv,716,0.000000000000,-0.001718591652,1,,,,,,,,,,,,,,,,,,,,,,
results\ColumnPhaseOptimize\run_20260609_162958\heater_update_snapshots.csv,844,0.000000000000,-0.001743201556,1,,,,,,,,,,,,,,,,,,,,,,
results\ColumnPhaseOptimize\run_20260609_162958\heater_update_snapshots.csv,972,0.000000000000,-0.001726794954,1,,,,,,,,,,,,,,,,,,,,,,
results\ColumnPhaseOptimize\run_20260609_162958\heater_update_snapshots.csv,1100,0.000000000000,-0.001743201556,1,,,,,,,,,,,,,,,,,,,,,,
results\ColumnPhaseOptimize\run_20260609_162958\heater_update_snapshots.csv,1228,0.000000000000,-0.001734998255,1,,,,,,,,,,,,,,,,,,,,,,
results\ColumnPhaseOptimize\run_20260609_162958\heater_update_snapshots.csv,1356,0.000000000000,-0.001718591652,1,,,,,,,,,,,,,,,,,,,,,,
results\ColumnPhaseOptimize\run_20260609_162958\heater_update_snapshots.csv,1484,0.000000000000,-0.001710388351,1,,,,,,,,,,,,,,,,,,,,,,
results\ColumnPhaseOptimize\run_20260609_162958\heater_update_snapshots.csv,1612,0.000000000000,-0.001734998255,1,,,,,,,,,,,,,,,,,,,,,,
results\ColumnPhaseOptimize\run_20260609_162958\heater_update_snapshots.csv,1740,0.000000000000,-0.001751404858,1,,,,,,,,,,,,,,,,,,,,,,
results\ColumnPhaseOptimize\run_20260609_162958\heater_update_snapshots.csv,1868,0.000000000000,-0.176211016631,2,,,,,,,,,,,,,,,,,,,,,,
results\ColumnPhaseOptimize\run_20260609_162958\heater_update_snapshots.csv,1996,0.000000000000,-0.001849844475,2,,,,,,,,,,,,,,,,,,,,,,
results\ColumnPhaseOptimize\run_20260609_162958\heater_update_snapshots.csv,2124,0.000000000000,-0.001718591652,1,,,,,,,,,,,,,,,,,,,,,,
results\ColumnPhaseOptimize\run_20260609_162958\heater_update_snapshots.csv,2252,0.000000000000,-0.001751404858,1,,,,,,,,,,,,,,,,,,,,,,
results\ColumnPhaseOptimize\run_20260609_162958\heater_update_snapshots.csv,2380,0.000000000000,-0.182511152139,2,,,,,,,,,,,,,,,,,,,,,,
results\ColumnPhaseOptimize\run_20260609_162958\heater_update_snapshots.csv,2508,0.000000000000,-0.001743201556,1,,,,,,,,,,,,,,,,,,,,,,
results\ColumnPhaseOptimize\run_20260609_162958\heater_update_snapshots.csv,2636,0.000000000000,-0.001734998255,1,,,,,,,,,,,,,,,,,,,,,,
results\ColumnPhaseOptimize\run_20260609_162958\heater_update_snapshots.csv,2764,0.000000000000,-0.002071333614,1,,,,,,,,,,,,,,,,,,,,,,
results\ColumnPhaseOptimize\run_20260609_162958\heater_update_snapshots.csv,2892,0.000000000000,-0.001702185049,1,,,,,,,,,,,,,,,,,,,,,,
results\ColumnPhaseOptimize\run_20260609_162958\heater_update_snapshots.csv,3020,0.000000000000,-0.001718591652,1,,,,,,,,,,,,,,,,,,,,,,
results\ColumnPhaseOptimize\run_20260609_162958\heater_update_snapshots.csv,3148,0.000000000000,-0.001833437872,2,,,,,,,,,,,,,,,,,,,,,,
results\ColumnPhaseOptimize\run_20260609_162958\heater_update_snapshots.csv,3276,0.000000000000,-0.001734998255,2,,,,,,,,,,,,,,,,,,,,,,
results\ColumnPhaseOptimize\run_20260609_162958\heater_update_snapshots.csv,3404,0.000000000000,-0.001743201556,1,,,,,,,,,,,,,,,,,,,,,,
results\ColumnPhaseOptimize\run_20260609_162958\heater_update_snapshots.csv,3532,0.000000000000,-0.001751404858,1,,,,,,,,,,,,,,,,,,,,,,
results\ColumnPhaseOptimize\run_20260609_162958\heater_update_snapshots.csv,3660,0.000000000000,-0.001751404858,1,,,,,,,,,,,,,,,,,,,,,,
results\ColumnPhaseOptimize\run_20260609_162958\heater_update_snapshots.csv,3788,0.000000000000,-0.001726794954,1,,,,,,,,,,,,,,,,,,,,,,
results\ColumnPhaseOptimize\run_20260609_162958\heater_update_snapshots.csv,3916,0.000000000000,-0.001858047777,1,,,,,,,,,,,,,,,,,,,,,,
results\ColumnPhaseOptimize\run_20260609_162958\heater_update_snapshots.csv,4044,0.000000000000,-0.001710388351,1,,,,,,,,,,,,,,,,,,,,,,
results\ColumnPhaseOptimize\run_20260609_162958\heater_update_snapshots.csv,4172,0.000000000000,-0.001718591652,1,,,,,,,,,,,,,,,,,,,,,,
results\ColumnPhaseOptimize\run_20260609_162958\heater_update_snapshots.csv,4300,0.000000000000,-0.001743201556,1,,,,,,,,,,,,,,,,,,,,,,
results\ColumnPhaseOptimize\run_20260609_162958\heater_update_snapshots.csv,4428,0.000000000000,-0.001726794954,1,,,,,,,,,,,,,,,,,,,,,,
results\ColumnPhaseOptimize\run_20260609_162958\heater_update_snapshots.csv,4556,0.000000000000,-0.001734998255,1,,,,,,,,,,,,,,,,,,,,,,
results\ColumnPhaseOptimize\run_20260609_162958\heater_update_snapshots.csv,4684,0.000000000000,-0.001899064284,1,,,,,,,,,,,,,,,,,,,,,,
results\ColumnPhaseOptimize\run_20260609_162958\heater_update_snapshots.csv,4812,0.000000000000,-0.001743201556,2,,,,,,,,,,,,,,,,,,,,,,
results\ColumnPhaseOptimize\run_20260609_162958\heater_update_snapshots.csv,4940,0.000000000000,-0.001743201556,1,,,,,,,,,,,,,,,,,,,,,,
results\ColumnPhaseOptimize\run_20260609_162958\heater_update_snapshots.csv,5068,0.000000000000,-0.001767811461,1,,,,,,,,,,,,,,,,,,,,,,
results\ColumnPhaseOptimize\run_20260609_162958\heater_update_snapshots.csv,5196,0.000000000000,-0.001743201556,1,,,,,,,,,,,,,,,,,,,,,,
results\ColumnPhaseOptimize\run_20260609_162958\heater_update_snapshots.csv,5324,0.000000000000,-0.001734998255,1,,,,,,,,,,,,,,,,,,,,,,
results\ColumnPhaseOptimize\run_20260609_162958\heater_update_snapshots.csv,5452,0.000000000000,-0.001743201556,1,,,,,,,,,,,,,,,,,,,,,,
results\ColumnPhaseOptimize\run_20260609_162958\heater_update_snapshots.csv,5580,0.000000000000,-0.001751404858,1,,,,,,,,,,,,,,,,,,,,,,
results\ColumnPhaseOptimize\run_20260609_162958\heater_update_snapshots.csv,5708,0.000000000000,-0.001743201556,1,,,,,,,,,,,,,,,,,,,,,,
results\ColumnPhaseOptimize\run_20260609_162958\heater_update_snapshots.csv,5836,0.000000000000,-0.001751404858,1,,,,,,,,,,,,,,,,,,,,,,
results\ColumnPhaseOptimize\run_20260609_162958\heater_update_snapshots.csv,5964,0.000000000000,-0.001743201556,1,,,,,,,,,,,,,,,,,,,,,,
results\ColumnPhaseOptimize\run_20260609_162958\heater_update_snapshots.csv,6092,0.000000000000,-0.001759608159,1,,,,,,,,,,,,,,,,,,,,,,
results\ColumnPhaseOptimize\run_20260609_162958\heater_update_snapshots.csv,6220,0.000000000000,-0.001718591652,1,,,,,,,,,,,,,,,,,,,,,,
results\ColumnPhaseOptimize\run_20260609_162958\heater_update_snapshots.csv,6348,0.000000000000,-0.001743201556,1,,,,,,,,,,,,,,,,,,,,,,
results\ColumnPhaseOptimize\run_20260609_162958\heater_update_snapshots.csv,6476,0.000000000000,-0.001743201556,1,,,,,,,,,,,,,,,,,,,,,,
results\ColumnPhaseOptimize\run_20260609_162958\heater_update_snapshots.csv,6604,0.000000000000,-0.001981097298,1,,,,,,,,,,,,,,,,,,,,,,
results\ColumnPhaseOptimize\run_20260609_162958\heater_update_snapshots.csv,6732,0.000000000000,-0.001989300600,1,,,,,,,,,,,,,,,,,,,,,,
results\ColumnPhaseOptimize\run_20260609_162958\heater_update_snapshots.csv,6860,0.000000000000,-0.001997503901,1,,,,,,,,,,,,,,,,,,,,,,
results\ColumnPhaseOptimize\run_20260609_162958\heater_update_snapshots.csv,6988,0.000000000000,-0.001767811461,1,,,,,,,,,,,,,,,,,,,,,,
results\ColumnPhaseOptimize\run_20260609_162958\heater_update_snapshots.csv,7116,0.000000000000,-0.001767811461,1,,,,,,,,,,,,,,,,,,,,,,
results\ColumnPhaseOptimize\run_20260609_162958\heater_update_snapshots.csv,7244,0.000000000000,-0.001759608159,2,,,,,,,,,,,,,,,,,,,,,,
results\ColumnPhaseOptimize\run_20260609_162958\heater_update_snapshots.csv,7372,0.000000000000,-0.001751404858,1,,,,,,,,,,,,,,,,,,,,,,
results\ColumnPhaseOptimize\run_20260609_162958\heater_update_snapshots.csv,7500,0.000000000000,-0.001767811461,1,,,,,,,,,,,,,,,,,,,,,,
results\ColumnPhaseOptimize\run_20260609_162958\heater_update_snapshots.csv,7628,0.000000000000,-0.001759608159,1,,,,,,,,,,,,,,,,,,,,,,
results\ColumnPhaseOptimize\run_20260609_162958\heater_update_snapshots.csv,7756,0.000000000000,-0.001734998255,1,,,,,,,,,,,,,,,,,,,,,,
results\ColumnPhaseOptimize\run_20260609_162958\heater_update_snapshots.csv,7884,0.000000000000,-0.001759608159,1,,,,,,,,,,,,,,,,,,,,,,
results\ColumnPhaseOptimize\run_20260609_162958\heater_update_snapshots.csv,8012,0.000000000000,-0.001759608159,1,,,,,,,,,,,,,,,,,,,,,,
results\ColumnPhaseOptimize\run_20260609_162958\heater_update_snapshots.csv,8140,0.000000000000,-0.001767811461,1,,,,,,,,,,,,,,,,,,,,,,
results\ColumnPhaseOptimize\run_20260609_162958\heater_update_snapshots.csv,8268,0.000000000000,-0.001759608159,2,,,,,,,,,,,,,,,,,,,,,,
results\ColumnPhaseOptimize\run_20260609_162958\heater_update_snapshots.csv,8396,0.000000000000,-0.001776014762,1,,,,,,,,,,,,,,,,,,,,,,
results\ColumnPhaseOptimize\run_20260609_162958\heater_update_snapshots.csv,8524,0.000000000000,-0.002087740217,1,,,,,,,,,,,,,,,,,,,,,,
results\ColumnPhaseOptimize\run_20260609_162958\heater_update_snapshots.csv,8652,0.000000000000,-0.001759608159,1,,,,,,,,,,,,,,,,,,,,,,
results\ColumnPhaseOptimize\run_20260609_162958\heater_update_snapshots.csv,8780,0.000000000000,-0.001759608159,1,,,,,,,,,,,,,,,,,,,,,,
results\ColumnPhaseOptimize\run_20260609_162958\heater_update_snapshots.csv,8908,0.000000000000,-0.001899064284,1,,,,,,,,,,,,,,,,,,,,,,
results\ColumnPhaseOptimize\run_20260609_162958\heater_update_snapshots.csv,9036,0.000000000000,-0.001833437872,1,,,,,,,,,,,,,,,,,,,,,,
results\ColumnPhaseOptimize\run_20260609_162958\heater_update_snapshots.csv,9164,0.000000000000,-0.001767811461,1,,,,,,,,,,,,,,,,,,,,,,
results\ColumnPhaseOptimize\run_20260609_162958\heater_update_snapshots.csv,9292,0.000000000000,-0.001776014762,1,,,,,,,,,,,,,,,,,,,,,,
results\ColumnPhaseOptimize\run_20260609_162958\heater_update_snapshots.csv,9420,0.000000000000,-0.001751404858,1,,,,,,,,,,,,,,,,,,,,,,
results\ColumnPhaseOptimize\run_20260609_162958\heater_update_snapshots.csv,9548,0.000000000000,-0.001776014762,1,,,,,,,,,,,,,,,,,,,,,,
results\ColumnPhaseOptimize\run_20260609_162958\heater_update_snapshots.csv,9676,0.000000000000,-0.001792421365,1,,,,,,,,,,,,,,,,,,,,,,
results\ColumnPhaseOptimize\run_20260609_162958\heater_update_snapshots.csv,9804,0.000000000000,-0.001759608159,2,,,,,,,,,,,,,,,,,,,,,,
results\ColumnPhaseOptimize\run_20260609_162958\heater_update_snapshots.csv,9932,0.000000000000,-0.001776014762,1,,,,,,,,,,,,,,,,,,,,,,
results\ColumnPhaseOptimize\run_20260609_162958\heater_update_snapshots.csv,10060,0.000000000000,-0.001767811461,1,,,,,,,,,,,,,,,,,,,,,,
results\ColumnPhaseOptimize\run_20260609_162958\heater_update_snapshots.csv,10188,0.000000000000,-0.001743201556,1,,,,,,,,,,,,,,,,,,,,,,
results\ColumnPhaseOptimize\run_20260609_162958\heater_update_snapshots.csv,10316,0.000000000000,-0.001759608159,1,,,,,,,,,,,,,,,,,,,,,,
results\ColumnPhaseOptimize\run_20260609_162958\heater_update_snapshots.csv,10444,0.000000000000,-0.001784218064,1,,,,,,,,,,,,,,,,,,,,,,
results\ColumnPhaseOptimize\run_20260609_162958\heater_update_snapshots.csv,10572,0.000000000000,-0.001784218064,1,,,,,,,,,,,,,,,,,,,,,,
results\ColumnPhaseOptimize\run_20260609_162958\heater_update_snapshots.csv,10700,0.000000000000,-0.001792421365,1,,,,,,,,,,,,,,,,,,,,,,
results\ColumnPhaseOptimize\run_20260609_162958\heater_update_snapshots.csv,10828,0.000000000000,-0.001702185049,1,,,,,,,,,,,,,,,,,,,,,,
results\ColumnPhaseOptimize\run_20260609_162958\heater_update_snapshots.csv,10956,0.000000000000,-0.001759608159,1,,,,,,,,,,,,,,,,,,,,,,
results\ColumnPhaseOptimize\run_20260609_162958\heater_update_snapshots.csv,11084,0.000000000000,-0.001776014762,1,,,,,,,,,,,,,,,,,,,,,,
results\ColumnPhaseOptimize\run_20260609_162958\heater_update_snapshots.csv,11212,0.000000000000,-0.001915470887,1,,,,,,,,,,,,,,,,,,,,,,
results\ColumnPhaseOptimize\run_20260609_162958\heater_update_snapshots.csv,11340,0.000000000000,-0.001751404858,1,,,,,,,,,,,,,,,,,,,,,,
results\ColumnPhaseOptimize\run_20260609_162958\heater_update_snapshots.csv,11468,0.000000000000,-0.001759608159,1,,,,,,,,,,,,,,,,,,,,,,
results\InputMZIResistanceCheck\run_20260723\all_128_port_currents.csv,76,4.332,,,,7.124028578362003,0.0,,,,,,,,,,,,,,,,,,,
results\InputMZIResistanceCheck\run_20260723\all_128_port_current_samples.csv,76,,,,,,,7.124028578362003,7.124028578362003,7.124028578362003,7.124028578362003,7.124028578362003,7.124028578362003,7.124028578362003,7.124028578362003,7.124028578362003,7.124028578362003,,,,,,,,,
results\InputMZIResistanceCheck\run_20260723\all_heater_current_diagnostics.csv,24,4.332,,,,7.124028578362003,0.0,,,,,,,,,,,7.988962576053296,-0.10826612209749358,0.0,,,,,,
results\InputMZIResistanceCheck\run_20260723\channel_3_4_path_heater_diagnostics.csv,9,4.332,,,,7.124028578362003,0.0,,,,,,,,,,,7.988962576053296,-0.10826612209749358,0.0,,,,,,
results\LayerwiseLossOptimize\run_20260615_175207\heater_update_log.csv,20,,,,,,,,,,,,,,,,,,,,4.293,4.318734816877368,3,,,
results\LayerwiseLossOptimize\run_20260615_175207\heater_update_log.csv,28,,,,,,,,,,,,,,,,,,,,4.319,4.319,3,,,
results\LayerwiseLossOptimize\run_20260615_175207\heater_update_log.csv,36,,,,,,,,,,,,,,,,,,,,4.319,4.404023190154716,3,,,
results\LayerwiseLossOptimize\run_20260615_175207\heater_update_log.csv,44,,,,,,,,,,,,,,,,,,,,4.404,4.404133487849082,3,,,
results\LayerwiseLossOptimize\run_20260615_175207\heater_update_log.csv,52,,,,,,,,,,,,,,,,,,,,4.404,4.404,3,,,
results\LayerwiseLossOptimize\run_20260615_175207\heater_update_log.csv,60,,,,,,,,,,,,,,,,,,,,4.404,4.416816545601647,3,,,
results\LayerwiseLossOptimize\run_20260615_175207\heater_update_log.csv,68,,,,,,,,,,,,,,,,,,,,4.417,4.417,3,,,
results\LayerwiseLossOptimize\run_20260615_175207\heater_update_log.csv,76,,,,,,,,,,,,,,,,,,,,4.417,4.41728290097784,3,,,
results\LayerwiseLossOptimize\run_20260615_175207\heater_update_log.csv,84,,,,,,,,,,,,,,,,,,,,4.417,4.417,3,,,
results\LayerwiseLossOptimize\run_20260615_175207\heater_update_log.csv,92,,,,,,,,,,,,,,,,,,,,4.417,4.417,3,,,
results\LayerwiseLossOptimize\run_20260615_231845\heater_update_log.csv,20,,,,,,,,,,,,,,,,,,,,3.502,3.502,3,,,
results\LayerwiseLossOptimize\run_20260615_231845\heater_update_log.csv,28,,,,,,,,,,,,,,,,,,,,3.502,3.503689557953868,3,,,
results\LayerwiseLossOptimize\run_20260615_231845\heater_update_log.csv,36,,,,,,,,,,,,,,,,,,,,3.504,3.504,3,,,
results\LayerwiseLossOptimize\run_20260615_231845\heater_update_log.csv,44,,,,,,,,,,,,,,,,,,,,3.504,3.504,3,,,
results\LayerwiseLossOptimize\run_20260615_231845\heater_update_log.csv,52,,,,,,,,,,,,,,,,,,,,3.504,3.504,3,,,
results\LayerwiseLossOptimize\run_20260615_231845\heater_update_log.csv,60,,,,,,,,,,,,,,,,,,,,3.504,3.5073980651333283,3,,,
results\LayerwiseLossOptimize\run_20260615_231845\heater_update_log.csv,68,,,,,,,,,,,,,,,,,,,,3.507,3.507,3,,,
results\LayerwiseLossOptimize\run_20260615_231845\heater_update_log.csv,76,,,,,,,,,,,,,,,,,,,,3.507,3.524295916382487,3,,,
results\LayerwiseLossOptimize\run_20260615_231845\heater_update_log.csv,84,,,,,,,,,,,,,,,,,,,,3.524,3.535231744089581,3,,,
results\LayerwiseLossOptimize\run_20260615_231845\heater_update_log.csv,92,,,,,,,,,,,,,,,,,,,,3.535,3.536552094575549,3,,,
results\LayerwiseLossOptimize\run_20260616_181448\heater_update_log.csv,92,,,,,,,,,,,,,,,,,,,,3.502,3.505312995691246,3,,,
results\LayerwiseLossOptimize\run_20260616_181448\heater_update_log.csv,100,,,,,,,,,,,,,,,,,,,,3.505,3.5083547406095543,3,,,
results\LayerwiseLossOptimize\run_20260616_181448\heater_update_log.csv,108,,,,,,,,,,,,,,,,,,,,3.508,3.5113486918492867,3,,,
results\LayerwiseLossOptimize\run_20260616_181448\heater_update_log.csv,116,,,,,,,,,,,,,,,,,,,,3.511,3.514321338484325,3,,,
results\LayerwiseLossOptimize\run_20260616_181448\heater_update_log.csv,124,,,,,,,,,,,,,,,,,,,,3.514,3.5172883726183093,3,,,
results\LayerwiseLossOptimize\run_20260616_181448\heater_update_log.csv,132,,,,,,,,,,,,,,,,,,,,3.517,3.5202624933664532,3,,,
results\LayerwiseLossOptimize\run_20260616_181448\heater_update_log.csv,140,,,,,,,,,,,,,,,,,,,,3.52,3.5231830922967693,3,,,
results\LayerwiseLossOptimize\run_20260616_181448\heater_update_log.csv,148,,,,,,,,,,,,,,,,,,,,3.523,3.526143448087858,3,,,
results\LayerwiseLossOptimize\run_20260616_181448\heater_update_log.csv,156,,,,,,,,,,,,,,,,,,,,3.526,3.529057549785734,3,,,
results\LayerwiseLossOptimize\run_20260616_181448\heater_update_log.csv,164,,,,,,,,,,,,,,,,,,,,3.529,3.5312168129459764,3,,,
results\LayerwiseLossOptimize\run_20260616_181448\heater_update_log.csv,172,,,,,,,,,,,,,,,,,,,,3.531,3.5337904505554443,3,,,
results\LayerwiseLossOptimize\run_20260616_181448\heater_update_log.csv,180,,,,,,,,,,,,,,,,,,,,3.534,3.5367166711829015,3,,,
results\LayerwiseLossOptimize\run_20260616_181448\heater_update_log.csv,188,,,,,,,,,,,,,,,,,,,,3.537,3.5396224713385056,3,,,
results\LayerwiseLossOptimize\run_20260616_181448\heater_update_log.csv,196,,,,,,,,,,,,,,,,,,,,3.54,3.542516969010777,3,,,
results\LayerwiseLossOptimize\run_20260616_181448\heater_update_log.csv,204,,,,,,,,,,,,,,,,,,,,3.543,3.5453377333315848,3,,,
results\LayerwiseLossOptimize\run_20260616_181448\upload_voltage_failure_log.csv,267,,,,,,,,,,,,,,,,,,,,,,,3.545,0.5,
results\LayerwiseLossOptimize\run_20260623_141324\upload_voltage_failure_log.csv,36,,,,,,,,,,,,,,,,,,,,,,,4.332,0.5,
results\LayerwiseLossOptimize\run_20260623_174638\heater_update_log.csv,108,,,,,,,,,,,,,,,,,,,,3.502,3.509516842945854,3,,,
results\LayerwiseLossOptimize\run_20260623_174638\heater_update_log.csv,116,,,,,,,,,,,,,,,,,,,,3.51,3.5175127679058997,3,,,
results\LayerwiseLossOptimize\run_20260623_174638\heater_update_log.csv,123,,,,,,,,,,,,,,,,,,,,3.518,3.518,3,,,
results\LayerwiseLossOptimize\run_20260623_174638\heater_update_log.csv,131,,,,,,,,,,,,,,,,,,,,3.518,3.525362746236165,3,,,
results\LayerwiseLossOptimize\run_20260623_174638\heater_update_log.csv,139,,,,,,,,,,,,,,,,,,,,3.525,3.5320371146536726,3,,,
results\LayerwiseLossOptimize\run_20260623_174638\heater_update_log.csv,148,,,,,,,,,,,,,,,,,,,,3.532,3.538646165815211,3,,,
results\LayerwiseLossOptimize\run_20260623_174638\heater_update_log.csv,155,,,,,,,,,,,,,,,,,,,,3.539,3.540643317421412,3,,,
results\LayerwiseLossOptimize\run_20260623_174638\heater_update_log.csv,164,,,,,,,,,,,,,,,,,,,,3.541,3.54667821109003,3,,,
results\LayerwiseLossOptimize\run_20260623_174638\heater_update_log.csv,171,,,,,,,,,,,,,,,,,,,,3.547,3.5520625615438433,3,,,
results\LayerwiseLossOptimize\run_20260623_174638\heater_update_log.csv,179,,,,,,,,,,,,,,,,,,,,3.552,3.556514690000382,3,,,
results\LayerwiseLossOptimize\run_20260623_174638\heater_update_log.csv,187,,,,,,,,,,,,,,,,,,,,3.557,3.5607996539895073,3,,,
results\LayerwiseLossOptimize\run_20260623_174638\heater_update_log.csv,196,,,,,,,,,,,,,,,,,,,,3.561,3.5651001348079743,3,,,
results\LayerwiseLossOptimize\run_20260623_174638\heater_update_log.csv,203,,,,,,,,,,,,,,,,,,,,3.565,3.5685313296108543,3,,,
results\LayerwiseLossOptimize\run_20260623_174638\heater_update_log.csv,211,,,,,,,,,,,,,,,,,,,,3.569,3.5720369631229003,3,,,
results\LayerwiseLossOptimize\run_20260623_174638\heater_update_log.csv,219,,,,,,,,,,,,,,,,,,,,3.572,3.574526491850286,3,,,
results\LayerwiseLossOptimize\run_20260701_170402_2x2\upload_voltage_failure_log.csv,36,,,,,,,,,,,,,,,,,,,,,,,4.332,0.5,
results\LayerwiseLossOptimize\run_20260702_092754\heater_update_log.csv,84,,,,,,,,,,,,,,,,,,,,4.293,4.298624302136369,3,,,
results\LayerwiseLossOptimize\run_20260702_092754\heater_update_log.csv,92,,,,,,,,,,,,,,,,,,,,4.299,4.3034173722840965,3,,,
results\LayerwiseLossOptimize\run_20260702_092754\heater_update_log.csv,100,,,,,,,,,,,,,,,,,,,,4.303,4.307573862693863,3,,,
results\LayerwiseLossOptimize\run_20260702_092754\heater_update_log.csv,107,,,,,,,,,,,,,,,,,,,,4.308,4.3119917901808025,3,,,
results\LayerwiseLossOptimize\run_20260702_092754\heater_update_log.csv,116,,,,,,,,,,,,,,,,,,,,4.312,4.315571549192808,3,,,
results\LayerwiseLossOptimize\run_20260702_092754\heater_update_log.csv,124,,,,,,,,,,,,,,,,,,,,4.316,4.316,3,,,
results\LayerwiseLossOptimize\run_20260702_092754\heater_update_log.csv,135,,,,,,,,,,,,,,,,,,,,4.316,4.318528745294206,3,,,
results\LayerwiseLossOptimize\run_20260702_092754\heater_update_log.csv,140,,,,,,,,,,,,,,,,,,,,4.319,4.319584854735145,3,,,
results\LayerwiseLossOptimize\run_20260702_092754\heater_update_log.csv,148,,,,,,,,,,,,,,,,,,,,4.32,4.322198218535559,3,,,
results\LayerwiseLossOptimize\run_20260702_092754\heater_update_log.csv,156,,,,,,,,,,,,,,,,,,,,4.322,4.3240336369720245,3,,,
results\LayerwiseLossOptimize\run_20260702_092754\heater_update_log.csv,164,,,,,,,,,,,,,,,,,,,,4.324,4.3259506240658085,3,,,
results\LayerwiseLossOptimize\run_20260702_092754\heater_update_log.csv,172,,,,,,,,,,,,,,,,,,,,4.326,4.327635202002907,3,,,
results\LayerwiseLossOptimize\run_20260702_092754\heater_update_log.csv,180,,,,,,,,,,,,,,,,,,,,4.328,4.3296075585369564,3,,,
results\LayerwiseLossOptimize\run_20260702_092754\heater_update_log.csv,188,,,,,,,,,,,,,,,,,,,,4.33,4.331535970870161,3,,,
results\LayerwiseLossOptimize\run_20260702_092754\heater_update_log.csv,197,,,,,,,,,,,,,,,,,,,,4.332,4.333348009090438,3,,,
results\LayerwiseLossOptimize\run_20260702_092754\heater_update_log.csv,204,,,,,,,,,,,,,,,,,,,,4.333,4.333596632196217,3,,,
results\LayerwiseLossOptimize\run_20260702_092754\heater_update_log.csv,212,,,,,,,,,,,,,,,,,,,,4.334,4.334147140251761,3,,,
results\LayerwiseLossOptimize\run_20260702_092754\heater_update_log.csv,220,,,,,,,,,,,,,,,,,,,,4.334,4.3351701009549455,3,,,
results\LayerwiseLossOptimize\run_20260702_092754\upload_voltage_failure_log.csv,231,,,,,,,,,,,,,,,,,,,,,,,4.33,0.5,
results\LayerwiseLossOptimize\run_20260702_092754\upload_voltage_failure_log.csv,248,,,,,,,,,,,,,,,,,,,,,,,4.333,0.5,-11.133647236066306
results\LayerwiseLossOptimize\run_20260702_092754\upload_voltage_failure_log.csv,310,,,,,,,,,,,,,,,,,,,,,,,4.334,0.5,
results\LayerwiseLossOptimize\run_20260703_092339_layer3_resume\heater_update_log.csv,4,,,,,,,,,,,,,,,,,,,,3.502,3.513118822256793,3,,,
results\LayerwiseLossOptimize\run_20260703_092339_layer3_resume\heater_update_log.csv,11,,,,,,,,,,,,,,,,,,,,3.513,3.5230423254207515,3,,,
results\LayerwiseLossOptimize\run_20260703_092339_layer3_resume\heater_update_log.csv,19,,,,,,,,,,,,,,,,,,,,3.523,3.532254213609897,3,,,
results\LayerwiseLossOptimize\run_20260703_092339_layer3_resume\heater_update_log.csv,27,,,,,,,,,,,,,,,,,,,,3.532,3.632,3,,,
results\LayerwiseLossOptimize\run_20260703_092339_layer3_resume\heater_update_log.csv,34,,,,,,,,,,,,,,,,,,,,3.632,3.6313392069859884,3,,,
results\LayerwiseLossOptimize\run_20260703_092339_layer3_resume\heater_update_log.csv,45,,,,,,,,,,,,,,,,,,,,3.631,3.631,3,,,
results\LayerwiseLossOptimize\run_20260703_092339_layer3_resume\heater_update_log.csv,56,,,,,,,,,,,,,,,,,,,,3.631,3.631,3,,,
results\LayerwiseLossOptimize\run_20260703_092339_layer3_resume\heater_update_log.csv,65,,,,,,,,,,,,,,,,,,,,3.631,3.631,3,,,
results\LayerwiseLossOptimize\run_20260703_092339_layer3_resume\heater_update_log.csv,71,,,,,,,,,,,,,,,,,,,,3.631,3.630997841630664,3,,,
results\LayerwiseLossOptimize\run_20260703_092339_layer3_resume\heater_update_log.csv,81,,,,,,,,,,,,,,,,,,,,3.631,3.631,3,,,
results\LayerwiseLossOptimize\run_20260703_092339_layer3_resume\upload_voltage_failure_log.csv,3,,,,,,,,,,,,,,,,,,,,,,,3.631,0.5,-0.12220868323663461
results\LayerwiseLossOptimize\run_20260704_064718\heater_update_log.csv,76,,,,,,,,,,,,,,,,,,,,3.502,3.512618463457352,3,,,
results\LayerwiseLossOptimize\run_20260704_064718\heater_update_log.csv,83,,,,,,,,,,,,,,,,,,,,3.513,3.522812593007878,3,,,
results\LayerwiseLossOptimize\run_20260704_064718\heater_update_log.csv,91,,,,,,,,,,,,,,,,,,,,3.523,3.531498630497806,3,,,
results\LayerwiseLossOptimize\run_20260704_064718\heater_update_log.csv,99,,,,,,,,,,,,,,,,,,,,3.531,3.5382226570734163,3,,,
results\LayerwiseLossOptimize\run_20260704_064718\heater_update_log.csv,107,,,,,,,,,,,,,,,,,,,,3.538,3.544324576209109,3,,,
results\LayerwiseLossOptimize\run_20260704_064718\heater_update_log.csv,115,,,,,,,,,,,,,,,,,,,,3.544,3.5492504111182663,3,,,
results\LayerwiseLossOptimize\run_20260704_064718\heater_update_log.csv,124,,,,,,,,,,,,,,,,,,,,3.549,3.5534798855597374,3,,,
results\LayerwiseLossOptimize\run_20260704_064718\heater_update_log.csv,132,,,,,,,,,,,,,,,,,,,,3.553,3.5569278790139216,3,,,
results\LayerwiseLossOptimize\run_20260704_064718\heater_update_log.csv,140,,,,,,,,,,,,,,,,,,,,3.557,3.5618810049942082,3,,,
results\LayerwiseLossOptimize\run_20260704_064718\heater_update_log.csv,147,,,,,,,,,,,,,,,,,,,,3.562,3.5682404231061313,3,,,
results\LayerwiseLossOptimize\run_20260704_064718\heater_update_log.csv,155,,,,,,,,,,,,,,,,,,,,3.568,3.572028802059802,3,,,
results\LayerwiseLossOptimize\run_20260704_064718\heater_update_log.csv,163,,,,,,,,,,,,,,,,,,,,3.572,3.574999956438722,3,,,
results\LayerwiseLossOptimize\run_20260704_064718\heater_update_log.csv,173,,,,,,,,,,,,,,,,,,,,3.575,3.5773701513520404,3,,,
results\LayerwiseLossOptimize\run_20260704_064718\heater_update_log.csv,180,,,,,,,,,,,,,,,,,,,,3.577,3.5789560095506854,3,,,
results\LayerwiseLossOptimize\run_20260704_064718\heater_update_log.csv,187,,,,,,,,,,,,,,,,,,,,3.579,3.5803941922210525,3,,,
results\LayerwiseLossOptimize\run_20260704_064718\upload_voltage_failure_log.csv,60,,,,,,,,,,,,,,,,,,,,,,,4.332,0.5,
results\LayerwiseLossOptimize\run_20260704_064718\upload_voltage_failure_log.csv,170,,,,,,,,,,,,,,,,,,,,,,,3.579,0.5,-0.12192977098759651
results\LayerwiseLossOptimize\run_20260705_112145\heater_update_log.csv,84,,,,,,,,,,,,,,,,,,,,3.502,3.51406537574513,3,,,
results\LayerwiseLossOptimize\run_20260705_112145\heater_update_log.csv,91,,,,,,,,,,,,,,,,,,,,3.514,3.5261469561265626,3,,,
results\LayerwiseLossOptimize\run_20260705_112145\heater_update_log.csv,99,,,,,,,,,,,,,,,,,,,,3.526,3.536817296406568,3,,,
results\LayerwiseLossOptimize\run_20260705_112145\heater_update_log.csv,107,,,,,,,,,,,,,,,,,,,,3.537,3.5418037295817872,3,,,
results\LayerwiseLossOptimize\run_20260705_112145\heater_update_log.csv,115,,,,,,,,,,,,,,,,,,,,3.542,3.55070538181285,3,,,
results\LayerwiseLossOptimize\run_20260705_112145\heater_update_log.csv,123,,,,,,,,,,,,,,,,,,,,3.551,3.5585256664183875,3,,,
results\LayerwiseLossOptimize\run_20260705_112145\heater_update_log.csv,131,,,,,,,,,,,,,,,,,,,,3.559,3.5650869719918137,3,,,
results\LayerwiseLossOptimize\run_20260705_112145\heater_update_log.csv,139,,,,,,,,,,,,,,,,,,,,3.565,3.5662109263568875,3,,,
results\LayerwiseLossOptimize\run_20260705_112145\heater_update_log.csv,148,,,,,,,,,,,,,,,,,,,,3.566,3.5678058150196263,3,,,
results\LayerwiseLossOptimize\run_20260705_112145\heater_update_log.csv,156,,,,,,,,,,,,,,,,,,,,3.568,3.568,3,,,
results\LayerwiseLossOptimize\run_20260705_112145\heater_update_log.csv,164,,,,,,,,,,,,,,,,,,,,3.568,3.569289503581126,3,,,
results\LayerwiseLossOptimize\run_20260705_112145\heater_update_log.csv,172,,,,,,,,,,,,,,,,,,,,3.569,3.5700476790454956,3,,,
results\LayerwiseLossOptimize\run_20260705_112145\heater_update_log.csv,181,,,,,,,,,,,,,,,,,,,,3.57,3.5700156587095924,3,,,
results\LayerwiseLossOptimize\run_20260705_112145\upload_voltage_failure_log.csv,111,,,,,,,,,,,,,,,,,,,,,,,3.551,0.5,
results\LayerwiseLossOptimize\run_20260706_085735\heater_update_log.csv,84,,,,,,,,,,,,,,,,,,,,3.502,3.5156600088656735,3,,,
results\LayerwiseLossOptimize\run_20260706_085735\heater_update_log.csv,91,,,,,,,,,,,,,,,,,,,,3.516,3.528496256873007,3,,,
results\LayerwiseLossOptimize\run_20260706_085735\heater_update_log.csv,99,,,,,,,,,,,,,,,,,,,,3.528,3.5386967686834563,3,,,
results\LayerwiseLossOptimize\run_20260706_085735\heater_update_log.csv,107,,,,,,,,,,,,,,,,,,,,3.539,3.547745669727215,3,,,
results\LayerwiseLossOptimize\run_20260706_085735\heater_update_log.csv,115,,,,,,,,,,,,,,,,,,,,3.548,3.5549489706256376,3,,,
results\LayerwiseLossOptimize\run_20260706_085735\heater_update_log.csv,125,,,,,,,,,,,,,,,,,,,,3.555,3.5622669107021174,3,,,
results\LayerwiseLossOptimize\run_20260706_085735\heater_update_log.csv,131,,,,,,,,,,,,,,,,,,,,3.562,3.5675089435730083,3,,,
results\LayerwiseLossOptimize\run_20260706_085735\heater_update_log.csv,139,,,,,,,,,,,,,,,,,,,,3.568,3.57207378415585,3,,,
results\LayerwiseLossOptimize\run_20260706_085735\heater_update_log.csv,148,,,,,,,,,,,,,,,,,,,,3.572,3.5739075187101945,3,,,
results\LayerwiseLossOptimize\run_20260706_085735\heater_update_log.csv,156,,,,,,,,,,,,,,,,,,,,3.574,3.5754584314953215,3,,,
results\LayerwiseLossOptimize\run_20260706_085735\heater_update_log.csv,164,,,,,,,,,,,,,,,,,,,,3.575,3.576140167311131,3,,,
results\LayerwiseLossOptimize\run_20260706_085735\heater_update_log.csv,172,,,,,,,,,,,,,,,,,,,,3.576,3.5768719188464373,3,,,
results\LayerwiseLossOptimize\run_20260706_085735\upload_voltage_failure_log.csv,452,,,,,,,,,,,,,,,,,,,,,,,3.577,0.5,
results\LayerwiseLossOptimize\run_20260716_224053\heater_update_log.csv,76,,,,,,,,,,,,,,,,,,,,4.155,4.216443902372682,3,,,
results\LayerwiseLossOptimize\run_20260716_224053\heater_update_log.csv,83,,,,,,,,,,,,,,,,,,,,4.216,4.249968597566989,3,,,
results\LayerwiseLossOptimize\run_20260716_224053\heater_update_log.csv,90,,,,,,,,,,,,,,,,,,,,4.25,4.265916936222443,3,,,
results\LayerwiseLossOptimize\run_20260716_224053\heater_update_log.csv,99,,,,,,,,,,,,,,,,,,,,4.266,4.274936994746096,3,,,
results\LayerwiseLossOptimize\run_20260716_224053\heater_update_log.csv,107,,,,,,,,,,,,,,,,,,,,4.275,4.276906592223172,3,,,
results\LayerwiseLossOptimize\run_20260716_224053\heater_update_log.csv,117,,,,,,,,,,,,,,,,,,,,4.277,4.282839991411499,3,,,
results\LayerwiseLossOptimize\run_20260716_224053\heater_update_log.csv,123,,,,,,,,,,,,,,,,,,,,4.283,4.2870359527934605,3,,,
results\LayerwiseLossOptimize\run_20260716_224053\heater_update_log.csv,132,,,,,,,,,,,,,,,,,,,,4.287,4.289552777241119,3,,,
results\LayerwiseLossOptimize\run_20260716_224053\heater_update_log.csv,139,,,,,,,,,,,,,,,,,,,,4.29,4.2979221807477455,3,,,
results\LayerwiseLossOptimize\run_20260716_224053\heater_update_log.csv,147,,,,,,,,,,,,,,,,,,,,4.298,4.30330471248112,3,,,
results\LayerwiseLossOptimize\run_20260716_224053\heater_update_log.csv,155,,,,,,,,,,,,,,,,,,,,4.303,4.3066848831904165,3,,,
results\LayerwiseLossOptimize\run_20260716_224053\heater_update_log.csv,163,,,,,,,,,,,,,,,,,,,,4.307,4.311120337533071,3,,,
results\LayerwiseLossOptimize\run_20260722_142903\heater_update_log.csv,20,,,,,,,,,,,,,,,,,,,,4.048,4.148,3,,,
results\LayerwiseLossOptimize\run_20260722_170042\heater_current_diagnostics\all_128_port_currents.csv,76,4.332,,,,7.127301736449911,0.0013092632351632716,,,,,,,,,,,,,,,,,,,
results\LayerwiseLossOptimize\run_20260722_170042\heater_current_diagnostics\all_128_port_current_samples.csv,76,,,,,,,7.127301736449911,7.127301736449911,7.127301736449911,7.124028578362003,7.127301736449911,,,,,,,,,,,,,,
results\LayerwiseLossOptimize\run_20260722_170042\heater_current_diagnostics\all_heater_current_diagnostics.csv,24,4.332,,,,7.127301736449911,0.0013092632351632716,,,,,,,,,,,7.988962576053296,-0.10785641206859453,0.00016388401155961773,,,,,,
results\LayerwiseLossOptimize\run_20260722_170042\heater_current_diagnostics\channel_3_4_path_heater_diagnostics.csv,9,4.332,,,,7.127301736449911,0.0013092632351632716,,,,,,,,,,,7.988962576053296,-0.10785641206859453,0.00016388401155961773,,,,,,
results\LayerwiseLossOptimizeBarInit\run_20260708_100039\heater_update_log.csv,108,,,,,,,,,,,,,,,,,,,,4.332,4.275196170373756,3,,,
results\LayerwiseLossOptimizeBarInit\run_20260708_100039\heater_update_log.csv,114,,,,,,,,,,,,,,,,,,,,4.275,4.175000000000001,3,,,
results\LayerwiseLossOptimizeBarInit\run_20260708_100039\heater_update_log.csv,123,,,,,,,,,,,,,,,,,,,,4.175,4.136231432218292,3,,,
results\LayerwiseLossOptimizeBarInit\run_20260708_100039\heater_update_log.csv,131,,,,,,,,,,,,,,,,,,,,4.136,4.116157226099956,3,,,
results\LayerwiseLossOptimizeBarInit\run_20260708_100039\heater_update_log.csv,142,,,,,,,,,,,,,,,,,,,,4.116,4.133105135780095,3,,,
results\LayerwiseLossOptimizeBarInit\run_20260708_100039\heater_update_log.csv,147,,,,,,,,,,,,,,,,,,,,4.133,4.120372139046968,3,,,
results\LayerwiseLossOptimizeBarInit\run_20260708_100039\heater_update_log.csv,155,,,,,,,,,,,,,,,,,,,,4.12,4.206673992666279,3,,,
results\LayerwiseLossOptimizeBarInit\run_20260708_100039\heater_update_log.csv,163,,,,,,,,,,,,,,,,,,,,4.207,4.141446266388815,3,,,
results\LayerwiseLossOptimizeBarInit\run_20260708_100039\heater_update_log.csv,170,,,,,,,,,,,,,,,,,,,,4.141,4.18969876117178,3,,,
results\LayerwiseLossOptimizeBarInit\run_20260708_100039\upload_voltage_failure_log.csv,358,,,,,,,,,,,,,,,,,,,,,,,4.19,0.5,
results\LayerwiseLossOptimizeBarInit\run_20260708_100039\upload_voltage_failure_log.csv,559,,,,,,,,,,,,,,,,,,,,,,,4.19,0.5,
